{
  "adv_t": [
    1, 
    4, 
    4, 
    0, 
    4, 
    3, 
    1
  ], 
  "adv_w": [
    1, 
    4, 
    4, 
    0, 
    4, 
    2, 
    1
  ], 
  "clfs": [
    "Decision Tree", 
    "Naive Bayes", 
    "Linear SVM", 
    "Neural Net", 
    "RBF SVM", 
    "Random Forest", 
    "Nearest Neighbors"
  ], 
  "mean": [
    0.7788197767145137, 
    0.9089473684210521, 
    0.9177113237639551, 
    0.4614114832535881, 
    0.8964274322169056, 
    0.8468261562998405, 
    0.8044178628389157
  ], 
  "parameters": {
    "cv_method": "k30", 
    "db": "balance", 
    "repetition": 1
  }, 
  "std": [
    0.07492963230661993, 
    0.03503737019437961, 
    0.05771092800795766, 
    0.009533249320941465, 
    0.034875129051514846, 
    0.06003063667761883, 
    0.05549665772269644
  ]
}