{
  "adv_t": [
    1, 
    6, 
    5, 
    0, 
    4, 
    3, 
    2
  ], 
  "adv_w": [
    1, 
    6, 
    5, 
    0, 
    4, 
    2, 
    2
  ], 
  "clfs": [
    "Decision Tree", 
    "Naive Bayes", 
    "Linear SVM", 
    "Neural Net", 
    "RBF SVM", 
    "Random Forest", 
    "Nearest Neighbors"
  ], 
  "mean": [
    0.7843133038420579, 
    0.8931176783812568, 
    0.8848099451134595, 
    0.46080117965102, 
    0.8694314737445727, 
    0.8384144343409519, 
    0.8217549356926354
  ], 
  "parameters": {
    "cv_method": "k2x5", 
    "db": "balance", 
    "repetition": 1
  }, 
  "std": [
    0.018677989615938227, 
    0.009098809979711783, 
    0.010866788211080822, 
    0.0007771633473011737, 
    0.010110777621116692, 
    0.01807785994941924, 
    0.01833788035043163
  ]
}