{
  "adv_t": [
    1, 
    4, 
    5, 
    0, 
    4, 
    3, 
    1
  ], 
  "adv_w": [
    1, 
    4, 
    5, 
    0, 
    4, 
    3, 
    1
  ], 
  "clfs": [
    "Decision Tree", 
    "Naive Bayes", 
    "Linear SVM", 
    "Neural Net", 
    "RBF SVM", 
    "Random Forest", 
    "Nearest Neighbors"
  ], 
  "mean": [
    0.7870765027322404, 
    0.9072794691647152, 
    0.9169867291178768, 
    0.4608222742648973, 
    0.8945563361956805, 
    0.8479989591465001, 
    0.8146383034087951
  ], 
  "parameters": {
    "cv_method": "k10", 
    "db": "balance", 
    "repetition": 4
  }, 
  "std": [
    0.03885058407219856, 
    0.01400862496443529, 
    0.022897271521280217, 
    0.0020938222640884702, 
    0.018034360946839866, 
    0.03453943778894015, 
    0.02659239976463826
  ]
}