{
  "adv_t": [
    2,
    4,
    1,
    2,
    0,
    4,
    4
  ],
  "adv_w": [
    2,
    4,
    1,
    3,
    0,
    4,
    4
  ],
  "clfs": [
    "Nearest Neighbors",
    "RBF SVM",
    "Decision Tree",
    "Random Forest",
    "Neural Net",
    "Naive Bayes",
    "Linear SVM"
  ],
  "mean": [
    0.8130498533724342,
    0.8934506353861194,
    0.7629081133919845,
    0.8487536656891498,
    0.46106549364613886,
    0.906373411534702,
    0.9171309872922777
  ],
  "parameters": {
    "cv_method": "k20",
    "db": "balance",
    "repetition": 7
  },
  "std": [
    0.04820304001593668,
    0.03930587463345681,
    0.05195382518891496,
    0.04349996646953271,
    0.0063847815604350724,
    0.026669403393084004,
    0.04806413337833778
  ]
}