{
  "adv_t": [
    1, 
    4, 
    4, 
    0, 
    3, 
    2, 
    1
  ], 
  "adv_w": [
    1, 
    5, 
    4, 
    0, 
    3, 
    2, 
    1
  ], 
  "clfs": [
    "Decision Tree", 
    "Naive Bayes", 
    "Linear SVM", 
    "Neural Net", 
    "RBF SVM", 
    "Random Forest", 
    "Nearest Neighbors"
  ], 
  "mean": [
    0.7718819776714513, 
    0.9107017543859645, 
    0.9178867623604464, 
    0.4614114832535881, 
    0.8914114832535883, 
    0.8554465709728866, 
    0.8124800637958531
  ], 
  "parameters": {
    "cv_method": "k30", 
    "db": "balance", 
    "repetition": 5
  }, 
  "std": [
    0.08579173531720714, 
    0.03561421844971295, 
    0.07068077102918788, 
    0.009533249320941465, 
    0.04427504067290188, 
    0.0813832701522229, 
    0.0882508499459719
  ]
}