{
  "adv_t": [
    1, 
    4, 
    4, 
    0, 
    4, 
    2, 
    1
  ], 
  "adv_w": [
    1, 
    4, 
    4, 
    0, 
    4, 
    2, 
    1
  ], 
  "clfs": [
    "Decision Tree", 
    "Naive Bayes", 
    "Linear SVM", 
    "Neural Net", 
    "RBF SVM", 
    "Random Forest", 
    "Nearest Neighbors"
  ], 
  "mean": [
    0.7864673046251992, 
    0.9097448165869216, 
    0.9162759170653908, 
    0.4614114832535881, 
    0.8984210526315787, 
    0.8509011164274322, 
    0.8130143540669855
  ], 
  "parameters": {
    "cv_method": "k30", 
    "db": "balance", 
    "repetition": 0
  }, 
  "std": [
    0.077035226813411, 
    0.029334443802333007, 
    0.06622236078056774, 
    0.009533249320941465, 
    0.03771575703048184, 
    0.06259686685695544, 
    0.08510862233057798
  ]
}