{
  "adv_t": [
    1, 
    4, 
    5, 
    0, 
    4, 
    2, 
    1
  ], 
  "adv_w": [
    1, 
    4, 
    4, 
    0, 
    3, 
    3, 
    1
  ], 
  "clfs": [
    "Decision Tree", 
    "Naive Bayes", 
    "Linear SVM", 
    "Neural Net", 
    "RBF SVM", 
    "Random Forest", 
    "Nearest Neighbors"
  ], 
  "mean": [
    0.7749310434556336, 
    0.9041321883944835, 
    0.9168032786885247, 
    0.4608222742648973, 
    0.8880483996877441, 
    0.8466224303929222, 
    0.8065703877179287
  ], 
  "parameters": {
    "cv_method": "k10", 
    "db": "balance", 
    "repetition": 8
  }, 
  "std": [
    0.045705032549204994, 
    0.01775679072258801, 
    0.02453718552968638, 
    0.0020938222640884702, 
    0.017954086155792384, 
    0.03614200904493835, 
    0.03188354568835178
  ]
}