{
  "adv_t": [
    2,
    4,
    1,
    3,
    0,
    5,
    4
  ],
  "adv_w": [
    2,
    4,
    1,
    3,
    0,
    5,
    4
  ],
  "clfs": [
    "Nearest Neighbors",
    "RBF SVM",
    "Decision Tree",
    "Random Forest",
    "Neural Net",
    "Naive Bayes",
    "Linear SVM"
  ],
  "mean": [
    0.8278293192430572,
    0.8777504710412058,
    0.7836896862455968,
    0.8377631686737118,
    0.46080117965102,
    0.8876843204718604,
    0.8893032686163675
  ],
  "parameters": {
    "cv_method": "k2x5",
    "db": "balance",
    "repetition": 9
  },
  "std": [
    0.00960470456848841,
    0.009407827385746026,
    0.013831100466437986,
    0.012750132747899066,
    0.0007771633473011737,
    0.011075967409929471,
    0.024302871767096383
  ]
}