{
  "adv_t": [
    1,
    4,
    1,
    3,
    0,
    4,
    4
  ],
  "adv_w": [
    1,
    4,
    1,
    3,
    0,
    4,
    4
  ],
  "clfs": [
    "Nearest Neighbors",
    "RBF SVM",
    "Decision Tree",
    "Random Forest",
    "Neural Net",
    "Naive Bayes",
    "Linear SVM"
  ],
  "mean": [
    0.7964809384164224,
    0.903093841642229,
    0.7857331378299122,
    0.8431476050830892,
    0.46106549364613886,
    0.9073362658846531,
    0.9162218963831867
  ],
  "parameters": {
    "cv_method": "k20",
    "db": "balance",
    "repetition": 8
  },
  "std": [
    0.04680197515824624,
    0.02737832877167361,
    0.06227695735705843,
    0.042721463715734966,
    0.0063847815604350724,
    0.022575967004548735,
    0.04531073829810134
  ]
}