{
  "adv_t": [
    1, 
    6, 
    5, 
    0, 
    4, 
    3, 
    2
  ], 
  "adv_w": [
    1, 
    6, 
    5, 
    0, 
    4, 
    3, 
    2
  ], 
  "clfs": [
    "Decision Tree", 
    "Naive Bayes", 
    "Linear SVM", 
    "Neural Net", 
    "RBF SVM", 
    "Random Forest", 
    "Nearest Neighbors"
  ], 
  "mean": [
    0.7673619644466291, 
    0.8931238223969855, 
    0.8758468501679364, 
    0.5059934873433276, 
    0.8627222085688541, 
    0.8396821495863029, 
    0.8214559269271728
  ], 
  "parameters": {
    "cv_method": "k2x5", 
    "db": "balance", 
    "repetition": 4
  }, 
  "std": [
    0.018152320176078453, 
    0.016590553580275922, 
    0.01340339336795273, 
    0.1431715544195297, 
    0.0145743886867948, 
    0.010341902633621626, 
    0.01602767795983492
  ]
}