{
  "adv_t": [
    1, 
    5, 
    5, 
    0, 
    4, 
    3, 
    1
  ], 
  "adv_w": [
    1, 
    5, 
    5, 
    0, 
    4, 
    3, 
    1
  ], 
  "clfs": [
    "Decision Tree", 
    "Naive Bayes", 
    "Linear SVM", 
    "Neural Net", 
    "RBF SVM", 
    "Random Forest", 
    "Nearest Neighbors"
  ], 
  "mean": [
    0.777607338017174, 
    0.9088667707520168, 
    0.9168032786885247, 
    0.4608222742648973, 
    0.886409055425449, 
    0.8577855841790267, 
    0.7968657298985167
  ], 
  "parameters": {
    "cv_method": "k10", 
    "db": "balance", 
    "repetition": 5
  }, 
  "std": [
    0.035751021078558175, 
    0.010028837969065651, 
    0.02453718552968638, 
    0.0020938222640884702, 
    0.017419635371359415, 
    0.027675891505691927, 
    0.03201605066029266
  ]
}