{
  "adv_t": [
    1, 
    5, 
    5, 
    0, 
    4, 
    2, 
    2
  ], 
  "adv_w": [
    1, 
    5, 
    5, 
    0, 
    4, 
    3, 
    2
  ], 
  "clfs": [
    "Decision Tree", 
    "Naive Bayes", 
    "Linear SVM", 
    "Neural Net", 
    "RBF SVM", 
    "Random Forest", 
    "Nearest Neighbors"
  ], 
  "mean": [
    0.7817748013434914, 
    0.8896002293765871, 
    0.8896073973949374, 
    0.5470631604816909, 
    0.8691345129843532, 
    0.8272087736544604, 
    0.8140851560579995
  ], 
  "parameters": {
    "cv_method": "k2x5", 
    "db": "balance", 
    "repetition": 2
  }, 
  "std": [
    0.014112745860945972, 
    0.013604802040620608, 
    0.01311451710502867, 
    0.18156885909375034, 
    0.01346524450610591, 
    0.018800566945812214, 
    0.00847263705966576
  ]
}