{
  "adv_t": [
    1,
    4,
    1,
    2,
    0,
    4,
    4
  ],
  "adv_w": [
    1,
    4,
    1,
    3,
    0,
    4,
    5
  ],
  "clfs": [
    "Nearest Neighbors",
    "RBF SVM",
    "Decision Tree",
    "Random Forest",
    "Neural Net",
    "Naive Bayes",
    "Linear SVM"
  ],
  "mean": [
    0.8064663023679417,
    0.8943702836325788,
    0.7890853499869892,
    0.8320739005984906,
    0.4608222742648973,
    0.905560759823055,
    0.9167239136091597
  ],
  "parameters": {
    "cv_method": "k10",
    "db": "balance",
    "repetition": 9
  },
  "std": [
    0.03585142964581608,
    0.023999969253230002,
    0.03739692944086951,
    0.0197491121459646,
    0.0020938222640884702,
    0.011952719781023288,
    0.029033003527308882
  ]
}