{
  "adv_t": [
    2,
    4,
    1,
    3,
    0,
    4,
    4
  ],
  "adv_w": [
    2,
    4,
    1,
    3,
    0,
    4,
    4
  ],
  "clfs": [
    "Nearest Neighbors",
    "RBF SVM",
    "Decision Tree",
    "Random Forest",
    "Neural Net",
    "Naive Bayes",
    "Linear SVM"
  ],
  "mean": [
    0.8142179863147607,
    0.8997605083088954,
    0.7803763440860217,
    0.841686217008798,
    0.46106549364613886,
    0.9094037145650049,
    0.9161143695014664
  ],
  "parameters": {
    "cv_method": "k20",
    "db": "balance",
    "repetition": 6
  },
  "std": [
    0.051170957641654344,
    0.027189878056557922,
    0.052838811564957115,
    0.04544249472790108,
    0.0063847815604350724,
    0.020711021106630895,
    0.04729486266551688
  ]
}