{
  "adv_t": [
    1,
    4,
    1,
    2,
    0,
    4,
    4
  ],
  "adv_w": [
    1,
    4,
    1,
    3,
    0,
    4,
    4
  ],
  "clfs": [
    "Nearest Neighbors",
    "RBF SVM",
    "Decision Tree",
    "Random Forest",
    "Neural Net",
    "Naive Bayes",
    "Linear SVM"
  ],
  "mean": [
    0.8081738437001593,
    0.8963476874003187,
    0.7818421052631579,
    0.8497208931419455,
    0.4614114832535881,
    0.9099840510366823,
    0.9179505582137162
  ],
  "parameters": {
    "cv_method": "k30",
    "db": "balance",
    "repetition": 9
  },
  "std": [
    0.07892891954780341,
    0.045964537685203366,
    0.06880786717359684,
    0.0773120894946036,
    0.009533249320941465,
    0.030434205213485145,
    0.06302202251154918
  ]
}