{
  "adv_t": [
    1, 
    4, 
    4, 
    0, 
    4, 
    2, 
    1
  ], 
  "adv_w": [
    1, 
    4, 
    4, 
    0, 
    4, 
    2, 
    1
  ], 
  "clfs": [
    "Decision Tree", 
    "Naive Bayes", 
    "Linear SVM", 
    "Neural Net", 
    "RBF SVM", 
    "Random Forest", 
    "Nearest Neighbors"
  ], 
  "mean": [
    0.797878787878788, 
    0.9087081339712914, 
    0.9177990430622006, 
    0.4614114832535881, 
    0.9006539074960125, 
    0.8442743221690588, 
    0.8170175438596492
  ], 
  "parameters": {
    "cv_method": "k30", 
    "db": "balance", 
    "repetition": 8
  }, 
  "std": [
    0.08112355016220216, 
    0.034078922104609846, 
    0.06956683388644275, 
    0.009533249320941465, 
    0.043900344596587974, 
    0.07184725936778803, 
    0.0728262730831419
  ]
}