{
  "adv_t": [
    2,
    4,
    1,
    2,
    0,
    5,
    5
  ],
  "adv_w": [
    2,
    4,
    1,
    2,
    0,
    5,
    4
  ],
  "clfs": [
    "Nearest Neighbors",
    "RBF SVM",
    "Decision Tree",
    "Random Forest",
    "Neural Net",
    "Naive Bayes",
    "Linear SVM"
  ],
  "mean": [
    0.8208056852625545,
    0.8630416973867454,
    0.7731434832473171,
    0.8217713197345784,
    0.46080117965102,
    0.885762267551405,
    0.8873709756696979
  ],
  "parameters": {
    "cv_method": "k2x5",
    "db": "balance",
    "repetition": 6
  },
  "std": [
    0.021498416445266583,
    0.013026715637687335,
    0.02799006493979397,
    0.024099556189377487,
    0.0007771633473011737,
    0.014304648353276762,
    0.018266912973586402
  ]
}