{
  "adv_t": [
    2,
    4,
    1,
    2,
    0,
    4,
    4
  ],
  "adv_w": [
    2,
    4,
    1,
    3,
    0,
    5,
    5
  ],
  "clfs": [
    "Nearest Neighbors",
    "RBF SVM",
    "Decision Tree",
    "Random Forest",
    "Neural Net",
    "Naive Bayes",
    "Linear SVM"
  ],
  "mean": [
    0.816039552432995,
    0.8927556596409054,
    0.7662008847254749,
    0.8383164194639605,
    0.4608222742648973,
    0.907120739005985,
    0.9169320843091334
  ],
  "parameters": {
    "cv_method": "k10",
    "db": "balance",
    "repetition": 3
  },
  "std": [
    0.05649038289237035,
    0.020312013739764732,
    0.04529038596604804,
    0.05838239668648256,
    0.0020938222640884702,
    0.018556775716524945,
    0.047290042278184424
  ]
}