{
  "adv_t": [
    1, 
    4, 
    4, 
    0, 
    4, 
    2, 
    2
  ], 
  "adv_w": [
    1, 
    5, 
    4, 
    0, 
    4, 
    2, 
    2
  ], 
  "clfs": [
    "Decision Tree", 
    "Naive Bayes", 
    "Linear SVM", 
    "Neural Net", 
    "RBF SVM", 
    "Random Forest", 
    "Nearest Neighbors"
  ], 
  "mean": [
    0.7827511961722489, 
    0.9099840510366823, 
    0.9163636363636363, 
    0.4614114832535881, 
    0.9001754385964912, 
    0.8418102073365231, 
    0.8213875598086126
  ], 
  "parameters": {
    "cv_method": "k30", 
    "db": "balance", 
    "repetition": 9
  }, 
  "std": [
    0.08812683288776603, 
    0.030434205213485145, 
    0.06121944627475141, 
    0.009533249320941465, 
    0.0280326637482791, 
    0.049500053261395074, 
    0.05963143530472283
  ]
}