{
  "adv_t": [
    1, 
    4, 
    4, 
    0, 
    4, 
    3, 
    2
  ], 
  "adv_w": [
    1, 
    4, 
    4, 
    0, 
    4, 
    3, 
    2
  ], 
  "clfs": [
    "Decision Tree", 
    "Naive Bayes", 
    "Linear SVM", 
    "Neural Net", 
    "RBF SVM", 
    "Random Forest", 
    "Nearest Neighbors"
  ], 
  "mean": [
    0.7840009830425166, 
    0.8828756041615466, 
    0.8787212255263374, 
    0.46080117965102, 
    0.8732837716064553, 
    0.8342344556402065, 
    0.8246344310641435
  ], 
  "parameters": {
    "cv_method": "k2x5", 
    "db": "balance", 
    "repetition": 8
  }, 
  "std": [
    0.018111674984177005, 
    0.016990927326898345, 
    0.01753502306900434, 
    0.0007771633473011737, 
    0.010945242294028778, 
    0.007339552232639483, 
    0.012773285407832183
  ]
}