{
  "adv_t": [
    1, 
    4, 
    4, 
    0, 
    4, 
    3, 
    1
  ], 
  "adv_w": [
    1, 
    4, 
    4, 
    0, 
    4, 
    2, 
    1
  ], 
  "clfs": [
    "Decision Tree", 
    "Naive Bayes", 
    "Linear SVM", 
    "Neural Net", 
    "RBF SVM", 
    "Random Forest", 
    "Nearest Neighbors"
  ], 
  "mean": [
    0.7667937438905181, 
    0.9076392961876832, 
    0.9166764418377322, 
    0.46106549364613886, 
    0.8899120234604107, 
    0.8497165200391009, 
    0.8049755620723363
  ], 
  "parameters": {
    "cv_method": "k20", 
    "db": "balance", 
    "repetition": 9
  }, 
  "std": [
    0.06772243430274108, 
    0.020654357447199838, 
    0.04596956139307433, 
    0.0063847815604350724, 
    0.033723536380378026, 
    0.03224330328082744, 
    0.06569259390078705
  ]
}