{
  "adv_t": [
    1, 
    5, 
    4, 
    0, 
    4, 
    2, 
    2
  ], 
  "adv_w": [
    1, 
    5, 
    4, 
    0, 
    4, 
    1, 
    2
  ], 
  "clfs": [
    "Decision Tree", 
    "Naive Bayes", 
    "Linear SVM", 
    "Neural Net", 
    "RBF SVM", 
    "Random Forest", 
    "Nearest Neighbors"
  ], 
  "mean": [
    0.7721819447857786, 
    0.885762267551405, 
    0.8886376669124273, 
    0.46080117965102, 
    0.8646432374866881, 
    0.8201738756451216, 
    0.8208056852625545
  ], 
  "parameters": {
    "cv_method": "k2x5", 
    "db": "balance", 
    "repetition": 6
  }, 
  "std": [
    0.026295869729778185, 
    0.014304648353276762, 
    0.022767261202732553, 
    0.0007771633473011737, 
    0.013638265451558404, 
    0.026965829007543733, 
    0.021498416445266583
  ]
}