{
  "adv_t": [
    1,
    4,
    1,
    2,
    0,
    4,
    4
  ],
  "adv_w": [
    1,
    4,
    1,
    3,
    0,
    4,
    4
  ],
  "clfs": [
    "Nearest Neighbors",
    "RBF SVM",
    "Decision Tree",
    "Random Forest",
    "Neural Net",
    "Naive Bayes",
    "Linear SVM"
  ],
  "mean": [
    0.8111084529505581,
    0.9002631578947367,
    0.797232854864434,
    0.8491467304625199,
    0.4614114832535881,
    0.9089473684210522,
    0.9179505582137161
  ],
  "parameters": {
    "cv_method": "k30",
    "db": "balance",
    "repetition": 3
  },
  "std": [
    0.06877175646188695,
    0.035804250739043655,
    0.0716884998805491,
    0.06393764542287719,
    0.009533249320941465,
    0.03503737019437961,
    0.05663580550840655
  ]
}