{
  "adv_t": [
    1,
    4,
    1,
    2,
    0,
    4,
    4
  ],
  "adv_w": [
    1,
    4,
    1,
    2,
    0,
    4,
    4
  ],
  "clfs": [
    "Nearest Neighbors",
    "RBF SVM",
    "Decision Tree",
    "Random Forest",
    "Neural Net",
    "Naive Bayes",
    "Linear SVM"
  ],
  "mean": [
    0.8143597262952105,
    0.895464320625611,
    0.7853225806451614,
    0.8408748778103619,
    0.46106549364613886,
    0.9077370478983383,
    0.9167302052785924
  ],
  "parameters": {
    "cv_method": "k20",
    "db": "balance",
    "repetition": 2
  },
  "std": [
    0.0564871168570776,
    0.03457402869048586,
    0.06634813550660419,
    0.05508011153899205,
    0.0063847815604350724,
    0.022297954165144292,
    0.04426496042637837
  ]
}