{
  "adv_t": [
    2,
    4,
    1,
    2,
    0,
    4,
    4
  ],
  "adv_w": [
    2,
    4,
    1,
    3,
    0,
    4,
    4
  ],
  "clfs": [
    "Nearest Neighbors",
    "RBF SVM",
    "Decision Tree",
    "Random Forest",
    "Neural Net",
    "Naive Bayes",
    "Linear SVM"
  ],
  "mean": [
    0.8193540669856461,
    0.8973843700159488,
    0.7820334928229665,
    0.8434928229665072,
    0.4614114832535881,
    0.9084688995215308,
    0.9161244019138753
  ],
  "parameters": {
    "cv_method": "k30",
    "db": "balance",
    "repetition": 7
  },
  "std": [
    0.06468625031884748,
    0.04002442779484927,
    0.08680427789191962,
    0.0560608802597512,
    0.009533249320941465,
    0.02924757169924215,
    0.052712384160913485
  ]
}