{
  "adv_t": [
    1,
    4,
    1,
    2,
    0,
    4,
    4
  ],
  "adv_w": [
    1,
    4,
    1,
    3,
    0,
    4,
    4
  ],
  "clfs": [
    "Nearest Neighbors",
    "RBF SVM",
    "Decision Tree",
    "Random Forest",
    "Neural Net",
    "Naive Bayes",
    "Linear SVM"
  ],
  "mean": [
    0.8116666666666666,
    0.8883732057416267,
    0.7810685805422648,
    0.8494736842105263,
    0.4614114832535881,
    0.9069537480063794,
    0.9166666666666665
  ],
  "parameters": {
    "cv_method": "k30",
    "db": "balance",
    "repetition": 5
  },
  "std": [
    0.058051050307065,
    0.029563549396739483,
    0.08748225485206496,
    0.058981524162037086,
    0.009533249320941465,
    0.03673980558966147,
    0.059602294968419255
  ]
}