{
  "adv_t": [
    1,
    4,
    1,
    3,
    0,
    4,
    4
  ],
  "adv_w": [
    1,
    4,
    1,
    3,
    0,
    4,
    4
  ],
  "clfs": [
    "Nearest Neighbors",
    "RBF SVM",
    "Decision Tree",
    "Random Forest",
    "Neural Net",
    "Naive Bayes",
    "Linear SVM"
  ],
  "mean": [
    0.7981818181818182,
    0.9049601275917065,
    0.7867065390749601,
    0.849944178628389,
    0.4614114832535881,
    0.9087081339712916,
    0.9159489633173845
  ],
  "parameters": {
    "cv_method": "k30",
    "db": "balance",
    "repetition": 2
  },
  "std": [
    0.07685342355687638,
    0.029896876379989126,
    0.07107116082871177,
    0.05272485335306954,
    0.009533249320941465,
    0.033359008617599065,
    0.07125906363408493
  ]
}