{
  "adv_t": [
    1, 
    4, 
    4, 
    0, 
    4, 
    2, 
    1
  ], 
  "adv_w": [
    1, 
    4, 
    4, 
    0, 
    4, 
    3, 
    2
  ], 
  "clfs": [
    "Decision Tree", 
    "Naive Bayes", 
    "Linear SVM", 
    "Neural Net", 
    "RBF SVM", 
    "Random Forest", 
    "Nearest Neighbors"
  ], 
  "mean": [
    0.7740664711632455, 
    0.9097605083088955, 
    0.9167741935483873, 
    0.46106549364613886, 
    0.896373411534702, 
    0.8534506353861195, 
    0.8183088954056699
  ], 
  "parameters": {
    "cv_method": "k20", 
    "db": "balance", 
    "repetition": 1
  }, 
  "std": [
    0.07967948966156906, 
    0.02954634274880339, 
    0.051797168349732574, 
    0.0063847815604350724, 
    0.027206083959096277, 
    0.03996457301639696, 
    0.05437264562123158
  ]
}