{
  "adv_t": [
    1, 
    5, 
    4, 
    0, 
    4, 
    3, 
    2
  ], 
  "adv_w": [
    1, 
    5, 
    4, 
    0, 
    4, 
    3, 
    2
  ], 
  "clfs": [
    "Decision Tree", 
    "Naive Bayes", 
    "Linear SVM", 
    "Neural Net", 
    "RBF SVM", 
    "Random Forest", 
    "Nearest Neighbors"
  ], 
  "mean": [
    0.7692829933644629, 
    0.8870340788072417, 
    0.8902422790202342, 
    0.600087040222823, 
    0.8736022364217252, 
    0.8355103629065288, 
    0.8179200458753175
  ], 
  "parameters": {
    "cv_method": "k2x5", 
    "db": "balance", 
    "repetition": 7
  }, 
  "std": [
    0.015129772973999658, 
    0.012301951715036537, 
    0.024803352729811726, 
    0.2239059868591985, 
    0.008127830831973428, 
    0.01904823437918116, 
    0.01192490981806413
  ]
}