{
  "adv_t": [
    1, 
    4, 
    4, 
    0, 
    4, 
    2, 
    2
  ], 
  "adv_w": [
    1, 
    4, 
    4, 
    0, 
    4, 
    3, 
    2
  ], 
  "clfs": [
    "Decision Tree", 
    "Naive Bayes", 
    "Linear SVM", 
    "Neural Net", 
    "RBF SVM", 
    "Random Forest", 
    "Nearest Neighbors"
  ], 
  "mean": [
    0.7775953079178886, 
    0.9060703812316717, 
    0.9161143695014665, 
    0.46106549364613886, 
    0.8951612903225807, 
    0.8503665689149562, 
    0.81930596285435
  ], 
  "parameters": {
    "cv_method": "k20", 
    "db": "balance", 
    "repetition": 6
  }, 
  "std": [
    0.05341393079661747, 
    0.02677983563999367, 
    0.05011306740139339, 
    0.0063847815604350724, 
    0.033435680472620986, 
    0.046471010166484195, 
    0.06560957474146152
  ]
}