{
  "adv_t": [
    1,
    4,
    1,
    2,
    0,
    4,
    4
  ],
  "adv_w": [
    1,
    4,
    1,
    2,
    0,
    4,
    4
  ],
  "clfs": [
    "Nearest Neighbors",
    "RBF SVM",
    "Decision Tree",
    "Random Forest",
    "Neural Net",
    "Naive Bayes",
    "Linear SVM"
  ],
  "mean": [
    0.8171309872922778,
    0.8936999022482894,
    0.7818377321603129,
    0.8425415444770286,
    0.46106549364613886,
    0.9075855327468231,
    0.9168719452590421
  ],
  "parameters": {
    "cv_method": "k20",
    "db": "balance",
    "repetition": 1
  },
  "std": [
    0.07035681005043438,
    0.027469969535556835,
    0.08268511212508936,
    0.04573265601876321,
    0.0063847815604350724,
    0.02364505632724119,
    0.043740924525434405
  ]
}