{
  "adv_t": [
    2,
    4,
    1,
    3,
    0,
    5,
    5
  ],
  "adv_w": [
    2,
    4,
    1,
    3,
    0,
    5,
    5
  ],
  "clfs": [
    "Nearest Neighbors",
    "RBF SVM",
    "Decision Tree",
    "Random Forest",
    "Neural Net",
    "Naive Bayes",
    "Linear SVM"
  ],
  "mean": [
    0.8217549356926354,
    0.8713535266650283,
    0.784955353485705,
    0.8403344392561646,
    0.46080117965102,
    0.8931176783812568,
    0.8918642991726058
  ],
  "parameters": {
    "cv_method": "k2x5",
    "db": "balance",
    "repetition": 1
  },
  "std": [
    0.01833788035043163,
    0.010845185771260967,
    0.018927009917987698,
    0.02554629628569104,
    0.0007771633473011737,
    0.009098809979711783,
    0.017479383443883018
  ]
}