{
  "adv_t": [
    2,
    4,
    1,
    3,
    0,
    4,
    4
  ],
  "adv_w": [
    1,
    4,
    1,
    3,
    0,
    4,
    4
  ],
  "clfs": [
    "Nearest Neighbors",
    "RBF SVM",
    "Decision Tree",
    "Random Forest",
    "Neural Net",
    "Naive Bayes",
    "Linear SVM"
  ],
  "mean": [
    0.8032456140350875,
    0.904481658692185,
    0.7717224880382777,
    0.8534529505582137,
    0.4614114832535881,
    0.90822966507177,
    0.9152392344497607
  ],
  "parameters": {
    "cv_method": "k30",
    "db": "balance",
    "repetition": 0
  },
  "std": [
    0.07362680841491204,
    0.026621785431313952,
    0.06497966904251656,
    0.06243991271731204,
    0.009533249320941465,
    0.030519337859247073,
    0.053306451126087624
  ]
}