{
  "adv_t": [
    1, 
    4, 
    4, 
    0, 
    4, 
    3, 
    1
  ], 
  "adv_w": [
    1, 
    5, 
    4, 
    0, 
    4, 
    3, 
    1
  ], 
  "clfs": [
    "Decision Tree", 
    "Naive Bayes", 
    "Linear SVM", 
    "Neural Net", 
    "RBF SVM", 
    "Random Forest", 
    "Nearest Neighbors"
  ], 
  "mean": [
    0.7921610845295057, 
    0.9107017543859645, 
    0.9177990430622007, 
    0.4614114832535881, 
    0.8989872408293459, 
    0.8630303030303029, 
    0.8210765550239233
  ], 
  "parameters": {
    "cv_method": "k30", 
    "db": "balance", 
    "repetition": 2
  }, 
  "std": [
    0.07644026219508025, 
    0.03561421844971295, 
    0.06314869466472607, 
    0.009533249320941465, 
    0.037340541160994445, 
    0.07158397774702707, 
    0.08474994357927736
  ]
}