{
  "adv_t": [
    1,
    4,
    1,
    2,
    0,
    4,
    4
  ],
  "adv_w": [
    1,
    4,
    1,
    3,
    0,
    4,
    4
  ],
  "clfs": [
    "Nearest Neighbors",
    "RBF SVM",
    "Decision Tree",
    "Random Forest",
    "Neural Net",
    "Naive Bayes",
    "Linear SVM"
  ],
  "mean": [
    0.7984283112151964,
    0.8897150663544104,
    0.7855932864949258,
    0.8431056466302367,
    0.4608222742648973,
    0.9072547488940932,
    0.9152706219099661
  ],
  "parameters": {
    "cv_method": "k10",
    "db": "balance",
    "repetition": 1
  },
  "std": [
    0.048925071215289495,
    0.018395725042253452,
    0.039603929542086046,
    0.03213923383794266,
    0.0020938222640884702,
    0.016312303994031416,
    0.031856553307542335
  ]
}