{
  "adv_t": [
    1, 
    4, 
    5, 
    0, 
    4, 
    3, 
    1
  ], 
  "adv_w": [
    1, 
    4, 
    4, 
    0, 
    4, 
    3, 
    1
  ], 
  "clfs": [
    "Decision Tree", 
    "Naive Bayes", 
    "Linear SVM", 
    "Neural Net", 
    "RBF SVM", 
    "Random Forest", 
    "Nearest Neighbors"
  ], 
  "mean": [
    0.7854740957966765, 
    0.9059188660801564, 
    0.9163636363636364, 
    0.46106549364613886, 
    0.8948582600195504, 
    0.8498142717497557, 
    0.8081476050830891
  ], 
  "parameters": {
    "cv_method": "k20", 
    "db": "balance", 
    "repetition": 5
  }, 
  "std": [
    0.04945681781477251, 
    0.02289762180492325, 
    0.037481488995265495, 
    0.0063847815604350724, 
    0.025071087769314167, 
    0.03702584503742765, 
    0.0621711660753711
  ]
}