{
  "adv_t": [
    1,
    4,
    1,
    3,
    0,
    4,
    4
  ],
  "adv_w": [
    2,
    4,
    1,
    3,
    0,
    4,
    4
  ],
  "clfs": [
    "Nearest Neighbors",
    "RBF SVM",
    "Decision Tree",
    "Random Forest",
    "Neural Net",
    "Naive Bayes",
    "Linear SVM"
  ],
  "mean": [
    0.8002791068580543,
    0.896754385964912,
    0.7747527910685806,
    0.8405422647527911,
    0.4614114832535881,
    0.9095055821371612,
    0.9157974481658694
  ],
  "parameters": {
    "cv_method": "k30",
    "db": "balance",
    "repetition": 1
  },
  "std": [
    0.06837979527741532,
    0.03810272352148406,
    0.06783242605709712,
    0.056349313997689,
    0.009533249320941465,
    0.023559928612458057,
    0.06984669725342489
  ]
}