{
  "adv_t": [
    1, 
    5, 
    5, 
    0, 
    4, 
    2, 
    1
  ], 
  "adv_w": [
    1, 
    4, 
    5, 
    0, 
    4, 
    3, 
    1
  ], 
  "clfs": [
    "Decision Tree", 
    "Naive Bayes", 
    "Linear SVM", 
    "Neural Net", 
    "RBF SVM", 
    "Random Forest", 
    "Nearest Neighbors"
  ], 
  "mean": [
    0.7974535679374392, 
    0.9077908113391986, 
    0.9165786901270774, 
    0.46106549364613886, 
    0.8915249266862173, 
    0.8391104594330404, 
    0.8048338220918868
  ], 
  "parameters": {
    "cv_method": "k20", 
    "db": "balance", 
    "repetition": 3
  }, 
  "std": [
    0.06964945928336266, 
    0.024877946310075033, 
    0.032131133560296274, 
    0.0063847815604350724, 
    0.024516929462352156, 
    0.05394406603796514, 
    0.06451129953502598
  ]
}