{
  "adv_t": [
    1, 
    4, 
    4, 
    0, 
    4, 
    2, 
    1
  ], 
  "adv_w": [
    1, 
    4, 
    4, 
    0, 
    4, 
    2, 
    1
  ], 
  "clfs": [
    "Decision Tree", 
    "Naive Bayes", 
    "Linear SVM", 
    "Neural Net", 
    "RBF SVM", 
    "Random Forest", 
    "Nearest Neighbors"
  ], 
  "mean": [
    0.7800195503421312, 
    0.9078445747800588, 
    0.9167839687194526, 
    0.46106549364613886, 
    0.8946089931573804, 
    0.8455718475073317, 
    0.8130596285434997
  ], 
  "parameters": {
    "cv_method": "k20", 
    "db": "balance", 
    "repetition": 7
  }, 
  "std": [
    0.05582858651533377, 
    0.02670012844341008, 
    0.05339264295378817, 
    0.0063847815604350724, 
    0.030718756359398285, 
    0.044752279705851564, 
    0.046857447641596876
  ]
}