{
  "adv_t": [
    1,
    4,
    1,
    2,
    0,
    4,
    4
  ],
  "adv_w": [
    1,
    4,
    1,
    2,
    0,
    4,
    4
  ],
  "clfs": [
    "Nearest Neighbors",
    "RBF SVM",
    "Decision Tree",
    "Random Forest",
    "Neural Net",
    "Naive Bayes",
    "Linear SVM"
  ],
  "mean": [
    0.815087719298246,
    0.8921212121212122,
    0.7719617224880384,
    0.8176395534290273,
    0.4614114832535881,
    0.9099840510366822,
    0.9157097288676235
  ],
  "parameters": {
    "cv_method": "k30",
    "db": "balance",
    "repetition": 8
  },
  "std": [
    0.08175411323540366,
    0.033533982142213425,
    0.07543559546380826,
    0.05387511649893399,
    0.009533249320941465,
    0.033425754455831895,
    0.06839873313401759
  ]
}