{
  "adv_t": [
    1,
    4,
    1,
    2,
    0,
    4,
    4
  ],
  "adv_w": [
    1,
    3,
    1,
    2,
    0,
    4,
    4
  ],
  "clfs": [
    "Nearest Neighbors",
    "RBF SVM",
    "Decision Tree",
    "Random Forest",
    "Neural Net",
    "Naive Bayes",
    "Linear SVM"
  ],
  "mean": [
    0.8127361436377829,
    0.8945290137913089,
    0.7855685662243037,
    0.8432370543845954,
    0.4608222742648973,
    0.9055880822274265,
    0.916751236013531
  ],
  "parameters": {
    "cv_method": "k10",
    "db": "balance",
    "repetition": 0
  },
  "std": [
    0.029376786793289984,
    0.01626085070785027,
    0.03294747592260151,
    0.03637264503761453,
    0.0020938222640884702,
    0.026479934958502722,
    0.03737412639075072
  ]
}