{
  "adv_t": [
    1, 
    4, 
    4, 
    0, 
    4, 
    3, 
    1
  ], 
  "adv_w": [
    1, 
    4, 
    4, 
    0, 
    4, 
    3, 
    1
  ], 
  "clfs": [
    "Decision Tree", 
    "Naive Bayes", 
    "Linear SVM", 
    "Neural Net", 
    "RBF SVM", 
    "Random Forest", 
    "Nearest Neighbors"
  ], 
  "mean": [
    0.7918181818181818, 
    0.9099840510366822, 
    0.9168421052631578, 
    0.4614114832535881, 
    0.9004146730462517, 
    0.852177033492823, 
    0.814792663476874
  ], 
  "parameters": {
    "cv_method": "k30", 
    "db": "balance", 
    "repetition": 4
  }, 
  "std": [
    0.06971645672419041, 
    0.031221632289800974, 
    0.06778303069121072, 
    0.009533249320941465, 
    0.035190601767645185, 
    0.05547964298607263, 
    0.08541112550804053
  ]
}