{
  "adv_t": [
    2,
    4,
    1,
    3,
    0,
    5,
    5
  ],
  "adv_w": [
    2,
    4,
    1,
    3,
    0,
    5,
    4
  ],
  "clfs": [
    "Nearest Neighbors",
    "RBF SVM",
    "Decision Tree",
    "Random Forest",
    "Neural Net",
    "Naive Bayes",
    "Linear SVM"
  ],
  "mean": [
    0.8192010731547473,
    0.8704073482428116,
    0.7833691734250838,
    0.8425647169656754,
    0.46080117965102,
    0.888327394118129,
    0.8883212501024003
  ],
  "parameters": {
    "cv_method": "k2x5",
    "db": "balance",
    "repetition": 5
  },
  "std": [
    0.009185423950908019,
    0.015553315737445355,
    0.01772715059322818,
    0.006411777965911144,
    0.0007771633473011737,
    0.011240013905876952,
    0.017420997361096813
  ]
}