{
  "adv_t": [
    1,
    4,
    1,
    3,
    0,
    5,
    5
  ],
  "adv_w": [
    2,
    4,
    1,
    3,
    0,
    5,
    5
  ],
  "clfs": [
    "Nearest Neighbors",
    "RBF SVM",
    "Decision Tree",
    "Random Forest",
    "Neural Net",
    "Naive Bayes",
    "Linear SVM"
  ],
  "mean": [
    0.8141126723913608,
    0.8814610981004425,
    0.7902485037730939,
    0.8481030444964872,
    0.4608222742648973,
    0.9072001040853502,
    0.91672131147541
  ],
  "parameters": {
    "cv_method": "k10",
    "db": "balance",
    "repetition": 8
  },
  "std": [
    0.034668596231727,
    0.023582334258280904,
    0.025633256411688427,
    0.025486876014327517,
    0.0020938222640884702,
    0.016353448790289882,
    0.04475920035567166
  ]
}