{
  "adv_t": [
    1,
    3,
    1,
    2,
    0,
    3,
    4
  ],
  "adv_w": [
    2,
    3,
    1,
    2,
    0,
    4,
    4
  ],
  "clfs": [
    "Nearest Neighbors",
    "RBF SVM",
    "Decision Tree",
    "Random Forest",
    "Neural Net",
    "Naive Bayes",
    "Linear SVM"
  ],
  "mean": [
    0.8083957845433254,
    0.8929937548790008,
    0.7665729898516783,
    0.8451366120218579,
    0.4608222742648973,
    0.8994223263075721,
    0.9169867291178768
  ],
  "parameters": {
    "cv_method": "k10",
    "db": "balance",
    "repetition": 5
  },
  "std": [
    0.046120075178304534,
    0.01890367662963713,
    0.05107607900539472,
    0.05583304062523783,
    0.0020938222640884702,
    0.03210005431115968,
    0.022897271521280217
  ]
}