{
  "adv_t": [
    1, 
    4, 
    4, 
    0, 
    4, 
    2, 
    1
  ], 
  "adv_w": [
    1, 
    4, 
    4, 
    0, 
    4, 
    2, 
    2
  ], 
  "clfs": [
    "Decision Tree", 
    "Naive Bayes", 
    "Linear SVM", 
    "Neural Net", 
    "RBF SVM", 
    "Random Forest", 
    "Nearest Neighbors"
  ], 
  "mean": [
    0.7744497607655502, 
    0.9104625199362036, 
    0.9174960127591706, 
    0.4614114832535881, 
    0.9049601275917063, 
    0.8555342902711324, 
    0.8196411483253586
  ], 
  "parameters": {
    "cv_method": "k30", 
    "db": "balance", 
    "repetition": 6
  }, 
  "std": [
    0.08308326673186449, 
    0.033977155063422484, 
    0.05951927151796375, 
    0.009533249320941465, 
    0.03293726508448131, 
    0.053028446765086494, 
    0.08285743861292885
  ]
}