{
  "adv_t": [
    1, 
    5, 
    5, 
    0, 
    4, 
    3, 
    1
  ], 
  "adv_w": [
    1, 
    5, 
    4, 
    0, 
    4, 
    3, 
    1
  ], 
  "clfs": [
    "Decision Tree", 
    "Naive Bayes", 
    "Linear SVM", 
    "Neural Net", 
    "RBF SVM", 
    "Random Forest", 
    "Nearest Neighbors"
  ], 
  "mean": [
    0.7882216905901117, 
    0.910223285486443, 
    0.9167543859649122, 
    0.4614114832535881, 
    0.8956299840510363, 
    0.8537799043062202, 
    0.8027272727272727
  ], 
  "parameters": {
    "cv_method": "k30", 
    "db": "balance", 
    "repetition": 7
  }, 
  "std": [
    0.08664856542143047, 
    0.029965186886886742, 
    0.05718476410994949, 
    0.009533249320941465, 
    0.035041106364163695, 
    0.048817348528714694, 
    0.058599714432901066
  ]
}