{
  "adv_t": [
    1, 
    5, 
    5, 
    0, 
    4, 
    2, 
    1
  ], 
  "adv_w": [
    1, 
    5, 
    5, 
    0, 
    4, 
    2, 
    1
  ], 
  "clfs": [
    "Decision Tree", 
    "Naive Bayes", 
    "Linear SVM", 
    "Neural Net", 
    "RBF SVM", 
    "Random Forest", 
    "Nearest Neighbors"
  ], 
  "mean": [
    0.7845342180588082, 
    0.9056674473067916, 
    0.91704137392662, 
    0.4608222742648973, 
    0.889687743950039, 
    0.8370192557897476, 
    0.8148243559718968
  ], 
  "parameters": {
    "cv_method": "k10", 
    "db": "balance", 
    "repetition": 9
  }, 
  "std": [
    0.058199061662566186, 
    0.015623384777335424, 
    0.03301024854898246, 
    0.0020938222640884702, 
    0.01841233937161762, 
    0.02448363736847671, 
    0.05364141070793395
  ]
}