{
  "adv_t": [
    1, 
    4, 
    4, 
    0, 
    4, 
    3, 
    1
  ], 
  "adv_w": [
    1, 
    4, 
    4, 
    0, 
    3, 
    2, 
    1
  ], 
  "clfs": [
    "Decision Tree", 
    "Naive Bayes", 
    "Linear SVM", 
    "Neural Net", 
    "RBF SVM", 
    "Random Forest", 
    "Nearest Neighbors"
  ], 
  "mean": [
    0.7822898776997137, 
    0.8991868332032267, 
    0.9166991933385376, 
    0.4608222742648973, 
    0.896064272703617, 
    0.8527088212334114, 
    0.7978480353890188
  ], 
  "parameters": {
    "cv_method": "k10", 
    "db": "balance", 
    "repetition": 3
  }, 
  "std": [
    0.045762418610510204, 
    0.021457526562892758, 
    0.040440178574698615, 
    0.0020938222640884702, 
    0.01503212632190887, 
    0.03043828508132966, 
    0.04985943891358579
  ]
}