{
  "adv_t": [
    1, 
    4, 
    4, 
    0, 
    4, 
    3, 
    1
  ], 
  "adv_w": [
    1, 
    4, 
    3, 
    0, 
    3, 
    2, 
    1
  ], 
  "clfs": [
    "Decision Tree", 
    "Naive Bayes", 
    "Linear SVM", 
    "Neural Net", 
    "RBF SVM", 
    "Random Forest", 
    "Nearest Neighbors"
  ], 
  "mean": [
    0.7599089253187613, 
    0.9039214155607599, 
    0.9168826437678896, 
    0.4608222742648973, 
    0.8927582617746553, 
    0.8558808222742649, 
    0.8081850117096018
  ], 
  "parameters": {
    "cv_method": "k10", 
    "db": "balance", 
    "repetition": 1
  }, 
  "std": [
    0.04716778468722811, 
    0.013565679973922334, 
    0.03998405938458151, 
    0.0020938222640884702, 
    0.025091388823598727, 
    0.021990386691769403, 
    0.0306632621739252
  ]
}