{
  "adv_t": [
    1,
    4,
    1,
    2,
    0,
    4,
    4
  ],
  "adv_w": [
    1,
    4,
    1,
    1,
    0,
    3,
    4
  ],
  "clfs": [
    "Nearest Neighbors",
    "RBF SVM",
    "Decision Tree",
    "Random Forest",
    "Neural Net",
    "Naive Bayes",
    "Linear SVM"
  ],
  "mean": [
    0.812495446265938,
    0.8945290137913087,
    0.7903551912568305,
    0.854663023679417,
    0.4608222742648973,
    0.9039214155607599,
    0.916751236013531
  ],
  "parameters": {
    "cv_method": "k10",
    "db": "balance",
    "repetition": 6
  },
  "std": [
    0.0503300979103759,
    0.019400881776372385,
    0.0413826631434031,
    0.037633195961907395,
    0.0020938222640884702,
    0.015492486796307735,
    0.03955747395130901
  ]
}