{
  "adv_t": [
    1,
    4,
    1,
    3,
    0,
    5,
    5
  ],
  "adv_w": [
    1,
    4,
    1,
    3,
    0,
    5,
    5
  ],
  "clfs": [
    "Nearest Neighbors",
    "RBF SVM",
    "Decision Tree",
    "Random Forest",
    "Neural Net",
    "Naive Bayes",
    "Linear SVM"
  ],
  "mean": [
    0.8113570127504554,
    0.888073119958366,
    0.7841100702576111,
    0.8611163153786103,
    0.4608222742648973,
    0.9088667707520168,
    0.9185987509758002
  ],
  "parameters": {
    "cv_method": "k10",
    "db": "balance",
    "repetition": 4
  },
  "std": [
    0.027688542986625517,
    0.01791708452757058,
    0.058079997078145484,
    0.03241004459037426,
    0.0020938222640884702,
    0.014579318878725336,
    0.033728540547793374
  ]
}