{
  "adv_t": [
    1,
    4,
    1,
    3,
    0,
    5,
    5
  ],
  "adv_w": [
    1,
    4,
    1,
    3,
    0,
    5,
    5
  ],
  "clfs": [
    "Nearest Neighbors",
    "RBF SVM",
    "Decision Tree",
    "Random Forest",
    "Neural Net",
    "Naive Bayes",
    "Linear SVM"
  ],
  "mean": [
    0.8127028347996091,
    0.8899657869012708,
    0.7871945259042037,
    0.8518377321603129,
    0.46106549364613886,
    0.9080400782013685,
    0.916427174975562
  ],
  "parameters": {
    "cv_method": "k20",
    "db": "balance",
    "repetition": 4
  },
  "std": [
    0.046566456465184126,
    0.029705352904967005,
    0.0533783323393405,
    0.05038117257688413,
    0.0063847815604350724,
    0.02347613720195397,
    0.045703998844506426
  ]
}