{
  "adv_t": [
    2,
    4,
    1,
    3,
    0,
    5,
    4
  ],
  "adv_w": [
    1,
    3,
    0,
    1,
    0,
    3,
    4
  ],
  "clfs": [
    "Nearest Neighbors",
    "RBF SVM",
    "Decision Tree",
    "Random Forest",
    "Neural Net",
    "Naive Bayes",
    "Linear SVM"
  ],
  "mean": [
    0.8140851560579995,
    0.8710545178995657,
    0.7795353076103875,
    0.8351970181043663,
    0.5467436716637996,
    0.8896002293765871,
    0.8876781764561317
  ],
  "parameters": {
    "cv_method": "k2x5",
    "db": "balance",
    "repetition": 2
  },
  "std": [
    0.00847263705966576,
    0.013001820108990645,
    0.01574585911324888,
    0.018882563914148668,
    0.1808721818279068,
    0.013604802040620608,
    0.015063240951534374
  ]
}