{
  "adv_t": [
    1, 
    4, 
    4, 
    0, 
    4, 
    3, 
    2
  ], 
  "adv_w": [
    1, 
    4, 
    4, 
    0, 
    4, 
    2, 
    2
  ], 
  "clfs": [
    "Decision Tree", 
    "Naive Bayes", 
    "Linear SVM", 
    "Neural Net", 
    "RBF SVM", 
    "Random Forest", 
    "Nearest Neighbors"
  ], 
  "mean": [
    0.7531381733021079, 
    0.9072794691647152, 
    0.9166692688004165, 
    0.4608222742648973, 
    0.8908014571949, 
    0.855672651574291, 
    0.8159081446786365
  ], 
  "parameters": {
    "cv_method": "k10", 
    "db": "balance", 
    "repetition": 6
  }, 
  "std": [
    0.04921811764187214, 
    0.011842807919379068, 
    0.02972021847147735, 
    0.0020938222640884702, 
    0.03010401538636871, 
    0.03843022817360107, 
    0.03584661694982814
  ]
}