{
  "adv_t": [
    1,
    4,
    1,
    3,
    0,
    4,
    4
  ],
  "adv_w": [
    1,
    4,
    1,
    3,
    0,
    4,
    4
  ],
  "clfs": [
    "Nearest Neighbors",
    "RBF SVM",
    "Decision Tree",
    "Random Forest",
    "Neural Net",
    "Naive Bayes",
    "Linear SVM"
  ],
  "mean": [
    0.8214832535885166,
    0.9011323763955339,
    0.7950000000000002,
    0.853133971291866,
    0.4614114832535881,
    0.9085566188197766,
    0.9159728867623603
  ],
  "parameters": {
    "cv_method": "k30",
    "db": "balance",
    "repetition": 6
  },
  "std": [
    0.07242132849975,
    0.04109332094765478,
    0.06304869336051552,
    0.04807388613993715,
    0.009533249320941465,
    0.03404393051889498,
    0.06379989245723787
  ]
}