{
  "adv_t": [
    1,
    4,
    1,
    3,
    0,
    4,
    4
  ],
  "adv_w": [
    1,
    4,
    1,
    3,
    0,
    4,
    5
  ],
  "clfs": [
    "Nearest Neighbors",
    "RBF SVM",
    "Decision Tree",
    "Random Forest",
    "Neural Net",
    "Naive Bayes",
    "Linear SVM"
  ],
  "mean": [
    0.8018377321603131,
    0.9012218963831868,
    0.7886656891495604,
    0.8468475073313784,
    0.46106549364613886,
    0.90905669599218,
    0.9172825024437928
  ],
  "parameters": {
    "cv_method": "k20",
    "db": "balance",
    "repetition": 9
  },
  "std": [
    0.06301119629423975,
    0.031743143639624744,
    0.06849608345836783,
    0.06522062296557331,
    0.0063847815604350724,
    0.025166167941195836,
    0.055352864757369544
  ]
}