{
  "adv_t": [
    2,
    4,
    1,
    2,
    0,
    5,
    5
  ],
  "adv_w": [
    2,
    4,
    1,
    3,
    0,
    5,
    5
  ],
  "clfs": [
    "Nearest Neighbors",
    "RBF SVM",
    "Decision Tree",
    "Random Forest",
    "Neural Net",
    "Naive Bayes",
    "Linear SVM"
  ],
  "mean": [
    0.8179200458753175,
    0.8736042844269681,
    0.7692829933644629,
    0.8313477922503483,
    0.6010465306791184,
    0.8870340788072417,
    0.8873668796592119
  ],
  "parameters": {
    "cv_method": "k2x5",
    "db": "balance",
    "repetition": 7
  },
  "std": [
    0.01192490981806413,
    0.00862634817858954,
    0.015129772973999658,
    0.0222994771041293,
    0.22538979295393136,
    0.012301951715036537,
    0.014167019460806118
  ]
}