{
  "adv_t": [
    1, 
    4, 
    4, 
    0, 
    4, 
    2, 
    1
  ], 
  "adv_w": [
    1, 
    4, 
    4, 
    0, 
    4, 
    2, 
    1
  ], 
  "clfs": [
    "Decision Tree", 
    "Naive Bayes", 
    "Linear SVM", 
    "Neural Net", 
    "RBF SVM", 
    "Random Forest", 
    "Nearest Neighbors"
  ], 
  "mean": [
    0.7694821753838147, 
    0.9072547488940932, 
    0.9167239136091597, 
    0.4608222742648973, 
    0.89908014571949, 
    0.8382890970595888, 
    0.8177608639084047
  ], 
  "parameters": {
    "cv_method": "k10", 
    "db": "balance", 
    "repetition": 0
  }, 
  "std": [
    0.03527075765514347, 
    0.020834099057323523, 
    0.029033003527308858, 
    0.0020938222640884702, 
    0.015919598764917456, 
    0.024905610475441566, 
    0.04105845050463832
  ]
}