{
  "adv_t": [
    1,
    4,
    1,
    3,
    0,
    4,
    4
  ],
  "adv_w": [
    2,
    4,
    1,
    3,
    0,
    4,
    4
  ],
  "clfs": [
    "Nearest Neighbors",
    "RBF SVM",
    "Decision Tree",
    "Random Forest",
    "Neural Net",
    "Naive Bayes",
    "Linear SVM"
  ],
  "mean": [
    0.8111779081133923,
    0.8997067448680353,
    0.7816422287390031,
    0.849618768328446,
    0.46106549364613886,
    0.9091006842619747,
    0.9165151515151516
  ],
  "parameters": {
    "cv_method": "k20",
    "db": "balance",
    "repetition": 0
  },
  "std": [
    0.057705923704805796,
    0.02745769184714502,
    0.049759715190192684,
    0.040704730072316266,
    0.0063847815604350724,
    0.027332434109078384,
    0.06376515409688632
  ]
}