{
  "adv_t": [
    1, 
    5, 
    4, 
    0, 
    4, 
    3, 
    2
  ], 
  "adv_w": [
    1, 
    5, 
    5, 
    0, 
    4, 
    3, 
    2
  ], 
  "clfs": [
    "Decision Tree", 
    "Naive Bayes", 
    "Linear SVM", 
    "Neural Net", 
    "RBF SVM", 
    "Random Forest", 
    "Nearest Neighbors"
  ], 
  "mean": [
    0.7798332923732284, 
    0.8902402310149913, 
    0.8918438191201771, 
    0.46080117965102, 
    0.8800022528057673, 
    0.8467272876218563, 
    0.8262431391824363
  ], 
  "parameters": {
    "cv_method": "k2x5", 
    "db": "balance", 
    "repetition": 0
  }, 
  "std": [
    0.0201210416169933, 
    0.006915439544915217, 
    0.01737619803314771, 
    0.0007771633473011737, 
    0.01088631421600974, 
    0.016618288365131833, 
    0.012033851791131528
  ]
}