{
  "adv_t": [
    1,
    4,
    1,
    3,
    0,
    4,
    4
  ],
  "adv_w": [
    1,
    4,
    1,
    3,
    0,
    4,
    4
  ],
  "clfs": [
    "Nearest Neighbors",
    "RBF SVM",
    "Decision Tree",
    "Random Forest",
    "Neural Net",
    "Naive Bayes",
    "Linear SVM"
  ],
  "mean": [
    0.810312805474096,
    0.8983431085043989,
    0.7870430107526883,
    0.845215053763441,
    0.46106549364613886,
    0.9091006842619747,
    0.9168817204301078
  ],
  "parameters": {
    "cv_method": "k20",
    "db": "balance",
    "repetition": 5
  },
  "std": [
    0.058869672711337355,
    0.026664799432727183,
    0.06337332298792464,
    0.04694916778271723,
    0.0063847815604350724,
    0.02265267811257956,
    0.043990648926989714
  ]
}