{
  "adv_t": [
    2,
    4,
    1,
    2,
    0,
    4,
    5
  ],
  "adv_w": [
    2,
    4,
    1,
    2,
    0,
    4,
    4
  ],
  "clfs": [
    "Nearest Neighbors",
    "RBF SVM",
    "Decision Tree",
    "Random Forest",
    "Neural Net",
    "Naive Bayes",
    "Linear SVM"
  ],
  "mean": [
    0.8246344310641435,
    0.8704073482428114,
    0.7824035389530597,
    0.8345713525026625,
    0.46080117965102,
    0.8828756041615466,
    0.8902258949782912
  ],
  "parameters": {
    "cv_method": "k2x5",
    "db": "balance",
    "repetition": 8
  },
  "std": [
    0.012773285407832183,
    0.010480914865985904,
    0.01755272003466324,
    0.013921643975857817,
    0.0007771633473011737,
    0.016990927326898345,
    0.01370588518968464
  ]
}