{
  "adv_t": [
    1, 
    5, 
    4, 
    0, 
    4, 
    3, 
    2
  ], 
  "adv_w": [
    1, 
    4, 
    4, 
    0, 
    4, 
    2, 
    2
  ], 
  "clfs": [
    "Decision Tree", 
    "Naive Bayes", 
    "Linear SVM", 
    "Neural Net", 
    "RBF SVM", 
    "Random Forest", 
    "Nearest Neighbors"
  ], 
  "mean": [
    0.7833691734250838, 
    0.888327394118129, 
    0.8768032686163675, 
    0.46080117965102, 
    0.8707268370607029, 
    0.835203162120095, 
    0.8192010731547473
  ], 
  "parameters": {
    "cv_method": "k2x5", 
    "db": "balance", 
    "repetition": 5
  }, 
  "std": [
    0.01772715059322818, 
    0.011240013905876952, 
    0.010743505367069247, 
    0.0007771633473011737, 
    0.015183355145165047, 
    0.011457766421586201, 
    0.009185423950908019
  ]
}