{
  "adv_t": [
    1,
    4,
    1,
    3,
    0,
    4,
    4
  ],
  "adv_w": [
    1,
    3,
    1,
    3,
    0,
    4,
    4
  ],
  "clfs": [
    "Nearest Neighbors",
    "RBF SVM",
    "Decision Tree",
    "Random Forest",
    "Neural Net",
    "Naive Bayes",
    "Linear SVM"
  ],
  "mean": [
    0.8178129065833983,
    0.8943976060369504,
    0.7790853499869893,
    0.8559875097580015,
    0.4608222742648973,
    0.9057194899817851,
    0.9168306010928962
  ],
  "parameters": {
    "cv_method": "k10",
    "db": "balance",
    "repetition": 7
  },
  "std": [
    0.030656550926884286,
    0.015278315047425394,
    0.03790511522577923,
    0.02249160009348698,
    0.0020938222640884702,
    0.015190166353699942,
    0.038699540689306866
  ]
}