{
  "adv_t": [
    1, 
    4, 
    4, 
    0, 
    4, 
    3, 
    1
  ], 
  "adv_w": [
    1, 
    5, 
    4, 
    0, 
    4, 
    2, 
    1
  ], 
  "clfs": [
    "Decision Tree", 
    "Naive Bayes", 
    "Linear SVM", 
    "Neural Net", 
    "RBF SVM", 
    "Random Forest", 
    "Nearest Neighbors"
  ], 
  "mean": [
    0.7790359094457454, 
    0.9072001040853502, 
    0.9165378610460578, 
    0.4608222742648973, 
    0.8944496487119439, 
    0.8337379651314076, 
    0.8049284413218839
  ], 
  "parameters": {
    "cv_method": "k10", 
    "db": "balance", 
    "repetition": 2
  }, 
  "std": [
    0.05617308750460555, 
    0.006593738804431519, 
    0.03299618372880917, 
    0.0020938222640884702, 
    0.019731946079970756, 
    0.020180749507702097, 
    0.03735256061814071
  ]
}