{
  "adv_t": [
    2,
    4,
    1,
    2,
    0,
    4,
    5
  ],
  "adv_w": [
    2,
    4,
    1,
    2,
    0,
    4,
    6
  ],
  "clfs": [
    "Nearest Neighbors",
    "RBF SVM",
    "Decision Tree",
    "Random Forest",
    "Neural Net",
    "Naive Bayes",
    "Linear SVM"
  ],
  "mean": [
    0.8228896695290138,
    0.8913544106167057,
    0.7811189175123601,
    0.8386559979182928,
    0.4608222742648973,
    0.904184231069477,
    0.9169867291178768
  ],
  "parameters": {
    "cv_method": "k10",
    "db": "balance",
    "repetition": 2
  },
  "std": [
    0.04307853971630113,
    0.017117435902651884,
    0.03495796693888873,
    0.0450501245538248,
    0.0020938222640884702,
    0.021767687576262133,
    0.02164013791869957
  ]
}