{
  "adv_t": [
    1, 
    5, 
    5, 
    0, 
    4, 
    2, 
    2
  ], 
  "adv_w": [
    1, 
    4, 
    5, 
    0, 
    4, 
    2, 
    2
  ], 
  "clfs": [
    "Decision Tree", 
    "Naive Bayes", 
    "Linear SVM", 
    "Neural Net", 
    "RBF SVM", 
    "Random Forest", 
    "Nearest Neighbors"
  ], 
  "mean": [
    0.7817717293356271, 
    0.8876843204718604, 
    0.8995238387810274, 
    0.46080117965102, 
    0.8761571229622348, 
    0.8393739247972475, 
    0.8278293192430572
  ], 
  "parameters": {
    "cv_method": "k2x5", 
    "db": "balance", 
    "repetition": 9
  }, 
  "std": [
    0.01334946437202406, 
    0.011075967409929471, 
    0.015153523918821481, 
    0.0007771633473011737, 
    0.01180811439781947, 
    0.016416220523700727, 
    0.00960470456848841
  ]
}