{
  "adv_t": [
    1,
    4,
    1,
    3,
    0,
    4,
    4
  ],
  "adv_w": [
    1,
    4,
    1,
    3,
    0,
    5,
    5
  ],
  "clfs": [
    "Nearest Neighbors",
    "RBF SVM",
    "Decision Tree",
    "Random Forest",
    "Neural Net",
    "Naive Bayes",
    "Linear SVM"
  ],
  "mean": [
    0.8052870813397129,
    0.893875598086124,
    0.804896331738437,
    0.8422169059011163,
    0.4614114832535881,
    0.9104625199362038,
    0.9169059011164273
  ],
  "parameters": {
    "cv_method": "k30",
    "db": "balance",
    "repetition": 4
  },
  "std": [
    0.07104668310546997,
    0.041844107679423065,
    0.06778457769209535,
    0.0704110047576503,
    0.009533249320941465,
    0.03601302270437569,
    0.05561767030043821
  ]
}