{
  "adv_t": [
    1, 
    5, 
    5, 
    0, 
    4, 
    3, 
    1
  ], 
  "adv_w": [
    1, 
    5, 
    5, 
    0, 
    4, 
    3, 
    1
  ], 
  "clfs": [
    "Decision Tree", 
    "Naive Bayes", 
    "Linear SVM", 
    "Neural Net", 
    "RBF SVM", 
    "Random Forest", 
    "Nearest Neighbors"
  ], 
  "mean": [
    0.7800293255131967, 
    0.9076392961876832, 
    0.9168279569892472, 
    0.46106549364613886, 
    0.8883431085043989, 
    0.8513831867057675, 
    0.8118914956011732
  ], 
  "parameters": {
    "cv_method": "k20", 
    "db": "balance", 
    "repetition": 4
  }, 
  "std": [
    0.06046146036733376, 
    0.02331440640214081, 
    0.05056524945922162, 
    0.0063847815604350724, 
    0.03191244304959787, 
    0.05317754792464035, 
    0.05221653385105804
  ]
}