{
  "adv_t": [
    1, 
    4, 
    4, 
    0, 
    3, 
    2, 
    1
  ], 
  "adv_w": [
    1, 
    4, 
    4, 
    0, 
    3, 
    3, 
    1
  ], 
  "clfs": [
    "Decision Tree", 
    "Naive Bayes", 
    "Linear SVM", 
    "Neural Net", 
    "RBF SVM", 
    "Random Forest", 
    "Nearest Neighbors"
  ], 
  "mean": [
    0.779736070381232, 
    0.9089491691104596, 
    0.916818181818182, 
    0.46106549364613886, 
    0.8888074291300099, 
    0.8516862170087979, 
    0.8103861192570874
  ], 
  "parameters": {
    "cv_method": "k20", 
    "db": "balance", 
    "repetition": 2
  }, 
  "std": [
    0.06783705616503581, 
    0.017923501804217278, 
    0.07231057525295033, 
    0.0063847815604350724, 
    0.0337524088112128, 
    0.06757065066022397, 
    0.06436654419717057
  ]
}