{
  "adv_t": [
    1, 
    4, 
    4, 
    0, 
    4, 
    2, 
    1
  ], 
  "adv_w": [
    1, 
    4, 
    4, 
    0, 
    4, 
    3, 
    1
  ], 
  "clfs": [
    "Decision Tree", 
    "Naive Bayes", 
    "Linear SVM", 
    "Neural Net", 
    "RBF SVM", 
    "Random Forest", 
    "Nearest Neighbors"
  ], 
  "mean": [
    0.8024535679374392, 
    0.9075855327468231, 
    0.9157673509286413, 
    0.46106549364613886, 
    0.8948582600195506, 
    0.8376930596285437, 
    0.8099755620723365
  ], 
  "parameters": {
    "cv_method": "k20", 
    "db": "balance", 
    "repetition": 0
  }, 
  "std": [
    0.06023536154757069, 
    0.01803248624187576, 
    0.04872677887588501, 
    0.0063847815604350724, 
    0.027304184775673843, 
    0.044355397763168394, 
    0.056492873144935375
  ]
}