{
  "adv_t": [
    1, 
    4, 
    5, 
    0, 
    3, 
    1, 
    1
  ], 
  "adv_w": [
    1, 
    3, 
    3, 
    0, 
    3, 
    2, 
    1
  ], 
  "clfs": [
    "Decision Tree", 
    "Naive Bayes", 
    "Linear SVM", 
    "Neural Net", 
    "RBF SVM", 
    "Random Forest", 
    "Nearest Neighbors"
  ], 
  "mean": [
    0.7775279729378088, 
    0.9025969294821754, 
    0.9169346864428833, 
    0.4608222742648973, 
    0.8864858183710643, 
    0.8462529274004684, 
    0.798368462138954
  ], 
  "parameters": {
    "cv_method": "k10", 
    "db": "balance", 
    "repetition": 7
  }, 
  "std": [
    0.06406541273702021, 
    0.02351551211388793, 
    0.0217198697592225, 
    0.0020938222640884702, 
    0.023818009685021017, 
    0.04366789333078153, 
    0.050513703993478806
  ]
}