{
  "adv_t": [
    1, 
    6, 
    5, 
    0, 
    4, 
    2, 
    2
  ], 
  "adv_w": [
    1, 
    6, 
    5, 
    0, 
    4, 
    2, 
    2
  ], 
  "clfs": [
    "Decision Tree", 
    "Naive Bayes", 
    "Linear SVM", 
    "Neural Net", 
    "RBF SVM", 
    "Random Forest", 
    "Nearest Neighbors"
  ], 
  "mean": [
    0.7862363807651347, 
    0.8950407553043336, 
    0.8819212337183583, 
    0.5055296141558123, 
    0.8716812075038913, 
    0.8297759482264275, 
    0.8243087982305235
  ], 
  "parameters": {
    "cv_method": "k2x5", 
    "db": "balance", 
    "repetition": 3
  }, 
  "std": [
    0.020608378922543164, 
    0.010300696644538657, 
    0.010042550614765652, 
    0.14118657606396426, 
    0.01265607997721377, 
    0.012894981304456992, 
    0.016688504886033288
  ]
}