{
  "adv_t": [
    1, 
    4, 
    4, 
    0, 
    4, 
    2, 
    2
  ], 
  "adv_w": [
    1, 
    4, 
    4, 
    0, 
    4, 
    3, 
    2
  ], 
  "clfs": [
    "Decision Tree", 
    "Naive Bayes", 
    "Linear SVM", 
    "Neural Net", 
    "RBF SVM", 
    "Random Forest", 
    "Nearest Neighbors"
  ], 
  "mean": [
    0.7812316715542524, 
    0.9092521994134899, 
    0.9163196480938417, 
    0.46106549364613886, 
    0.9016764418377322, 
    0.8412756598240471, 
    0.8148142717497558
  ], 
  "parameters": {
    "cv_method": "k20", 
    "db": "balance", 
    "repetition": 8
  }, 
  "std": [
    0.03488024311089286, 
    0.02382707827899561, 
    0.05190791178398198, 
    0.0063847815604350724, 
    0.029123884974520942, 
    0.04329729899205014, 
    0.05621316529898599
  ]
}