{
  "adv_t": [
    2,
    4,
    1,
    3,
    0,
    4,
    4
  ],
  "adv_w": [
    2,
    4,
    1,
    3,
    0,
    4,
    4
  ],
  "clfs": [
    "Nearest Neighbors",
    "RBF SVM",
    "Decision Tree",
    "Random Forest",
    "Neural Net",
    "Naive Bayes",
    "Linear SVM"
  ],
  "mean": [
    0.8197262952101664,
    0.8999120234604107,
    0.7781573802541547,
    0.8621407624633433,
    0.46106549364613886,
    0.9080400782013687,
    0.9169354838709678
  ],
  "parameters": {
    "cv_method": "k20",
    "db": "balance",
    "repetition": 3
  },
  "std": [
    0.05852448663648882,
    0.034176461174513395,
    0.07866212257210896,
    0.05781550697518502,
    0.0063847815604350724,
    0.027654085882454615,
    0.056548417459773515
  ]
}