{
  "adv_t": [
    1, 
    4, 
    4, 
    0, 
    4, 
    3, 
    2
  ], 
  "adv_w": [
    1, 
    4, 
    4, 
    0, 
    4, 
    3, 
    2
  ], 
  "clfs": [
    "Decision Tree", 
    "Naive Bayes", 
    "Linear SVM", 
    "Neural Net", 
    "RBF SVM", 
    "Random Forest", 
    "Nearest Neighbors"
  ], 
  "mean": [
    0.7753110047846892, 
    0.9089473684210521, 
    0.9177113237639551, 
    0.4614114832535881, 
    0.9016905901116424, 
    0.8392583732057416, 
    0.8044178628389157
  ], 
  "parameters": {
    "cv_method": "k30", 
    "db": "balance", 
    "repetition": 3
  }, 
  "std": [
    0.07170976930824678, 
    0.03503737019437961, 
    0.05771092800795766, 
    0.009533249320941465, 
    0.03276719636424789, 
    0.0681617806186536, 
    0.05549665772269644
  ]
}