{
  "adv_t": [
    2,
    1,
    2,
    2,
    0,
    2,
    2
  ],
  "adv_w": [
    2,
    1,
    2,
    2,
    0,
    2,
    2
  ],
  "clfs": [
    "Nearest Neighbors",
    "RBF SVM",
    "Decision Tree",
    "Random Forest",
    "Neural Net",
    "Naive Bayes",
    "Linear SVM"
  ],
  "mean": [
    0.9735933503836318,
    0.8606669338728354,
    0.9545584099960557,
    0.9692448880915118,
    0.6500706187731421,
    0.9618474125536004,
    0.9662817625427846
  ],
  "parameters": {
    "cv_method": "k10",
    "db": "breastcan",
    "repetition": 9
  },
  "std": [
    0.02575860539296818,
    0.0579087591525055,
    0.02538564730661181,
    0.022358284491574825,
    0.003451514744358402,
    0.024226375224586028,
    0.021955067372477256
  ]
}