{
  "adv_t": [
    2, 
    3, 
    3, 
    0, 
    1, 
    4, 
    3
  ], 
  "adv_w": [
    2, 
    3, 
    3, 
    0, 
    1, 
    4, 
    3
  ], 
  "clfs": [
    "Decision Tree", 
    "Naive Bayes", 
    "Linear SVM", 
    "Neural Net", 
    "RBF SVM", 
    "Random Forest", 
    "Nearest Neighbors"
  ], 
  "mean": [
    0.9475905060794705, 
    0.9598814974876098, 
    0.9657474575980519, 
    0.6500745999897104, 
    0.8456792028948227, 
    0.970128277683456, 
    0.9669136183567423
  ], 
  "parameters": {
    "cv_method": "k2x5", 
    "db": "breastcan", 
    "repetition": 3
  }, 
  "std": [
    0.007820347299809832, 
    0.013680491087044864, 
    0.010016698690868991, 
    0.0010032778843290925, 
    0.016349601112831437, 
    0.009760969894948918, 
    0.00754582750165721
  ]
}