{
  "adv_t": [
    2,
    1,
    2,
    2,
    0,
    2,
    2
  ],
  "adv_w": [
    2,
    1,
    2,
    2,
    0,
    2,
    2
  ],
  "clfs": [
    "Nearest Neighbors",
    "RBF SVM",
    "Decision Tree",
    "Random Forest",
    "Neural Net",
    "Naive Bayes",
    "Linear SVM"
  ],
  "mean": [
    0.9680500658761528,
    0.8697502980111674,
    0.9517002321350146,
    0.9679183135704876,
    0.650021958717611,
    0.9622529644268775,
    0.9649476127736996
  ],
  "parameters": {
    "cv_method": "k30",
    "db": "breastcan",
    "repetition": 2
  },
  "std": [
    0.03946459545936593,
    0.08156022610666634,
    0.04351909861187331,
    0.03437819891902557,
    0.006749040617465121,
    0.04383718797852133,
    0.0350872216064273
  ]
}