{
  "adv_t": [
    2, 
    2, 
    2, 
    0, 
    1, 
    2, 
    2
  ], 
  "adv_w": [
    2, 
    2, 
    2, 
    0, 
    1, 
    4, 
    3
  ], 
  "clfs": [
    "Decision Tree", 
    "Naive Bayes", 
    "Linear SVM", 
    "Neural Net", 
    "RBF SVM", 
    "Random Forest", 
    "Nearest Neighbors"
  ], 
  "mean": [
    0.9544074283204721, 
    0.9633007089528828, 
    0.9648221343873515, 
    0.650021958717611, 
    0.8707321663843403, 
    0.9720622372796286, 
    0.9690978104021581
  ], 
  "parameters": {
    "cv_method": "k30", 
    "db": "breastcan", 
    "repetition": 2
  }, 
  "std": [
    0.05042037607853713, 
    0.043781406836521146, 
    0.03958153340349559, 
    0.006749040617465121, 
    0.06801747327450612, 
    0.041405084947616404, 
    0.039242836015069046
  ]
}