{
  "adv_t": [
    2, 
    3, 
    3, 
    0, 
    1, 
    4, 
    5
  ], 
  "adv_w": [
    2, 
    3, 
    3, 
    0, 
    1, 
    4, 
    5
  ], 
  "clfs": [
    "Decision Tree", 
    "Naive Bayes", 
    "Linear SVM", 
    "Neural Net", 
    "RBF SVM", 
    "Random Forest", 
    "Nearest Neighbors"
  ], 
  "mean": [
    0.946997136046372, 
    0.9592992745794104, 
    0.9639810670370942, 
    0.6500745999897104, 
    0.8456937799043063, 
    0.9686602870813397, 
    0.9698350225514911
  ], 
  "parameters": {
    "cv_method": "k2x5", 
    "db": "breastcan", 
    "repetition": 2
  }, 
  "std": [
    0.009911141691111403, 
    0.006952187239940059, 
    0.005538583956470402, 
    0.0010032778843290925, 
    0.01577173202397004, 
    0.010080229260970625, 
    0.004618071822170342
  ]
}