{
  "adv_t": [
    4,
    1,
    2,
    4,
    0,
    3,
    3
  ],
  "adv_w": [
    4,
    1,
    2,
    3,
    0,
    3,
    4
  ],
  "clfs": [
    "Nearest Neighbors",
    "RBF SVM",
    "Decision Tree",
    "Random Forest",
    "Neural Net",
    "Naive Bayes",
    "Linear SVM"
  ],
  "mean": [
    0.9680789216442868,
    0.8439282468144945,
    0.9470022808732488,
    0.9677839515700295,
    0.6500745999897104,
    0.961342628320557,
    0.9657320231174221
  ],
  "parameters": {
    "cv_method": "k2x5",
    "db": "breastcan",
    "repetition": 5
  },
  "std": [
    0.0062637118504326236,
    0.008420729699226399,
    0.010528134145838405,
    0.008419012569934492,
    0.0010032778843290925,
    0.0066190342983961595,
    0.010170901227438215
  ]
}