{
  "adv_t": [
    2, 
    3, 
    3, 
    0, 
    1, 
    3, 
    4
  ], 
  "adv_w": [
    2, 
    3, 
    3, 
    0, 
    1, 
    3, 
    3
  ], 
  "clfs": [
    "Decision Tree", 
    "Naive Bayes", 
    "Linear SVM", 
    "Neural Net", 
    "RBF SVM", 
    "Random Forest", 
    "Nearest Neighbors"
  ], 
  "mean": [
    0.9478777589134125, 
    0.9604688652226852, 
    0.9660312805474096, 
    0.6500745999897104, 
    0.8494863747834884, 
    0.9666203632247774, 
    0.9701317075680403
  ], 
  "parameters": {
    "cv_method": "k2x5", 
    "db": "breastcan", 
    "repetition": 9
  }, 
  "std": [
    0.007264803588645951, 
    0.008534323585489877, 
    0.005018513028930337, 
    0.0010032778843290925, 
    0.006666173564655724, 
    0.006035523310122663, 
    0.005663065961115783
  ]
}