{
  "adv_t": [
    3,
    1,
    2,
    3,
    0,
    2,
    3
  ],
  "adv_w": [
    3,
    1,
    2,
    3,
    0,
    3,
    3
  ],
  "clfs": [
    "Nearest Neighbors",
    "RBF SVM",
    "Decision Tree",
    "Random Forest",
    "Neural Net",
    "Naive Bayes",
    "Linear SVM"
  ],
  "mean": [
    0.9707537560478736,
    0.8670460911637383,
    0.951675579322638,
    0.969367201426025,
    0.6500560224089635,
    0.9606251591545707,
    0.9692831678125794
  ],
  "parameters": {
    "cv_method": "k20",
    "db": "breastcan",
    "repetition": 1
  },
  "std": [
    0.030008695063033542,
    0.05926682631612905,
    0.03589375471232354,
    0.028950639905759662,
    0.005673365406565373,
    0.032934688797505655,
    0.025905839833943477
  ]
}