{
  "adv_t": [
    2,
    1,
    2,
    2,
    0,
    2,
    2
  ],
  "adv_w": [
    2,
    1,
    2,
    2,
    0,
    2,
    3
  ],
  "clfs": [
    "Nearest Neighbors",
    "RBF SVM",
    "Decision Tree",
    "Random Forest",
    "Neural Net",
    "Naive Bayes",
    "Linear SVM"
  ],
  "mean": [
    0.9706697224344282,
    0.8712974280621342,
    0.9487789661319072,
    0.9676865291571174,
    0.6500560224089635,
    0.9634008148714029,
    0.9662999745352685
  ],
  "parameters": {
    "cv_method": "k20",
    "db": "breastcan",
    "repetition": 5
  },
  "std": [
    0.025148041615010098,
    0.04050756510178497,
    0.04201412165105468,
    0.02838392078638133,
    0.005673365406565373,
    0.03245461449603069,
    0.027192651411395773
  ]
}