{
  "adv_t": [
    2,
    1,
    2,
    2,
    0,
    2,
    2
  ],
  "adv_w": [
    3,
    1,
    2,
    2,
    0,
    2,
    2
  ],
  "clfs": [
    "Nearest Neighbors",
    "RBF SVM",
    "Decision Tree",
    "Random Forest",
    "Neural Net",
    "Naive Bayes",
    "Linear SVM"
  ],
  "mean": [
    0.9679183135704875,
    0.8699479264696657,
    0.9505270092226612,
    0.9617196812848987,
    0.650021958717611,
    0.9620553359683796,
    0.9664031620553359
  ],
  "parameters": {
    "cv_method": "k30",
    "db": "breastcan",
    "repetition": 6
  },
  "std": [
    0.03242670139108047,
    0.06422799520633372,
    0.046814873222737835,
    0.04312034082543342,
    0.006749040617465121,
    0.03379627964245082,
    0.033914031526733786
  ]
}