{
  "adv_t": [
    2, 
    2, 
    2, 
    0, 
    1, 
    2, 
    2
  ], 
  "adv_w": [
    2, 
    2, 
    2, 
    0, 
    1, 
    2, 
    3
  ], 
  "clfs": [
    "Decision Tree", 
    "Naive Bayes", 
    "Linear SVM", 
    "Neural Net", 
    "RBF SVM", 
    "Random Forest", 
    "Nearest Neighbors"
  ], 
  "mean": [
    0.9516781257957728, 
    0.9619747899159663, 
    0.9634873949579831, 
    0.6500560224089635, 
    0.8666259230965114, 
    0.9662579577285457, 
    0.9677705627705626
  ], 
  "parameters": {
    "cv_method": "k20", 
    "db": "breastcan", 
    "repetition": 0
  }, 
  "std": [
    0.03720346510809227, 
    0.03938117972929484, 
    0.03271064824388697, 
    0.005673365406565373, 
    0.04839174863418854, 
    0.03844144476082233, 
    0.026838369915268744
  ]
}