{
  "adv_t": [
    2, 
    2, 
    2, 
    0, 
    1, 
    2, 
    2
  ], 
  "adv_w": [
    2, 
    2, 
    2, 
    0, 
    1, 
    6, 
    2
  ], 
  "clfs": [
    "Decision Tree", 
    "Naive Bayes", 
    "Linear SVM", 
    "Neural Net", 
    "RBF SVM", 
    "Random Forest", 
    "Nearest Neighbors"
  ], 
  "mean": [
    0.9620837627718186, 
    0.9649396877505059, 
    0.9664535379369139, 
    0.6500706187731421, 
    0.8667869094425571, 
    0.9766624040920716, 
    0.9664315888587751
  ], 
  "parameters": {
    "cv_method": "k10", 
    "db": "breastcan", 
    "repetition": 9
  }, 
  "std": [
    0.022780577777077066, 
    0.013948829688193632, 
    0.02060469752791362, 
    0.003451514744358402, 
    0.04321874537767933, 
    0.017089401145013755, 
    0.019344199950315433
  ]
}