{
  "adv_t": [
    2,
    1,
    2,
    2,
    0,
    2,
    2
  ],
  "adv_w": [
    2,
    1,
    2,
    2,
    0,
    2,
    2
  ],
  "clfs": [
    "Nearest Neighbors",
    "RBF SVM",
    "Decision Tree",
    "Random Forest",
    "Neural Net",
    "Naive Bayes",
    "Linear SVM"
  ],
  "mean": [
    0.9707148401216423,
    0.8696647834993831,
    0.9589275489559874,
    0.9677523507780789,
    0.6500706187731421,
    0.9633825756129836,
    0.9648751129264165
  ],
  "parameters": {
    "cv_method": "k10",
    "db": "breastcan",
    "repetition": 4
  },
  "std": [
    0.011953107066807803,
    0.026288246572336527,
    0.021757111317913407,
    0.016697767216181547,
    0.003451514744358402,
    0.01240801569878395,
    0.01570588946086367
  ]
}