{
  "adv_t": [
    2, 
    2, 
    2, 
    0, 
    1, 
    2, 
    3
  ], 
  "adv_w": [
    2, 
    3, 
    3, 
    0, 
    1, 
    3, 
    3
  ], 
  "clfs": [
    "Decision Tree", 
    "Naive Bayes", 
    "Linear SVM", 
    "Neural Net", 
    "RBF SVM", 
    "Random Forest", 
    "Nearest Neighbors"
  ], 
  "mean": [
    0.947310924369748, 
    0.9634453781512604, 
    0.9678991596638655, 
    0.6500560224089635, 
    0.8713814616755794, 
    0.9692436974789915, 
    0.9693697478991595
  ], 
  "parameters": {
    "cv_method": "k20", 
    "db": "breastcan", 
    "repetition": 3
  }, 
  "std": [
    0.03999849472561562, 
    0.03285692228089272, 
    0.026661171642659985, 
    0.005673365406565373, 
    0.05772504227690842, 
    0.02778852963731217, 
    0.025811022808483398
  ]
}