{
  "adv_t": [
    2,
    1,
    2,
    2,
    0,
    2,
    2
  ],
  "adv_w": [
    2,
    1,
    2,
    3,
    0,
    2,
    2
  ],
  "clfs": [
    "Nearest Neighbors",
    "RBF SVM",
    "Decision Tree",
    "Random Forest",
    "Neural Net",
    "Naive Bayes",
    "Linear SVM"
  ],
  "mean": [
    0.9676548089591567,
    0.8713438735177866,
    0.9471673254281947,
    0.9677206851119892,
    0.650021958717611,
    0.9604743083003952,
    0.964756258234519
  ],
  "parameters": {
    "cv_method": "k30",
    "db": "breastcan",
    "repetition": 8
  },
  "std": [
    0.039012904190581024,
    0.0841598513918416,
    0.046021183055392004,
    0.04505227395471228,
    0.006749040617465121,
    0.0501766431523004,
    0.047753669738929916
  ]
}