{
  "adv_t": [
    3,
    1,
    2,
    2,
    0,
    2,
    2
  ],
  "adv_w": [
    3,
    1,
    2,
    3,
    0,
    2,
    3
  ],
  "clfs": [
    "Nearest Neighbors",
    "RBF SVM",
    "Decision Tree",
    "Random Forest",
    "Neural Net",
    "Naive Bayes",
    "Linear SVM"
  ],
  "mean": [
    0.9721823274764452,
    0.8699503437738734,
    0.9444066717596129,
    0.9707983193277311,
    0.6500560224089635,
    0.9619747899159663,
    0.967896613190731
  ],
  "parameters": {
    "cv_method": "k20",
    "db": "breastcan",
    "repetition": 7
  },
  "std": [
    0.024171558331626868,
    0.03614668205141975,
    0.03523614272360478,
    0.03116094512160306,
    0.005673365406565373,
    0.026948570921479488,
    0.02945087235273481
  ]
}