{
  "adv_t": [
    2, 
    2, 
    2, 
    0, 
    1, 
    2, 
    2
  ], 
  "adv_w": [
    2, 
    2, 
    2, 
    0, 
    1, 
    3, 
    2
  ], 
  "clfs": [
    "Decision Tree", 
    "Naive Bayes", 
    "Linear SVM", 
    "Neural Net", 
    "RBF SVM", 
    "Random Forest", 
    "Nearest Neighbors"
  ], 
  "mean": [
    0.9575159154570919, 
    0.9603679653679652, 
    0.9675502928444104, 
    0.6500560224089635, 
    0.8710797046091165, 
    0.9705805958747135, 
    0.9690208810797045
  ], 
  "parameters": {
    "cv_method": "k20", 
    "db": "breastcan", 
    "repetition": 1
  }, 
  "std": [
    0.02769029470340152, 
    0.038824105430625803, 
    0.03635164262962413, 
    0.005673365406565373, 
    0.0500119879214089, 
    0.03331277336782838, 
    0.03706885365922114
  ]
}