{
  "adv_t": [
    2, 
    2, 
    2, 
    0, 
    1, 
    2, 
    2
  ], 
  "adv_w": [
    2, 
    2, 
    2, 
    0, 
    1, 
    2, 
    2
  ], 
  "clfs": [
    "Decision Tree", 
    "Naive Bayes", 
    "Linear SVM", 
    "Neural Net", 
    "RBF SVM", 
    "Random Forest", 
    "Nearest Neighbors"
  ], 
  "mean": [
    0.9473991932918528, 
    0.9619765622017787, 
    0.9634477866422364, 
    0.6500706187731421, 
    0.8683678792737082, 
    0.9693094629156012, 
    0.9692881500426257
  ], 
  "parameters": {
    "cv_method": "k10", 
    "db": "breastcan", 
    "repetition": 4
  }, 
  "std": [
    0.022927061136425755, 
    0.019502516889770945, 
    0.02087119799660075, 
    0.003451514744358402, 
    0.0345912332452826, 
    0.01609776531772499, 
    0.016159865106173378
  ]
}