{
  "adv_t": [
    2,
    1,
    2,
    2,
    0,
    2,
    2
  ],
  "adv_w": [
    3,
    1,
    2,
    4,
    0,
    2,
    2
  ],
  "clfs": [
    "Nearest Neighbors",
    "RBF SVM",
    "Decision Tree",
    "Random Forest",
    "Neural Net",
    "Naive Bayes",
    "Linear SVM"
  ],
  "mean": [
    0.9649159663865546,
    0.8695645530939649,
    0.9545798319327732,
    0.9736974789915965,
    0.6500560224089635,
    0.9649159663865546,
    0.964871403106697
  ],
  "parameters": {
    "cv_method": "k20",
    "db": "breastcan",
    "repetition": 2
  },
  "std": [
    0.037315859872552114,
    0.05544795757960101,
    0.03617349238095872,
    0.03266929201269023,
    0.005673365406565373,
    0.03360888403372379,
    0.03730926102253633
  ]
}