{
  "adv_t": [
    2, 
    2, 
    2, 
    0, 
    1, 
    2, 
    2
  ], 
  "adv_w": [
    2, 
    2, 
    2, 
    0, 
    1, 
    2, 
    2
  ], 
  "clfs": [
    "Decision Tree", 
    "Naive Bayes", 
    "Linear SVM", 
    "Neural Net", 
    "RBF SVM", 
    "Random Forest", 
    "Nearest Neighbors"
  ], 
  "mean": [
    0.9633180007888946, 
    0.9648318509753023, 
    0.9648318509753026, 
    0.6500706187731421, 
    0.8712206232265782, 
    0.9706935272486671, 
    0.9692448880915118
  ], 
  "parameters": {
    "cv_method": "k10", 
    "db": "breastcan", 
    "repetition": 6
  }, 
  "std": [
    0.01606774526737281, 
    0.022025601329154116, 
    0.018576881031429168, 
    0.003451514744358402, 
    0.03041653720585537, 
    0.015526216541397742, 
    0.014639264295788882
  ]
}