{
  "adv_t": [
    2, 
    2, 
    2, 
    0, 
    1, 
    2, 
    2
  ], 
  "adv_w": [
    2, 
    2, 
    2, 
    0, 
    1, 
    3, 
    2
  ], 
  "clfs": [
    "Decision Tree", 
    "Naive Bayes", 
    "Linear SVM", 
    "Neural Net", 
    "RBF SVM", 
    "Random Forest", 
    "Nearest Neighbors"
  ], 
  "mean": [
    0.9618907563025209, 
    0.9618882098293863, 
    0.9677731092436975, 
    0.6500560224089635, 
    0.8681805449452508, 
    0.9721008403361344, 
    0.9677731092436975
  ], 
  "parameters": {
    "cv_method": "k20", 
    "db": "breastcan", 
    "repetition": 9
  }, 
  "std": [
    0.034573072093350796, 
    0.0356510980197884, 
    0.028393015553229813, 
    0.005673365406565373, 
    0.06300092928688246, 
    0.03088266133367102, 
    0.02674145166480867
  ]
}