{
  "adv_t": [
    2,
    1,
    2,
    3,
    0,
    2,
    2
  ],
  "adv_w": [
    2,
    1,
    2,
    4,
    0,
    2,
    3
  ],
  "clfs": [
    "Nearest Neighbors",
    "RBF SVM",
    "Decision Tree",
    "Random Forest",
    "Neural Net",
    "Naive Bayes",
    "Linear SVM"
  ],
  "mean": [
    0.9691965877259996,
    0.8695199898141077,
    0.9560453272217977,
    0.9721377641965876,
    0.6500560224089635,
    0.9604570919276799,
    0.969199134199134
  ],
  "parameters": {
    "cv_method": "k20",
    "db": "breastcan",
    "repetition": 9
  },
  "std": [
    0.027796776414512444,
    0.05484153145293178,
    0.03620432324022764,
    0.02222315707914851,
    0.005673365406565373,
    0.032028658180586075,
    0.027694529594466583
  ]
}