{
  "adv_t": [
    2, 
    2, 
    2, 
    0, 
    1, 
    2, 
    2
  ], 
  "adv_w": [
    2, 
    2, 
    2, 
    0, 
    1, 
    2, 
    2
  ], 
  "clfs": [
    "Decision Tree", 
    "Naive Bayes", 
    "Linear SVM", 
    "Neural Net", 
    "RBF SVM", 
    "Random Forest", 
    "Nearest Neighbors"
  ], 
  "mean": [
    0.9589528828659265, 
    0.9633728590250327, 
    0.9661333835246879, 
    0.650021958717611, 
    0.8669960474308298, 
    0.9676485350398393, 
    0.9678524374176546
  ], 
  "parameters": {
    "cv_method": "k30", 
    "db": "breastcan", 
    "repetition": 7
  }, 
  "std": [
    0.03812424726723408, 
    0.03503036234384039, 
    0.04484870919429796, 
    0.006749040617465121, 
    0.07026652747103032, 
    0.04480611590799679, 
    0.034402675079466524
  ]
}