{
  "adv_t": [
    2, 
    2, 
    2, 
    0, 
    1, 
    2, 
    2
  ], 
  "adv_w": [
    2, 
    2, 
    2, 
    0, 
    1, 
    3, 
    2
  ], 
  "clfs": [
    "Decision Tree", 
    "Naive Bayes", 
    "Linear SVM", 
    "Neural Net", 
    "RBF SVM", 
    "Random Forest", 
    "Nearest Neighbors"
  ], 
  "mean": [
    0.9518067226890755, 
    0.963400814871403, 
    0.9650000000000001, 
    0.6500560224089635, 
    0.8711662846956967, 
    0.9708403361344538, 
    0.9708798064680417
  ], 
  "parameters": {
    "cv_method": "k20", 
    "db": "breastcan", 
    "repetition": 5
  }, 
  "std": [
    0.03706542207283729, 
    0.029861375692912577, 
    0.02936974948099861, 
    0.005673365406565373, 
    0.03347813696208788, 
    0.02504605341936722, 
    0.02975207001660882
  ]
}