{
  "adv_t": [
    2,
    1,
    2,
    2,
    0,
    2,
    2
  ],
  "adv_w": [
    2,
    1,
    2,
    2,
    0,
    2,
    2
  ],
  "clfs": [
    "Nearest Neighbors",
    "RBF SVM",
    "Decision Tree",
    "Random Forest",
    "Neural Net",
    "Naive Bayes",
    "Linear SVM"
  ],
  "mean": [
    0.9706129619173097,
    0.863736746345442,
    0.9531495074973335,
    0.9705470857644769,
    0.650021958717611,
    0.960132379697597,
    0.9676485350398394
  ],
  "parameters": {
    "cv_method": "k30",
    "db": "breastcan",
    "repetition": 7
  },
  "std": [
    0.0355829933399104,
    0.06601349626695227,
    0.05381532805405483,
    0.042732212524795754,
    0.006749040617465121,
    0.04879518129105343,
    0.04507582837114929
  ]
}