{
  "adv_t": [
    2,
    1,
    2,
    3,
    0,
    2,
    2
  ],
  "adv_w": [
    2,
    1,
    2,
    3,
    0,
    2,
    2
  ],
  "clfs": [
    "Nearest Neighbors",
    "RBF SVM",
    "Decision Tree",
    "Random Forest",
    "Neural Net",
    "Naive Bayes",
    "Linear SVM"
  ],
  "mean": [
    0.9662579577285457,
    0.868180544945251,
    0.9560478736949323,
    0.9720142602495543,
    0.6500560224089635,
    0.9618041762159409,
    0.966171377641966
  ],
  "parameters": {
    "cv_method": "k20",
    "db": "breastcan",
    "repetition": 4
  },
  "std": [
    0.03344609516251336,
    0.04720969510200303,
    0.029327755000924355,
    0.027782999121798553,
    0.005673365406565373,
    0.042791534293731455,
    0.030597481073859043
  ]
}