{
  "adv_t": [
    2,
    1,
    2,
    2,
    0,
    2,
    2
  ],
  "adv_w": [
    2,
    1,
    2,
    2,
    0,
    2,
    2
  ],
  "clfs": [
    "Nearest Neighbors",
    "RBF SVM",
    "Decision Tree",
    "Random Forest",
    "Neural Net",
    "Naive Bayes",
    "Linear SVM"
  ],
  "mean": [
    0.9693514524563881,
    0.8666596684098687,
    0.9560722601824635,
    0.9765978292679822,
    0.6500706187731421,
    0.9619546131236401,
    0.966367014034686
  ],
  "parameters": {
    "cv_method": "k10",
    "db": "breastcan",
    "repetition": 1
  },
  "std": [
    0.02200784995781237,
    0.025073550815405927,
    0.02564753403460529,
    0.017052847547100573,
    0.003451514744358402,
    0.018352481932923145,
    0.023744011244902483
  ]
}