{
  "adv_t": [
    2, 
    2, 
    2, 
    0, 
    1, 
    2, 
    2
  ], 
  "adv_w": [
    2, 
    2, 
    2, 
    0, 
    1, 
    2, 
    2
  ], 
  "clfs": [
    "Decision Tree", 
    "Naive Bayes", 
    "Linear SVM", 
    "Neural Net", 
    "RBF SVM", 
    "Random Forest", 
    "Nearest Neighbors"
  ], 
  "mean": [
    0.9618882098293863, 
    0.9618882098293863, 
    0.9649159663865546, 
    0.6500560224089635, 
    0.863860453272218, 
    0.9649159663865546, 
    0.9677285459638402
  ], 
  "parameters": {
    "cv_method": "k20", 
    "db": "breastcan", 
    "repetition": 6
  }, 
  "std": [
    0.026919365141634614, 
    0.03315331918595124, 
    0.03086373085746672, 
    0.005673365406565373, 
    0.06332090322095772, 
    0.026065218150788393, 
    0.02994990879942804
  ]
}