{
  "adv_t": [
    2,
    1,
    2,
    2,
    0,
    2,
    2
  ],
  "adv_w": [
    3,
    1,
    2,
    3,
    0,
    2,
    2
  ],
  "clfs": [
    "Nearest Neighbors",
    "RBF SVM",
    "Decision Tree",
    "Random Forest",
    "Neural Net",
    "Naive Bayes",
    "Linear SVM"
  ],
  "mean": [
    0.9707154763268058,
    0.8696905498085021,
    0.9546023081523328,
    0.9706722143756918,
    0.6500706187731421,
    0.9618693616317391,
    0.9633618989451718
  ],
  "parameters": {
    "cv_method": "k10",
    "db": "breastcan",
    "repetition": 6
  },
  "std": [
    0.01953801139666674,
    0.05165006548456069,
    0.031206303692897806,
    0.023929619664816344,
    0.003451514744358402,
    0.018643381050630892,
    0.02427933352061471
  ]
}