{
  "adv_t": [
    3,
    1,
    2,
    3,
    0,
    2,
    2
  ],
  "adv_w": [
    3,
    1,
    2,
    4,
    0,
    2,
    3
  ],
  "clfs": [
    "Nearest Neighbors",
    "RBF SVM",
    "Decision Tree",
    "Random Forest",
    "Neural Net",
    "Naive Bayes",
    "Linear SVM"
  ],
  "mean": [
    0.9692411510058567,
    0.8681410746116629,
    0.9487815126050421,
    0.9692857142857143,
    0.6500560224089635,
    0.9604621848739496,
    0.9662999745352685
  ],
  "parameters": {
    "cv_method": "k20",
    "db": "breastcan",
    "repetition": 8
  },
  "std": [
    0.027697385303142447,
    0.06493368782773584,
    0.037973989366023676,
    0.02751308163273224,
    0.005673365406565373,
    0.0371387492950396,
    0.02881836889635387
  ]
}