{
  "adv_t": [
    2,
    1,
    2,
    2,
    0,
    2,
    2
  ],
  "adv_w": [
    2,
    1,
    2,
    3,
    0,
    2,
    2
  ],
  "clfs": [
    "Nearest Neighbors",
    "RBF SVM",
    "Decision Tree",
    "Random Forest",
    "Neural Net",
    "Naive Bayes",
    "Linear SVM"
  ],
  "mean": [
    0.9677206851119895,
    0.8641508250203902,
    0.9515026036765166,
    0.9676485350398393,
    0.650021958717611,
    0.9633665851057155,
    0.9646841081623688
  ],
  "parameters": {
    "cv_method": "k30",
    "db": "breastcan",
    "repetition": 4
  },
  "std": [
    0.03480124108067131,
    0.061553225298045015,
    0.040691611103618595,
    0.03665540742400301,
    0.006749040617465121,
    0.03503622501079766,
    0.037616855286760564
  ]
}