{
  "adv_t": [
    2, 
    2, 
    2, 
    0, 
    1, 
    2, 
    2
  ], 
  "adv_w": [
    2, 
    2, 
    2, 
    0, 
    1, 
    3, 
    3
  ], 
  "clfs": [
    "Decision Tree", 
    "Naive Bayes", 
    "Linear SVM", 
    "Neural Net", 
    "RBF SVM", 
    "Random Forest", 
    "Nearest Neighbors"
  ], 
  "mean": [
    0.9486058059587472, 
    0.9618016297428064, 
    0.966384008148714, 
    0.6500560224089635, 
    0.8694283167812582, 
    0.9720982938629996, 
    0.9691965877259996
  ], 
  "parameters": {
    "cv_method": "k20", 
    "db": "breastcan", 
    "repetition": 4
  }, 
  "std": [
    0.036874949523434015, 
    0.028898278958085603, 
    0.02892149582525691, 
    0.005673365406565373, 
    0.06604246298459755, 
    0.026089299775846963, 
    0.030899465515890352
  ]
}