{
  "adv_t": [
    2, 
    3, 
    3, 
    0, 
    1, 
    3, 
    3
  ], 
  "adv_w": [
    2, 
    2, 
    3, 
    0, 
    1, 
    3, 
    3
  ], 
  "clfs": [
    "Decision Tree", 
    "Naive Bayes", 
    "Linear SVM", 
    "Neural Net", 
    "RBF SVM", 
    "Random Forest", 
    "Nearest Neighbors"
  ], 
  "mean": [
    0.9455342902711326, 
    0.9607689801238187, 
    0.9660338529608478, 
    0.6500745999897104, 
    0.8486263312239544, 
    0.9683773216031281, 
    0.9680832090000173
  ], 
  "parameters": {
    "cv_method": "k2x5", 
    "db": "breastcan", 
    "repetition": 8
  }, 
  "std": [
    0.00978560178504033, 
    0.01185901215813199, 
    0.005879826365899396, 
    0.0010032778843290925, 
    0.02178240172475841, 
    0.0040729437162564715, 
    0.007349677486116036
  ]
}