{
  "adv_t": [
    2,
    1,
    2,
    2,
    0,
    2,
    2
  ],
  "adv_w": [
    2,
    1,
    2,
    2,
    0,
    2,
    2
  ],
  "clfs": [
    "Nearest Neighbors",
    "RBF SVM",
    "Decision Tree",
    "Random Forest",
    "Neural Net",
    "Naive Bayes",
    "Linear SVM"
  ],
  "mean": [
    0.9679841897233202,
    0.8691448647970386,
    0.9577075098814232,
    0.9680500658761528,
    0.650021958717611,
    0.9635046113306982,
    0.9680500658761527
  ],
  "parameters": {
    "cv_method": "k30",
    "db": "breastcan",
    "repetition": 5
  },
  "std": [
    0.03963933506021223,
    0.07435595686123236,
    0.040656443938422625,
    0.041083133918692206,
    0.006749040617465121,
    0.038229155517622695,
    0.03946459545936594
  ]
}