{
  "adv_t": [
    2, 
    2, 
    2, 
    0, 
    1, 
    2, 
    3
  ], 
  "adv_w": [
    2, 
    3, 
    3, 
    0, 
    1, 
    3, 
    3
  ], 
  "clfs": [
    "Decision Tree", 
    "Naive Bayes", 
    "Linear SVM", 
    "Neural Net", 
    "RBF SVM", 
    "Random Forest", 
    "Nearest Neighbors"
  ], 
  "mean": [
    0.9427052715959843, 
    0.9633825756129836, 
    0.9662598134646462, 
    0.6500706187731421, 
    0.8636745937830032, 
    0.9692009899352343, 
    0.9706070033464392
  ], 
  "parameters": {
    "cv_method": "k10", 
    "db": "breastcan", 
    "repetition": 1
  }, 
  "std": [
    0.03609047947242939, 
    0.01240801569878395, 
    0.021968389281183564, 
    0.003451514744358402, 
    0.043367748423236444, 
    0.02125670330616857, 
    0.018482198696307493
  ]
}