{
  "adv_t": [
    2, 
    3, 
    3, 
    0, 
    1, 
    5, 
    5
  ], 
  "adv_w": [
    2, 
    3, 
    3, 
    0, 
    1, 
    5, 
    5
  ], 
  "clfs": [
    "Decision Tree", 
    "Naive Bayes", 
    "Linear SVM", 
    "Neural Net", 
    "RBF SVM", 
    "Random Forest", 
    "Nearest Neighbors"
  ], 
  "mean": [
    0.944063727255578, 
    0.9592838400987805, 
    0.9630961568143231, 
    0.6500745999897104, 
    0.8445104697226938, 
    0.9707147879473854, 
    0.9710080430793504
  ], 
  "parameters": {
    "cv_method": "k2x5", 
    "db": "breastcan", 
    "repetition": 1
  }, 
  "std": [
    0.010853792105207052, 
    0.012202532596053512, 
    0.007873989243440651, 
    0.0010032778843290925, 
    0.010899294604604304, 
    0.008290256678869009, 
    0.006257171998285605
  ]
}