{
  "adv_t": [
    5,
    1,
    2,
    4,
    0,
    3,
    3
  ],
  "adv_w": [
    5,
    1,
    2,
    4,
    0,
    3,
    4
  ],
  "clfs": [
    "Nearest Neighbors",
    "RBF SVM",
    "Decision Tree",
    "Random Forest",
    "Neural Net",
    "Naive Bayes",
    "Linear SVM"
  ],
  "mean": [
    0.9701317075680403,
    0.8491931196515237,
    0.9475913635506166,
    0.9677942412237828,
    0.6500745999897104,
    0.9604688652226852,
    0.9651532300938073
  ],
  "parameters": {
    "cv_method": "k2x5",
    "db": "breastcan",
    "repetition": 9
  },
  "std": [
    0.005663065961115783,
    0.006244920750290743,
    0.01379174805028979,
    0.005987006643229667,
    0.0010032778843290925,
    0.008534323585489877,
    0.00487071362265642
  ]
}