{
  "adv_t": [
    2,
    1,
    2,
    2,
    0,
    2,
    2
  ],
  "adv_w": [
    2,
    1,
    2,
    4,
    0,
    2,
    2
  ],
  "clfs": [
    "Nearest Neighbors",
    "RBF SVM",
    "Decision Tree",
    "Random Forest",
    "Neural Net",
    "Naive Bayes",
    "Linear SVM"
  ],
  "mean": [
    0.9691357789059817,
    0.8594565535493885,
    0.9618900382995509,
    0.972184792151773,
    0.6500706187731421,
    0.9618900382995509,
    0.9647892252293518
  ],
  "parameters": {
    "cv_method": "k10",
    "db": "breastcan",
    "repetition": 8
  },
  "std": [
    0.029938402190389943,
    0.04013922643713788,
    0.02848614992403455,
    0.023245989844017236,
    0.003451514744358402,
    0.027829220808015948,
    0.027000010131035777
  ]
}