{
  "adv_t": [
    2,
    1,
    2,
    2,
    0,
    2,
    2
  ],
  "adv_w": [
    2,
    1,
    2,
    2,
    0,
    2,
    2
  ],
  "clfs": [
    "Nearest Neighbors",
    "RBF SVM",
    "Decision Tree",
    "Random Forest",
    "Neural Net",
    "Naive Bayes",
    "Linear SVM"
  ],
  "mean": [
    0.9679831932773109,
    0.869866310160428,
    0.9620588235294119,
    0.9694117647058821,
    0.6500560224089635,
    0.9606302521008404,
    0.9664705882352942
  ],
  "parameters": {
    "cv_method": "k20",
    "db": "breastcan",
    "repetition": 0
  },
  "std": [
    0.028054087769878,
    0.06055134320105514,
    0.028345852239933272,
    0.029128477128775514,
    0.005673365406565373,
    0.03705037808653442,
    0.02549434314903325
  ]
}