{
  "adv_t": [
    2, 
    2, 
    2, 
    0, 
    1, 
    2, 
    2
  ], 
  "adv_w": [
    2, 
    2, 
    3, 
    0, 
    1, 
    2, 
    2
  ], 
  "clfs": [
    "Decision Tree", 
    "Naive Bayes", 
    "Linear SVM", 
    "Neural Net", 
    "RBF SVM", 
    "Random Forest", 
    "Nearest Neighbors"
  ], 
  "mean": [
    0.9503231068448461, 
    0.9621212121212118, 
    0.9665349143610011, 
    0.650021958717611, 
    0.8701455549281637, 
    0.9678524374176547, 
    0.9679183135704874
  ], 
  "parameters": {
    "cv_method": "k30", 
    "db": "breastcan", 
    "repetition": 3
  }, 
  "std": [
    0.040844925018971, 
    0.03914593131051373, 
    0.03906620387091365, 
    0.006749040617465121, 
    0.07145752197529165, 
    0.036247946844381915, 
    0.04127152713621408
  ]
}