{
  "adv_t": [
    2,
    1,
    2,
    2,
    0,
    2,
    2
  ],
  "adv_w": [
    2,
    1,
    2,
    2,
    0,
    2,
    2
  ],
  "clfs": [
    "Nearest Neighbors",
    "RBF SVM",
    "Decision Tree",
    "Random Forest",
    "Neural Net",
    "Naive Bayes",
    "Linear SVM"
  ],
  "mean": [
    0.9673724825898736,
    0.8692703431833866,
    0.955580651232825,
    0.9719900872074784,
    0.650021958717611,
    0.9601919819311123,
    0.969025660330008
  ],
  "parameters": {
    "cv_method": "k30",
    "db": "breastcan",
    "repetition": 0
  },
  "std": [
    0.03570028080666844,
    0.06858333719071306,
    0.047314054746423855,
    0.03442854988053906,
    0.006749040617465121,
    0.03444828546721268,
    0.03341599864238936
  ]
}