{
  "adv_t": [
    2,
    1,
    2,
    2,
    0,
    2,
    2
  ],
  "adv_w": [
    2,
    1,
    2,
    2,
    0,
    2,
    2
  ],
  "clfs": [
    "Nearest Neighbors",
    "RBF SVM",
    "Decision Tree",
    "Random Forest",
    "Neural Net",
    "Naive Bayes",
    "Linear SVM"
  ],
  "mean": [
    0.9692223028082095,
    0.865211665457877,
    0.9573704368184652,
    0.9736133908462801,
    0.6500706187731421,
    0.9632966879159192,
    0.9692223028082095
  ],
  "parameters": {
    "cv_method": "k10",
    "db": "breastcan",
    "repetition": 5
  },
  "std": [
    0.014665871687625657,
    0.03924445166850284,
    0.028422920953573055,
    0.013444866016299382,
    0.003451514744358402,
    0.020032507876735328,
    0.014665871687625657
  ]
}