{
  "adv_t": [
    2, 
    2, 
    2, 
    0, 
    1, 
    2, 
    2
  ], 
  "adv_w": [
    2, 
    2, 
    2, 
    0, 
    1, 
    3, 
    3
  ], 
  "clfs": [
    "Decision Tree", 
    "Naive Bayes", 
    "Linear SVM", 
    "Neural Net", 
    "RBF SVM", 
    "Random Forest", 
    "Nearest Neighbors"
  ], 
  "mean": [
    0.942771755035564, 
    0.9632760112481072, 
    0.9677523507780789, 
    0.6500706187731421, 
    0.8651257777608123, 
    0.9662604496698094, 
    0.9721001768650354
  ], 
  "parameters": {
    "cv_method": "k10", 
    "db": "breastcan", 
    "repetition": 7
  }, 
  "std": [
    0.03068731765271696, 
    0.022306665920847447, 
    0.018079653455409062, 
    0.003451514744358402, 
    0.03508741640255086, 
    0.019726905573650866, 
    0.022377500549223786
  ]
}