{
  "adv_t": [
    3,
    1,
    2,
    3,
    0,
    2,
    3
  ],
  "adv_w": [
    3,
    1,
    2,
    5,
    0,
    3,
    3
  ],
  "clfs": [
    "Nearest Neighbors",
    "RBF SVM",
    "Decision Tree",
    "Random Forest",
    "Neural Net",
    "Naive Bayes",
    "Linear SVM"
  ],
  "mean": [
    0.9678162893970047,
    0.8638470053822956,
    0.9487174103905028,
    0.9751485539056635,
    0.6500706187731421,
    0.9634252013589343,
    0.966367014034686
  ],
  "parameters": {
    "cv_method": "k10",
    "db": "breastcan",
    "repetition": 2
  },
  "std": [
    0.024630556354191178,
    0.027645480769115844,
    0.018880940333973188,
    0.016948703119884247,
    0.003451514744358402,
    0.020915988844964782,
    0.02181647579550214
  ]
}