{
  "adv_t": [
    2, 
    2, 
    2, 
    0, 
    1, 
    2, 
    2
  ], 
  "adv_w": [
    2, 
    3, 
    3, 
    0, 
    1, 
    3, 
    3
  ], 
  "clfs": [
    "Decision Tree", 
    "Naive Bayes", 
    "Linear SVM", 
    "Neural Net", 
    "RBF SVM", 
    "Random Forest", 
    "Nearest Neighbors"
  ], 
  "mean": [
    0.9441966246314073, 
    0.9603362820754126, 
    0.9661333835246879, 
    0.650021958717611, 
    0.8711995733734864, 
    0.9690978104021583, 
    0.9676485350398392
  ], 
  "parameters": {
    "cv_method": "k30", 
    "db": "breastcan", 
    "repetition": 4
  }, 
  "std": [
    0.04313706478470718, 
    0.03362814053972987, 
    0.037806383372314, 
    0.006749040617465121, 
    0.06257923165876277, 
    0.03862014522676823, 
    0.03253670876434198
  ]
}