{
  "adv_t": [
    2, 
    3, 
    3, 
    0, 
    1, 
    3, 
    3
  ], 
  "adv_w": [
    2, 
    3, 
    3, 
    0, 
    1, 
    4, 
    4
  ], 
  "clfs": [
    "Decision Tree", 
    "Naive Bayes", 
    "Linear SVM", 
    "Neural Net", 
    "RBF SVM", 
    "Random Forest", 
    "Nearest Neighbors"
  ], 
  "mean": [
    0.9352849376618476, 
    0.9595865274133526, 
    0.967203443604123, 
    0.6500745999897104, 
    0.8486074668587402, 
    0.9695443398329647, 
    0.9677890963969062
  ], 
  "parameters": {
    "cv_method": "k2x5", 
    "db": "breastcan", 
    "repetition": 6
  }, 
  "std": [
    0.019108449782869786, 
    0.011629331006876024, 
    0.007277273640770725, 
    0.0010032778843290925, 
    0.00637139856225052, 
    0.010542718300243038, 
    0.0061807556088177935
  ]
}