{
  "adv_t": [
    2,
    1,
    2,
    3,
    0,
    2,
    2
  ],
  "adv_w": [
    2,
    1,
    2,
    3,
    0,
    2,
    2
  ],
  "clfs": [
    "Nearest Neighbors",
    "RBF SVM",
    "Decision Tree",
    "Random Forest",
    "Neural Net",
    "Naive Bayes",
    "Linear SVM"
  ],
  "mean": [
    0.9678595513481187,
    0.8681747910066038,
    0.9530878217607615,
    0.9693081905052742,
    0.6500706187731421,
    0.9590786476823047,
    0.9649183748775305
  ],
  "parameters": {
    "cv_method": "k10",
    "db": "breastcan",
    "repetition": 7
  },
  "std": [
    0.013309273798944978,
    0.04327630689119646,
    0.01935879762521312,
    0.012605968442282789,
    0.003451514744358402,
    0.02806803841298136,
    0.013963637657246791
  ]
}