{
  "adv_t": [
    2, 
    2, 
    3, 
    0, 
    1, 
    3, 
    3
  ], 
  "adv_w": [
    2, 
    2, 
    3, 
    0, 
    1, 
    3, 
    3
  ], 
  "clfs": [
    "Decision Tree", 
    "Naive Bayes", 
    "Linear SVM", 
    "Neural Net", 
    "RBF SVM", 
    "Random Forest", 
    "Nearest Neighbors"
  ], 
  "mean": [
    0.94711767250703, 
    0.9618887658892239, 
    0.9692429794760216, 
    0.6500706187731421, 
    0.8651012838620199, 
    0.9706276800142509, 
    0.9707361529946177
  ], 
  "parameters": {
    "cv_method": "k10", 
    "db": "breastcan", 
    "repetition": 0
  }, 
  "std": [
    0.030083457087343984, 
    0.026213777612354137, 
    0.016208143501650448, 
    0.003451514744358402, 
    0.049601008007841015, 
    0.021042732829151405, 
    0.011866170642442228
  ]
}