{
  "adv_t": [
    2, 
    2, 
    2, 
    0, 
    1, 
    3, 
    3
  ], 
  "adv_w": [
    2, 
    2, 
    3, 
    0, 
    1, 
    4, 
    3
  ], 
  "clfs": [
    "Decision Tree", 
    "Naive Bayes", 
    "Linear SVM", 
    "Neural Net", 
    "RBF SVM", 
    "Random Forest", 
    "Nearest Neighbors"
  ], 
  "mean": [
    0.9472663610898904, 
    0.963188184364655, 
    0.9663025210084033, 
    0.6500560224089635, 
    0.8682645785586963, 
    0.97218487394958, 
    0.9692436974789918
  ], 
  "parameters": {
    "cv_method": "k20", 
    "db": "breastcan", 
    "repetition": 2
  }, 
  "std": [
    0.04109493369723308, 
    0.030069755086813258, 
    0.03206158984739368, 
    0.005673365406565373, 
    0.05743348063667607, 
    0.027774482559465966, 
    0.026098741048930413
  ]
}