{
  "adv_t": [
    2, 
    2, 
    2, 
    0, 
    1, 
    3, 
    2
  ], 
  "adv_w": [
    2, 
    2, 
    2, 
    0, 
    1, 
    3, 
    2
  ], 
  "clfs": [
    "Decision Tree", 
    "Naive Bayes", 
    "Linear SVM", 
    "Neural Net", 
    "RBF SVM", 
    "Random Forest", 
    "Nearest Neighbors"
  ], 
  "mean": [
    0.9502325329872378, 
    0.96052728683946, 
    0.9663883269076612, 
    0.6500706187731421, 
    0.871201218969093, 
    0.9780464684251378, 
    0.9693295033782494
  ], 
  "parameters": {
    "cv_method": "k10", 
    "db": "breastcan", 
    "repetition": 2
  }, 
  "std": [
    0.024051807536006848, 
    0.02176908319747349, 
    0.02469760449320874, 
    0.003451514744358402, 
    0.04276529404214996, 
    0.014258299829231501, 
    0.026024060109961493
  ]
}