{
  "adv_t": [
    2, 
    2, 
    2, 
    0, 
    1, 
    2, 
    2
  ], 
  "adv_w": [
    2, 
    2, 
    2, 
    0, 
    1, 
    3, 
    2
  ], 
  "clfs": [
    "Decision Tree", 
    "Naive Bayes", 
    "Linear SVM", 
    "Neural Net", 
    "RBF SVM", 
    "Random Forest", 
    "Nearest Neighbors"
  ], 
  "mean": [
    0.9558567036827905, 
    0.9617918313570487, 
    0.9676485350398393, 
    0.650021958717611, 
    0.8666541188280319, 
    0.9719304849739632, 
    0.9677865612648221
  ], 
  "parameters": {
    "cv_method": "k30", 
    "db": "breastcan", 
    "repetition": 1
  }, 
  "std": [
    0.04660442794548779, 
    0.03455657367775166, 
    0.02824709226798445, 
    0.006749040617465121, 
    0.07703934429060409, 
    0.030004793830143817, 
    0.03040525234377411
  ]
}