{
  "adv_t": [
    4,
    1,
    2,
    4,
    0,
    3,
    4
  ],
  "adv_w": [
    4,
    1,
    2,
    4,
    0,
    3,
    3
  ],
  "clfs": [
    "Nearest Neighbors",
    "RBF SVM",
    "Decision Tree",
    "Random Forest",
    "Neural Net",
    "Naive Bayes",
    "Linear SVM"
  ],
  "mean": [
    0.9683764641319821,
    0.8474455934557803,
    0.9426060263072147,
    0.9674992711495257,
    0.6500745999897104,
    0.9607612628835038,
    0.9666169333401932
  ],
  "parameters": {
    "cv_method": "k2x5",
    "db": "breastcan",
    "repetition": 0
  },
  "std": [
    0.003582567398585307,
    0.013161919727993566,
    0.013553667879464585,
    0.007084694219215037,
    0.0010032778843290925,
    0.008185300022408607,
    0.004413114092620872
  ]
}