{
  "adv_t": [
    4,
    1,
    2,
    4,
    0,
    3,
    3
  ],
  "adv_w": [
    4,
    1,
    2,
    3,
    0,
    3,
    3
  ],
  "clfs": [
    "Nearest Neighbors",
    "RBF SVM",
    "Decision Tree",
    "Random Forest",
    "Neural Net",
    "Naive Bayes",
    "Linear SVM"
  ],
  "mean": [
    0.9698350225514911,
    0.8468642280187272,
    0.9505093378607811,
    0.9704181029308364,
    0.6500745999897104,
    0.9592992745794104,
    0.9642743221690591
  ],
  "parameters": {
    "cv_method": "k2x5",
    "db": "breastcan",
    "repetition": 2
  },
  "std": [
    0.004618071822170342,
    0.015844945923549885,
    0.00656156016717183,
    0.008586305635851686,
    0.0010032778843290925,
    0.006952187239940059,
    0.006741902534527794
  ]
}