{
  "adv_t": [
    2, 
    2, 
    2, 
    0, 
    1, 
    2, 
    2
  ], 
  "adv_w": [
    2, 
    2, 
    2, 
    0, 
    1, 
    3, 
    2
  ], 
  "clfs": [
    "Decision Tree", 
    "Naive Bayes", 
    "Linear SVM", 
    "Neural Net", 
    "RBF SVM", 
    "Random Forest", 
    "Nearest Neighbors"
  ], 
  "mean": [
    0.9563241106719367, 
    0.963504611330698, 
    0.9664690382081684, 
    0.650021958717611, 
    0.869816174164, 
    0.9752305665349142, 
    0.9694993412384716
  ], 
  "parameters": {
    "cv_method": "k30", 
    "db": "breastcan", 
    "repetition": 8
  }, 
  "std": [
    0.03787385919227751, 
    0.03253057635316314, 
    0.027302850376125287, 
    0.006749040617465121, 
    0.06721040547021326, 
    0.02960896236207288, 
    0.03456573125550517
  ]
}