{
  "adv_t": [
    2,
    1,
    2,
    3,
    0,
    2,
    2
  ],
  "adv_w": [
    2,
    1,
    2,
    4,
    0,
    2,
    2
  ],
  "clfs": [
    "Nearest Neighbors",
    "RBF SVM",
    "Decision Tree",
    "Random Forest",
    "Neural Net",
    "Naive Bayes",
    "Linear SVM"
  ],
  "mean": [
    0.9680500658761528,
    0.8692640692640694,
    0.9531432335780162,
    0.9750203902377816,
    0.650021958717611,
    0.9634261873392308,
    0.9661867118388858
  ],
  "parameters": {
    "cv_method": "k30",
    "db": "breastcan",
    "repetition": 3
  },
  "std": [
    0.03415180085064379,
    0.07436603389577967,
    0.043512288763868166,
    0.027954846635952844,
    0.006749040617465121,
    0.030915832545782795,
    0.03677228286327383
  ]
}