{
  "adv_t": [
    2, 
    2, 
    2, 
    0, 
    1, 
    2, 
    2
  ], 
  "adv_w": [
    2, 
    2, 
    2, 
    0, 
    1, 
    3, 
    2
  ], 
  "clfs": [
    "Decision Tree", 
    "Naive Bayes", 
    "Linear SVM", 
    "Neural Net", 
    "RBF SVM", 
    "Random Forest", 
    "Nearest Neighbors"
  ], 
  "mean": [
    0.961779283518414, 
    0.9603896103896103, 
    0.9648158604680345, 
    0.650021958717611, 
    0.8696781479390175, 
    0.9721939895852939, 
    0.9693675889328064
  ], 
  "parameters": {
    "cv_method": "k30", 
    "db": "breastcan", 
    "repetition": 9
  }, 
  "std": [
    0.041304563637680904, 
    0.0427137690442903, 
    0.03357877337533346, 
    0.006749040617465121, 
    0.04787935367988705, 
    0.03881702080867157, 
    0.03286837839595034
  ]
}