{
  "adv_t": [
    2,
    1,
    2,
    2,
    0,
    2,
    2
  ],
  "adv_w": [
    2,
    1,
    2,
    4,
    0,
    2,
    2
  ],
  "clfs": [
    "Nearest Neighbors",
    "RBF SVM",
    "Decision Tree",
    "Random Forest",
    "Neural Net",
    "Naive Bayes",
    "Linear SVM"
  ],
  "mean": [
    0.9693277310924369,
    0.8670932009167304,
    0.9577310924369747,
    0.9752100840336133,
    0.6500560224089635,
    0.9620982938629995,
    0.9664285714285713
  ],
  "parameters": {
    "cv_method": "k20",
    "db": "breastcan",
    "repetition": 6
  },
  "std": [
    0.024192188172311276,
    0.042602003962650646,
    0.03459330333042037,
    0.019553324514345223,
    0.005673365406565373,
    0.028178939345314097,
    0.02883876671169933
  ]
}