{
  "adv_t": [
    2, 
    2, 
    2, 
    0, 
    1, 
    2, 
    2
  ], 
  "adv_w": [
    2, 
    2, 
    2, 
    0, 
    1, 
    2, 
    2
  ], 
  "clfs": [
    "Decision Tree", 
    "Naive Bayes", 
    "Linear SVM", 
    "Neural Net", 
    "RBF SVM", 
    "Random Forest", 
    "Nearest Neighbors"
  ], 
  "mean": [
    0.9515915457091928, 
    0.9618461930226635, 
    0.9677705627705626, 
    0.6500560224089635, 
    0.8682671250318311, 
    0.9678571428571427, 
    0.9663865546218486
  ], 
  "parameters": {
    "cv_method": "k20", 
    "db": "breastcan", 
    "repetition": 7
  }, 
  "std": [
    0.033516171094384054, 
    0.03689512551739754, 
    0.029783004047621672, 
    0.005673365406565373, 
    0.06616915118929251, 
    0.03128236693461739, 
    0.030285253837506985
  ]
}