{
  "adv_t": [
    2,
    1,
    2,
    2,
    0,
    2,
    2
  ],
  "adv_w": [
    2,
    1,
    2,
    2,
    0,
    2,
    2
  ],
  "clfs": [
    "Nearest Neighbors",
    "RBF SVM",
    "Decision Tree",
    "Random Forest",
    "Neural Net",
    "Naive Bayes",
    "Linear SVM"
  ],
  "mean": [
    0.9663968881360184,
    0.8683010226488488,
    0.948334274421231,
    0.9692295627078233,
    0.650021958717611,
    0.9605339105339105,
    0.9663968881360183
  ],
  "parameters": {
    "cv_method": "k30",
    "db": "breastcan",
    "repetition": 9
  },
  "std": [
    0.03175091980207995,
    0.05948346417802816,
    0.04983966995470105,
    0.026102496248781262,
    0.006749040617465121,
    0.03496932736411393,
    0.024839728558274154
  ]
}