{
  "adv_t": [
    3,
    1,
    2,
    3,
    0,
    2,
    3
  ],
  "adv_w": [
    3,
    1,
    2,
    3,
    0,
    2,
    3
  ],
  "clfs": [
    "Nearest Neighbors",
    "RBF SVM",
    "Decision Tree",
    "Random Forest",
    "Neural Net",
    "Naive Bayes",
    "Linear SVM"
  ],
  "mean": [
    0.9677890963969062,
    0.8491922621803777,
    0.9376309787175663,
    0.9692502272298537,
    0.6500745999897104,
    0.9595865274133526,
    0.966909331001012
  ],
  "parameters": {
    "cv_method": "k2x5",
    "db": "breastcan",
    "repetition": 6
  },
  "std": [
    0.0061807556088177935,
    0.006119920607098029,
    0.02119894791738715,
    0.010551878754840843,
    0.0010032778843290925,
    0.011629331006876024,
    0.00769701077469533
  ]
}