{
  "adv_t": [
    2, 
    2, 
    2, 
    0, 
    1, 
    2, 
    2
  ], 
  "adv_w": [
    2, 
    2, 
    2, 
    0, 
    1, 
    2, 
    2
  ], 
  "clfs": [
    "Decision Tree", 
    "Naive Bayes", 
    "Linear SVM", 
    "Neural Net", 
    "RBF SVM", 
    "Random Forest", 
    "Nearest Neighbors"
  ], 
  "mean": [
    0.9473339822626, 
    0.9634252013589342, 
    0.9677949765240295, 
    0.6500706187731421, 
    0.8698591441768142, 
    0.9692655647593236, 
    0.970736789199781
  ], 
  "parameters": {
    "cv_method": "k10", 
    "db": "breastcan", 
    "repetition": 5
  }, 
  "std": [
    0.026797613744672183, 
    0.025149118348312856, 
    0.026650427258221584, 
    0.003451514744358402, 
    0.031147438144207486, 
    0.021275554819710153, 
    0.019555789538050275
  ]
}