{
  "adv_t": [
    2,
    1,
    2,
    2,
    0,
    2,
    2
  ],
  "adv_w": [
    2,
    1,
    2,
    2,
    0,
    2,
    2
  ],
  "clfs": [
    "Nearest Neighbors",
    "RBF SVM",
    "Decision Tree",
    "Random Forest",
    "Neural Net",
    "Naive Bayes",
    "Linear SVM"
  ],
  "mean": [
    0.9693017127799737,
    0.8696059978668672,
    0.9487483530961792,
    0.9665349143610013,
    0.650021958717611,
    0.9632944350335656,
    0.9650856389986824
  ],
  "parameters": {
    "cv_method": "k30",
    "db": "breastcan",
    "repetition": 1
  },
  "std": [
    0.03664628924461333,
    0.0668439993970422,
    0.057148542893313635,
    0.03169684359119414,
    0.006749040617465121,
    0.033172472500760594,
    0.033131954052762105
  ]
}