{
  "adv_t": [
    2, 
    2, 
    2, 
    0, 
    1, 
    2, 
    2
  ], 
  "adv_w": [
    2, 
    2, 
    2, 
    0, 
    1, 
    2, 
    2
  ], 
  "clfs": [
    "Decision Tree", 
    "Naive Bayes", 
    "Linear SVM", 
    "Neural Net", 
    "RBF SVM", 
    "Random Forest", 
    "Nearest Neighbors"
  ], 
  "mean": [
    0.9503293807641635, 
    0.9618451596712466, 
    0.9649476127736997, 
    0.650021958717611, 
    0.8709172470042035, 
    0.9650856389986824, 
    0.96798418972332
  ], 
  "parameters": {
    "cv_method": "k30", 
    "db": "breastcan", 
    "repetition": 5
  }, 
  "std": [
    0.042692836779711814, 
    0.047059201863366366, 
    0.04027681607932671, 
    0.006749040617465121, 
    0.06376137707081754, 
    0.0462675173510819, 
    0.0377992876376493
  ]
}