{
  "adv_t": [
    2, 
    3, 
    3, 
    0, 
    1, 
    3, 
    3
  ], 
  "adv_w": [
    2, 
    3, 
    3, 
    0, 
    1, 
    3, 
    3
  ], 
  "clfs": [
    "Decision Tree", 
    "Naive Bayes", 
    "Linear SVM", 
    "Neural Net", 
    "RBF SVM", 
    "Random Forest", 
    "Nearest Neighbors"
  ], 
  "mean": [
    0.9472955360052137, 
    0.9604671502803932, 
    0.9654507725815027, 
    0.6500745999897104, 
    0.8380665740597829, 
    0.966909331001012, 
    0.9683747491896899
  ], 
  "parameters": {
    "cv_method": "k2x5", 
    "db": "breastcan", 
    "repetition": 4
  }, 
  "std": [
    0.009727730602182745, 
    0.007729274907437517, 
    0.006708366994420948, 
    0.0010032778843290925, 
    0.018630248489237156, 
    0.006186011628011161, 
    0.006878558734366105
  ]
}