{
  "adv_t": [
    2,
    1,
    2,
    2,
    0,
    2,
    2
  ],
  "adv_w": [
    2,
    1,
    2,
    2,
    0,
    2,
    2
  ],
  "clfs": [
    "Nearest Neighbors",
    "RBF SVM",
    "Decision Tree",
    "Random Forest",
    "Neural Net",
    "Naive Bayes",
    "Linear SVM"
  ],
  "mean": [
    0.972095747389865,
    0.8697275273745863,
    0.9574738986503692,
    0.9676394194041252,
    0.6500560224089635,
    0.9618856633562516,
    0.9648268398268399
  ],
  "parameters": {
    "cv_method": "k20",
    "db": "breastcan",
    "repetition": 3
  },
  "std": [
    0.02245494877811768,
    0.06267933785431119,
    0.024154520796765694,
    0.030221558204944536,
    0.005673365406565373,
    0.023631094312376383,
    0.024455668395423638
  ]
}