{
  "adv_t": [
    2, 
    3, 
    3, 
    0, 
    1, 
    3, 
    3
  ], 
  "adv_w": [
    2, 
    2, 
    2, 
    0, 
    1, 
    3, 
    3
  ], 
  "clfs": [
    "Decision Tree", 
    "Naive Bayes", 
    "Linear SVM", 
    "Neural Net", 
    "RBF SVM", 
    "Random Forest", 
    "Nearest Neighbors"
  ], 
  "mean": [
    0.9484634117061962, 
    0.961342628320557, 
    0.9645607175318552, 
    0.6500745999897104, 
    0.8442215019464594, 
    0.968662859494778, 
    0.9680789216442868
  ], 
  "parameters": {
    "cv_method": "k2x5", 
    "db": "breastcan", 
    "repetition": 5
  }, 
  "std": [
    0.009370964957484983, 
    0.0066190342983961595, 
    0.009632815572625145, 
    0.0010032778843290925, 
    0.009146391761358171, 
    0.00831101958994627, 
    0.0062637118504326236
  ]
}