{
  "adv_t": [
    2, 
    2, 
    2, 
    0, 
    1, 
    2, 
    2
  ], 
  "adv_w": [
    2, 
    2, 
    2, 
    0, 
    1, 
    2, 
    2
  ], 
  "clfs": [
    "Decision Tree", 
    "Naive Bayes", 
    "Linear SVM", 
    "Neural Net", 
    "RBF SVM", 
    "Random Forest", 
    "Nearest Neighbors"
  ], 
  "mean": [
    0.9516178697306307, 
    0.9634684633100482, 
    0.9663457011617107, 
    0.6500706187731421, 
    0.8710927459887264, 
    0.970715476326806, 
    0.96783760226998
  ], 
  "parameters": {
    "cv_method": "k10", 
    "db": "breastcan", 
    "repetition": 3
  }, 
  "std": [
    0.030238499950927217, 
    0.02086396784897111, 
    0.020764077466995524, 
    0.003451514744358402, 
    0.02956394053313846, 
    0.01957336949479723, 
    0.017941900854431366
  ]
}