{
  "adv_t": [
    2, 
    2, 
    2, 
    0, 
    1, 
    2, 
    2
  ], 
  "adv_w": [
    2, 
    2, 
    2, 
    0, 
    1, 
    2, 
    2
  ], 
  "clfs": [
    "Decision Tree", 
    "Naive Bayes", 
    "Linear SVM", 
    "Neural Net", 
    "RBF SVM", 
    "Random Forest", 
    "Nearest Neighbors"
  ], 
  "mean": [
    0.9605016552075373, 
    0.9618856633562516, 
    0.9662974280621338, 
    0.6500560224089635, 
    0.8697822765469827, 
    0.9692386045327221, 
    0.967768016297428
  ], 
  "parameters": {
    "cv_method": "k20", 
    "db": "breastcan", 
    "repetition": 8
  }, 
  "std": [
    0.03319547194112437, 
    0.0315963943193876, 
    0.028827550476293002, 
    0.005673365406565373, 
    0.06457965386220901, 
    0.03349126166604397, 
    0.031282944068612525
  ]
}