{
  "adv_t": [
    2,
    1,
    2,
    2,
    0,
    2,
    2
  ],
  "adv_w": [
    2,
    1,
    2,
    2,
    0,
    2,
    2
  ],
  "clfs": [
    "Nearest Neighbors",
    "RBF SVM",
    "Decision Tree",
    "Random Forest",
    "Neural Net",
    "Naive Bayes",
    "Linear SVM"
  ],
  "mean": [
    0.9707361529946177,
    0.8670038554032905,
    0.9619985112799176,
    0.9722719522591646,
    0.6500706187731421,
    0.9634477866422364,
    0.964917738672367
  ],
  "parameters": {
    "cv_method": "k10",
    "db": "breastcan",
    "repetition": 3
  },
  "std": [
    0.015392299498104783,
    0.04563847372317489,
    0.02194727353927663,
    0.014459091033960973,
    0.003451514744358402,
    0.01723262036957611,
    0.012123065295603506
  ]
}