{
  "adv_t": [
    2, 
    3, 
    4, 
    0, 
    1, 
    4, 
    4
  ], 
  "adv_w": [
    2, 
    3, 
    4, 
    0, 
    1, 
    4, 
    4
  ], 
  "clfs": [
    "Decision Tree", 
    "Naive Bayes", 
    "Linear SVM", 
    "Neural Net", 
    "RBF SVM", 
    "Random Forest", 
    "Nearest Neighbors"
  ], 
  "mean": [
    0.9440671571401623, 
    0.9607612628835038, 
    0.966909331001012, 
    0.6500745999897104, 
    0.8468599406629966, 
    0.9701334225103325, 
    0.9683764641319821
  ], 
  "parameters": {
    "cv_method": "k2x5", 
    "db": "breastcan", 
    "repetition": 0
  }, 
  "std": [
    0.013581212724556379, 
    0.008185300022408607, 
    0.00438439315901484, 
    0.0010032778843290925, 
    0.013489544799205683, 
    0.005301444295754515, 
    0.003582567398585307
  ]
}