{
  "adv_t": [
    2, 
    2, 
    2, 
    0, 
    1, 
    2, 
    2
  ], 
  "adv_w": [
    2, 
    2, 
    2, 
    0, 
    1, 
    2, 
    3
  ], 
  "clfs": [
    "Decision Tree", 
    "Naive Bayes", 
    "Linear SVM", 
    "Neural Net", 
    "RBF SVM", 
    "Random Forest", 
    "Nearest Neighbors"
  ], 
  "mean": [
    0.9532156989986131, 
    0.9634465142319094, 
    0.9679015408889058, 
    0.6500706187731421, 
    0.8668288989833443, 
    0.9736986423381812, 
    0.9678802280159304
  ], 
  "parameters": {
    "cv_method": "k10", 
    "db": "breastcan", 
    "repetition": 8
  }, 
  "std": [
    0.028856626137656258, 
    0.02183797144436685, 
    0.02341153722537698, 
    0.003451514744358402, 
    0.05203266747023264, 
    0.021421809464388285, 
    0.022373985837495034
  ]
}