{
  "adv_t": [
    2, 
    2, 
    2, 
    0, 
    1, 
    2, 
    2
  ], 
  "adv_w": [
    2, 
    2, 
    2, 
    0, 
    1, 
    2, 
    2
  ], 
  "clfs": [
    "Decision Tree", 
    "Naive Bayes", 
    "Linear SVM", 
    "Neural Net", 
    "RBF SVM", 
    "Random Forest", 
    "Nearest Neighbors"
  ], 
  "mean": [
    0.9533596837944665, 
    0.9620553359683793, 
    0.9664690382081687, 
    0.650021958717611, 
    0.8707070707070705, 
    0.9692295627078237, 
    0.9693675889328064
  ], 
  "parameters": {
    "cv_method": "k30", 
    "db": "breastcan", 
    "repetition": 6
  }, 
  "std": [
    0.04846616598376043, 
    0.04123142405722359, 
    0.042432576653222975, 
    0.006749040617465121, 
    0.07558541737645208, 
    0.04007553661996815, 
    0.04464210437521861
  ]
}