{
  "adv_t": [
    2, 
    2, 
    2, 
    0, 
    1, 
    2, 
    2
  ], 
  "adv_w": [
    2, 
    2, 
    2, 
    0, 
    1, 
    2, 
    2
  ], 
  "clfs": [
    "Decision Tree", 
    "Naive Bayes", 
    "Linear SVM", 
    "Neural Net", 
    "RBF SVM", 
    "Random Forest", 
    "Nearest Neighbors"
  ], 
  "mean": [
    0.9575036075036075, 
    0.9603362820754126, 
    0.9648158604680344, 
    0.650021958717611, 
    0.8698099002446829, 
    0.9706788380701424, 
    0.9677802873455048
  ], 
  "parameters": {
    "cv_method": "k30", 
    "db": "breastcan", 
    "repetition": 0
  }, 
  "std": [
    0.029528156041857767, 
    0.029291491943020078, 
    0.03138539920552199, 
    0.006749040617465121, 
    0.07083230975624308, 
    0.03129070469135013, 
    0.028188257156261175
  ]
}