{
  "adv_t": [
    3,
    1,
    2,
    3,
    0,
    2,
    3
  ],
  "adv_w": [
    3,
    1,
    2,
    3,
    0,
    2,
    3
  ],
  "clfs": [
    "Nearest Neighbors",
    "RBF SVM",
    "Decision Tree",
    "Random Forest",
    "Neural Net",
    "Naive Bayes",
    "Linear SVM"
  ],
  "mean": [
    0.9692502272298537,
    0.8439153847473033,
    0.9467115981547222,
    0.9698393099072217,
    0.6500745999897104,
    0.9587067620174581,
    0.966614360926755
  ],
  "parameters": {
    "cv_method": "k2x5",
    "db": "breastcan",
    "repetition": 7
  },
  "std": [
    0.008321213909013518,
    0.02337738991528868,
    0.009514048594467885,
    0.007435216204106057,
    0.0010032778843290925,
    0.011016336461975258,
    0.006667681333489386
  ]
}