{
  "adv_t": [
    2, 
    3, 
    3, 
    0, 
    1, 
    4, 
    4
  ], 
  "adv_w": [
    2, 
    3, 
    3, 
    0, 
    1, 
    4, 
    4
  ], 
  "clfs": [
    "Decision Tree", 
    "Naive Bayes", 
    "Linear SVM", 
    "Neural Net", 
    "RBF SVM", 
    "Random Forest", 
    "Nearest Neighbors"
  ], 
  "mean": [
    0.948175301401108, 
    0.9587067620174581, 
    0.9657371679442989, 
    0.6500745999897104, 
    0.843036476822555, 
    0.9692545145855842, 
    0.9692502272298537
  ], 
  "parameters": {
    "cv_method": "k2x5", 
    "db": "breastcan", 
    "repetition": 7
  }, 
  "std": [
    0.010856108819951854, 
    0.011016336461975258, 
    0.006194454488867794, 
    0.0010032778843290925, 
    0.023343793879375272, 
    0.009172061382182226, 
    0.008321213909013518
  ]
}