{
  "adv_t": [
    3,
    1,
    2,
    3,
    0,
    3,
    3
  ],
  "adv_w": [
    3,
    1,
    2,
    4,
    0,
    3,
    3
  ],
  "clfs": [
    "Nearest Neighbors",
    "RBF SVM",
    "Decision Tree",
    "Random Forest",
    "Neural Net",
    "Naive Bayes",
    "Linear SVM"
  ],
  "mean": [
    0.9669136183567423,
    0.8450935501020391,
    0.9461216580062082,
    0.968375606660836,
    0.6500745999897104,
    0.9598814974876098,
    0.9651609473341223
  ],
  "parameters": {
    "cv_method": "k2x5",
    "db": "breastcan",
    "repetition": 3
  },
  "std": [
    0.00754582750165721,
    0.016196653847736404,
    0.009578645016798244,
    0.009645428163223311,
    0.0010032778843290925,
    0.013680491087044864,
    0.010338009480942528
  ]
}