{
  "adv_t": [
    3, 
    3, 
    3, 
    0, 
    0, 
    3, 
    0
  ], 
  "adv_w": [
    2, 
    3, 
    3, 
    0, 
    0, 
    3, 
    0
  ], 
  "clfs": [
    "Decision Tree", 
    "Naive Bayes", 
    "Linear SVM", 
    "Neural Net", 
    "RBF SVM", 
    "Random Forest", 
    "Nearest Neighbors"
  ], 
  "mean": [
    0.7369617224880384, 
    0.7551606288448394, 
    0.770762132604238, 
    0.6510594668489406, 
    0.6510594668489406, 
    0.7408578263841422, 
    0.673086124401914
  ], 
  "parameters": {
    "cv_method": "k10", 
    "db": "diabetes", 
    "repetition": 5
  }, 
  "std": [
    0.056783162395043774, 
    0.03652455442517639, 
    0.039463881334495, 
    0.003602503600100705, 
    0.003602503600100705, 
    0.041970113940555394, 
    0.03259782568833025
  ]
}