{
  "adv_t": [
    0,
    0,
    2,
    2,
    0,
    2,
    4
  ],
  "adv_w": [
    0,
    0,
    2,
    2,
    0,
    2,
    4
  ],
  "clfs": [
    "Nearest Neighbors",
    "RBF SVM",
    "Decision Tree",
    "Random Forest",
    "Neural Net",
    "Naive Bayes",
    "Linear SVM"
  ],
  "mean": [
    0.6824504442925496,
    0.6510594668489406,
    0.744771018455229,
    0.7213602187286398,
    0.6510594668489406,
    0.7525974025974026,
    0.7747265892002734
  ],
  "parameters": {
    "cv_method": "k10",
    "db": "diabetes",
    "repetition": 3
  },
  "std": [
    0.07081536405637429,
    0.003602503600100705,
    0.04877231108591206,
    0.023742548619244002,
    0.003602503600100705,
    0.035738015949225446,
    0.03482095543990812
  ]
}