{
  "adv_t": [
    3, 
    4, 
    5, 
    0, 
    0, 
    3, 
    2
  ], 
  "adv_w": [
    3, 
    4, 
    5, 
    0, 
    0, 
    3, 
    0
  ], 
  "clfs": [
    "Decision Tree", 
    "Naive Bayes", 
    "Linear SVM", 
    "Neural Net", 
    "RBF SVM", 
    "Random Forest", 
    "Nearest Neighbors"
  ], 
  "mean": [
    0.7278645833333334, 
    0.7557291666666668, 
    0.7697916666666667, 
    0.6510416666666667, 
    0.6510416666666667, 
    0.73203125, 
    0.6747395833333334
  ], 
  "parameters": {
    "cv_method": "k2x5", 
    "db": "diabetes", 
    "repetition": 1
  }, 
  "std": [
    0.016798613264204527, 
    0.01664314022389843, 
    0.013514930872242054, 
    1.1702778228589004e-16, 
    1.1702778228589004e-16, 
    0.021941381313114013, 
    0.020188591086785734
  ]
}