{
  "adv_t": [
    3, 
    3, 
    3, 
    0, 
    0, 
    3, 
    0
  ], 
  "adv_w": [
    4, 
    3, 
    4, 
    0, 
    0, 
    3, 
    0
  ], 
  "clfs": [
    "Decision Tree", 
    "Naive Bayes", 
    "Linear SVM", 
    "Neural Net", 
    "RBF SVM", 
    "Random Forest", 
    "Nearest Neighbors"
  ], 
  "mean": [
    0.7709851551956814, 
    0.7554318488529015, 
    0.7775641025641027, 
    0.6511470985155199, 
    0.6511470985155199, 
    0.7317476383265857, 
    0.6719635627530365
  ], 
  "parameters": {
    "cv_method": "k20", 
    "db": "diabetes", 
    "repetition": 2
  }, 
  "std": [
    0.07369667185454701, 
    0.05568441473724064, 
    0.0652749324469725, 
    0.008478824054487763, 
    0.008478824054487763, 
    0.06891549907320929, 
    0.04958639533277162
  ]
}