{
  "adv_t": [
    0,
    0,
    3,
    3,
    0,
    3,
    3
  ],
  "adv_w": [
    0,
    0,
    3,
    3,
    0,
    3,
    4
  ],
  "clfs": [
    "Nearest Neighbors",
    "RBF SVM",
    "Decision Tree",
    "Random Forest",
    "Neural Net",
    "Naive Bayes",
    "Linear SVM"
  ],
  "mean": [
    0.6757085020242917,
    0.6511470985155199,
    0.7541160593792172,
    0.7398110661268555,
    0.6511470985155199,
    0.7543522267206477,
    0.7699392712550607
  ],
  "parameters": {
    "cv_method": "k20",
    "db": "diabetes",
    "repetition": 6
  },
  "std": [
    0.07034644813885363,
    0.008478824054487763,
    0.0960199278515746,
    0.07107675702699315,
    0.008478824054487763,
    0.07450774376964965,
    0.05846023651716484
  ]
}