{
  "adv_t": [
    2,
    0,
    3,
    3,
    0,
    3,
    3
  ],
  "adv_w": [
    2,
    0,
    3,
    3,
    0,
    3,
    4
  ],
  "clfs": [
    "Nearest Neighbors",
    "RBF SVM",
    "Decision Tree",
    "Random Forest",
    "Neural Net",
    "Naive Bayes",
    "Linear SVM"
  ],
  "mean": [
    0.6810492139439508,
    0.6510594668489406,
    0.7447539302802461,
    0.7408920027341079,
    0.6510594668489406,
    0.7512816131237186,
    0.7696514012303487
  ],
  "parameters": {
    "cv_method": "k10",
    "db": "diabetes",
    "repetition": 6
  },
  "std": [
    0.03976821738260062,
    0.003602503600100705,
    0.032250562137005695,
    0.01764198096589861,
    0.003602503600100705,
    0.028563247833237874,
    0.050787890816376004
  ]
}