{
  "adv_t": [
    2,
    0,
    3,
    3,
    0,
    3,
    4
  ],
  "adv_w": [
    0,
    0,
    3,
    3,
    0,
    3,
    4
  ],
  "clfs": [
    "Nearest Neighbors",
    "RBF SVM",
    "Decision Tree",
    "Random Forest",
    "Neural Net",
    "Naive Bayes",
    "Linear SVM"
  ],
  "mean": [
    0.6861927546138071,
    0.6510594668489406,
    0.7525803144224197,
    0.7343301435406699,
    0.6510594668489406,
    0.7524777853725222,
    0.7733766233766234
  ],
  "parameters": {
    "cv_method": "k10",
    "db": "diabetes",
    "repetition": 4
  },
  "std": [
    0.05235369885629868,
    0.003602503600100705,
    0.03935151484781123,
    0.035808419159889575,
    0.003602503600100705,
    0.052830518772582526,
    0.03894844563894854
  ]
}