{
  "adv_t": [
    0,
    0,
    3,
    3,
    0,
    3,
    3
  ],
  "adv_w": [
    0,
    0,
    3,
    3,
    0,
    3,
    3
  ],
  "clfs": [
    "Nearest Neighbors",
    "RBF SVM",
    "Decision Tree",
    "Random Forest",
    "Neural Net",
    "Naive Bayes",
    "Linear SVM"
  ],
  "mean": [
    0.6822393162393161,
    0.6510085470085472,
    0.7644145299145301,
    0.7510213675213676,
    0.6510085470085472,
    0.7537991452991453,
    0.7762051282051284
  ],
  "parameters": {
    "cv_method": "k30",
    "db": "diabetes",
    "repetition": 1
  },
  "std": [
    0.08019191266400262,
    0.00747616564932383,
    0.06815067399466299,
    0.06708023529331106,
    0.00747616564932383,
    0.09143602142917572,
    0.0787921367948236
  ]
}