{
  "adv_t": [
    0,
    0,
    3,
    2,
    0,
    3,
    3
  ],
  "adv_w": [
    0,
    0,
    3,
    3,
    0,
    3,
    4
  ],
  "clfs": [
    "Nearest Neighbors",
    "RBF SVM",
    "Decision Tree",
    "Random Forest",
    "Neural Net",
    "Naive Bayes",
    "Linear SVM"
  ],
  "mean": [
    0.6800607287449392,
    0.6511470985155199,
    0.7576923076923077,
    0.7370107962213225,
    0.6511470985155199,
    0.7540485829959513,
    0.7799932523616734
  ],
  "parameters": {
    "cv_method": "k20",
    "db": "diabetes",
    "repetition": 1
  },
  "std": [
    0.07216014781393594,
    0.008478824054487763,
    0.06480835815958966,
    0.06330143953896301,
    0.008478824054487763,
    0.053628590072243285,
    0.05991654671591873
  ]
}