{
  "adv_t": [
    3, 
    4, 
    6, 
    0, 
    0, 
    3, 
    2
  ], 
  "adv_w": [
    2, 
    3, 
    6, 
    0, 
    0, 
    2, 
    2
  ], 
  "clfs": [
    "Decision Tree", 
    "Naive Bayes", 
    "Linear SVM", 
    "Neural Net", 
    "RBF SVM", 
    "Random Forest", 
    "Nearest Neighbors"
  ], 
  "mean": [
    0.7190104166666667, 
    0.7520833333333333, 
    0.7750000000000001, 
    0.6510416666666667, 
    0.6510416666666667, 
    0.7361979166666667, 
    0.6815104166666668
  ], 
  "parameters": {
    "cv_method": "k2x5", 
    "db": "diabetes", 
    "repetition": 8
  }, 
  "std": [
    0.03106741606961036, 
    0.009572256077840438, 
    0.014274169993815599, 
    1.1702778228589004e-16, 
    1.1702778228589004e-16, 
    0.0168344599056922, 
    0.019643773089214684
  ]
}