{
  "adv_t": [
    0,
    0,
    3,
    3,
    0,
    3,
    5
  ],
  "adv_w": [
    0,
    0,
    3,
    3,
    0,
    3,
    5
  ],
  "clfs": [
    "Nearest Neighbors",
    "RBF SVM",
    "Decision Tree",
    "Random Forest",
    "Neural Net",
    "Naive Bayes",
    "Linear SVM"
  ],
  "mean": [
    0.6669270833333333,
    0.6510416666666667,
    0.7236979166666668,
    0.73359375,
    0.6510416666666667,
    0.7466145833333333,
    0.7692708333333333
  ],
  "parameters": {
    "cv_method": "k2x5",
    "db": "diabetes",
    "repetition": 9
  },
  "std": [
    0.022450608618774567,
    1.1702778228589004e-16,
    0.022882774285239067,
    0.017876465584612616,
    1.1702778228589004e-16,
    0.018980466958547312,
    0.01949553060920806
  ]
}