{
  "adv_t": [
    3, 
    3, 
    4, 
    0, 
    0, 
    3, 
    2
  ], 
  "adv_w": [
    3, 
    3, 
    6, 
    0, 
    0, 
    3, 
    2
  ], 
  "clfs": [
    "Decision Tree", 
    "Naive Bayes", 
    "Linear SVM", 
    "Neural Net", 
    "RBF SVM", 
    "Random Forest", 
    "Nearest Neighbors"
  ], 
  "mean": [
    0.745576923076923, 
    0.7511709401709402, 
    0.7760512820512823, 
    0.6510085470085472, 
    0.6510085470085472, 
    0.7308290598290598, 
    0.6795897435897434
  ], 
  "parameters": {
    "cv_method": "k30", 
    "db": "diabetes", 
    "repetition": 2
  }, 
  "std": [
    0.08317245403854404, 
    0.07958454102073885, 
    0.06494037291802487, 
    0.00747616564932383, 
    0.00747616564932383, 
    0.058002972705718116, 
    0.06714960087374988
  ]
}