{
  "adv_t": [
    3, 
    3, 
    4, 
    0, 
    0, 
    3, 
    0
  ], 
  "adv_w": [
    3, 
    3, 
    3, 
    0, 
    0, 
    2, 
    0
  ], 
  "clfs": [
    "Decision Tree", 
    "Naive Bayes", 
    "Linear SVM", 
    "Neural Net", 
    "RBF SVM", 
    "Random Forest", 
    "Nearest Neighbors"
  ], 
  "mean": [
    0.7317498291182503, 
    0.7525974025974026, 
    0.7760423786739576, 
    0.6510594668489406, 
    0.6510594668489406, 
    0.7461038961038962, 
    0.6718899521531101
  ], 
  "parameters": {
    "cv_method": "k10", 
    "db": "diabetes", 
    "repetition": 9
  }, 
  "std": [
    0.03330132192181823, 
    0.03299712380980002, 
    0.031066784619577563, 
    0.003602503600100705, 
    0.003602503600100705, 
    0.040742531945098415, 
    0.03995714476721313
  ]
}