{
  "adv_t": [
    3, 
    5, 
    6, 
    0, 
    0, 
    3, 
    2
  ], 
  "adv_w": [
    3, 
    5, 
    6, 
    0, 
    0, 
    3, 
    2
  ], 
  "clfs": [
    "Decision Tree", 
    "Naive Bayes", 
    "Linear SVM", 
    "Neural Net", 
    "RBF SVM", 
    "Random Forest", 
    "Nearest Neighbors"
  ], 
  "mean": [
    0.7231770833333333, 
    0.7466145833333333, 
    0.7692708333333333, 
    0.6510416666666667, 
    0.6510416666666667, 
    0.7302083333333333, 
    0.6669270833333333
  ], 
  "parameters": {
    "cv_method": "k2x5", 
    "db": "diabetes", 
    "repetition": 9
  }, 
  "std": [
    0.021616152051507423, 
    0.018980466958547312, 
    0.021092142428454773, 
    1.1702778228589004e-16, 
    1.1702778228589004e-16, 
    0.014379360583922671, 
    0.022450608618774567
  ]
}