{
  "adv_t": [
    2,
    0,
    3,
    3,
    0,
    3,
    5
  ],
  "adv_w": [
    0,
    0,
    3,
    3,
    0,
    4,
    5
  ],
  "clfs": [
    "Nearest Neighbors",
    "RBF SVM",
    "Decision Tree",
    "Random Forest",
    "Neural Net",
    "Naive Bayes",
    "Linear SVM"
  ],
  "mean": [
    0.6742914979757084,
    0.6511470985155199,
    0.7370782726045884,
    0.727800269905533,
    0.6511470985155199,
    0.7537449392712549,
    0.7732793522267206
  ],
  "parameters": {
    "cv_method": "k20",
    "db": "diabetes",
    "repetition": 3
  },
  "std": [
    0.05542976780387544,
    0.008478824054487763,
    0.06263828467524035,
    0.06066849928948547,
    0.008478824054487763,
    0.05031236125913323,
    0.06480691608271875
  ]
}