{
  "adv_t": [
    2,
    0,
    3,
    3,
    0,
    3,
    5
  ],
  "adv_w": [
    2,
    0,
    3,
    3,
    0,
    3,
    6
  ],
  "clfs": [
    "Nearest Neighbors",
    "RBF SVM",
    "Decision Tree",
    "Random Forest",
    "Neural Net",
    "Naive Bayes",
    "Linear SVM"
  ],
  "mean": [
    0.677118933697881,
    0.6510594668489406,
    0.7538448393711551,
    0.7331168831168833,
    0.6510594668489406,
    0.7551777170198224,
    0.786449077238551
  ],
  "parameters": {
    "cv_method": "k10",
    "db": "diabetes",
    "repetition": 7
  },
  "std": [
    0.04259046454654001,
    0.003602503600100705,
    0.035397897720464026,
    0.05399585694748648,
    0.003602503600100705,
    0.04879936869324209,
    0.03081857608896675
  ]
}