{
  "adv_t": [
    2,
    0,
    3,
    3,
    0,
    3,
    3
  ],
  "adv_w": [
    2,
    0,
    3,
    3,
    0,
    3,
    4
  ],
  "clfs": [
    "Nearest Neighbors",
    "RBF SVM",
    "Decision Tree",
    "Random Forest",
    "Neural Net",
    "Naive Bayes",
    "Linear SVM"
  ],
  "mean": [
    0.6798461538461538,
    0.6510085470085472,
    0.761752136752137,
    0.7394273504273505,
    0.6510085470085472,
    0.7536965811965816,
    0.7693333333333333
  ],
  "parameters": {
    "cv_method": "k30",
    "db": "diabetes",
    "repetition": 3
  },
  "std": [
    0.08428302892403902,
    0.00747616564932383,
    0.06977120927254457,
    0.08781935263119572,
    0.00747616564932383,
    0.09324953051284592,
    0.07096810176697563
  ]
}