{
  "adv_t": [
    3, 
    3, 
    3, 
    0, 
    0, 
    3, 
    0
  ], 
  "adv_w": [
    2, 
    3, 
    3, 
    0, 
    0, 
    3, 
    0
  ], 
  "clfs": [
    "Decision Tree", 
    "Naive Bayes", 
    "Linear SVM", 
    "Neural Net", 
    "RBF SVM", 
    "Random Forest", 
    "Nearest Neighbors"
  ], 
  "mean": [
    0.7485987696514013, 
    0.753896103896104, 
    0.7707963089542037, 
    0.6510594668489406, 
    0.6510594668489406, 
    0.7368421052631581, 
    0.6757347915242652
  ], 
  "parameters": {
    "cv_method": "k10", 
    "db": "diabetes", 
    "repetition": 8
  }, 
  "std": [
    0.06383092524545021, 
    0.028489950515242238, 
    0.029265552800424012, 
    0.003602503600100705, 
    0.003602503600100705, 
    0.03314234785500504, 
    0.02892523253055721
  ]
}