{
  "adv_t": [
    2,
    0,
    3,
    3,
    0,
    4,
    6
  ],
  "adv_w": [
    2,
    0,
    3,
    3,
    0,
    3,
    6
  ],
  "clfs": [
    "Nearest Neighbors",
    "RBF SVM",
    "Decision Tree",
    "Random Forest",
    "Neural Net",
    "Naive Bayes",
    "Linear SVM"
  ],
  "mean": [
    0.6815104166666668,
    0.6510416666666667,
    0.7229166666666667,
    0.73984375,
    0.6510416666666667,
    0.7520833333333333,
    0.7760416666666666
  ],
  "parameters": {
    "cv_method": "k2x5",
    "db": "diabetes",
    "repetition": 8
  },
  "std": [
    0.019643773089214684,
    1.1702778228589004e-16,
    0.029620925189887945,
    0.015838148786490952,
    1.1702778228589004e-16,
    0.009572256077840438,
    0.012698558019381767
  ]
}