{
  "adv_t": [
    0,
    0,
    3,
    3,
    0,
    3,
    4
  ],
  "adv_w": [
    0,
    0,
    3,
    3,
    0,
    4,
    5
  ],
  "clfs": [
    "Nearest Neighbors",
    "RBF SVM",
    "Decision Tree",
    "Random Forest",
    "Neural Net",
    "Naive Bayes",
    "Linear SVM"
  ],
  "mean": [
    0.6691729323308271,
    0.6510594668489406,
    0.7537935748462063,
    0.7318352699931647,
    0.6510594668489406,
    0.7578263841421736,
    0.7708304853041695
  ],
  "parameters": {
    "cv_method": "k10",
    "db": "diabetes",
    "repetition": 8
  },
  "std": [
    0.04391871520246408,
    0.003602503600100705,
    0.04793745294452348,
    0.04718042396442843,
    0.003602503600100705,
    0.057426540271729117,
    0.04630334538347312
  ]
}