{
  "adv_t": [
    0,
    0,
    3,
    3,
    0,
    3,
    3
  ],
  "adv_w": [
    0,
    0,
    3,
    3,
    0,
    3,
    3
  ],
  "clfs": [
    "Nearest Neighbors",
    "RBF SVM",
    "Decision Tree",
    "Random Forest",
    "Neural Net",
    "Naive Bayes",
    "Linear SVM"
  ],
  "mean": [
    0.6682186234817813,
    0.6511470985155199,
    0.7605263157894736,
    0.7411268556005397,
    0.6511470985155199,
    0.7539136302294198,
    0.7721322537112011
  ],
  "parameters": {
    "cv_method": "k20",
    "db": "diabetes",
    "repetition": 7
  },
  "std": [
    0.0846875936930326,
    0.008478824054487763,
    0.06692111184983043,
    0.0463625918992859,
    0.008478824054487763,
    0.05599581281998335,
    0.047110582589398244
  ]
}