{
  "adv_t": [
    3, 
    3, 
    3, 
    0, 
    0, 
    3, 
    0
  ], 
  "adv_w": [
    3, 
    3, 
    5, 
    0, 
    0, 
    3, 
    0
  ], 
  "clfs": [
    "Decision Tree", 
    "Naive Bayes", 
    "Linear SVM", 
    "Neural Net", 
    "RBF SVM", 
    "Random Forest", 
    "Nearest Neighbors"
  ], 
  "mean": [
    0.7607051282051281, 
    0.7536794871794874, 
    0.7757735042735043, 
    0.6510085470085472, 
    0.6510085470085472, 
    0.7512692307692308, 
    0.672662393162393
  ], 
  "parameters": {
    "cv_method": "k30", 
    "db": "diabetes", 
    "repetition": 3
  }, 
  "std": [
    0.08653099650154863, 
    0.07173424203561013, 
    0.07426105998411045, 
    0.00747616564932383, 
    0.00747616564932383, 
    0.07497269788038698, 
    0.08845173309829704
  ]
}