{
  "adv_t": [
    3, 
    3, 
    3, 
    0, 
    0, 
    3, 
    0
  ], 
  "adv_w": [
    3, 
    3, 
    3, 
    0, 
    0, 
    3, 
    0
  ], 
  "clfs": [
    "Decision Tree", 
    "Naive Bayes", 
    "Linear SVM", 
    "Neural Net", 
    "RBF SVM", 
    "Random Forest", 
    "Nearest Neighbors"
  ], 
  "mean": [
    0.773034188034188, 
    0.7510769230769231, 
    0.7720042735042735, 
    0.6510085470085472, 
    0.6510085470085472, 
    0.7526153846153846, 
    0.6703803418803417
  ], 
  "parameters": {
    "cv_method": "k30", 
    "db": "diabetes", 
    "repetition": 6
  }, 
  "std": [
    0.08764492785050285, 
    0.10124361378768158, 
    0.07846281330290444, 
    0.00747616564932383, 
    0.00747616564932383, 
    0.09774833916036882, 
    0.09330678300266074
  ]
}