{
  "adv_t": [
    3, 
    4, 
    5, 
    0, 
    0, 
    3, 
    2
  ], 
  "adv_w": [
    3, 
    4, 
    6, 
    0, 
    0, 
    3, 
    2
  ], 
  "clfs": [
    "Decision Tree", 
    "Naive Bayes", 
    "Linear SVM", 
    "Neural Net", 
    "RBF SVM", 
    "Random Forest", 
    "Nearest Neighbors"
  ], 
  "mean": [
    0.72109375, 
    0.7552083333333333, 
    0.7700520833333333, 
    0.6510416666666667, 
    0.6510416666666667, 
    0.7401041666666667, 
    0.67734375
  ], 
  "parameters": {
    "cv_method": "k2x5", 
    "db": "diabetes", 
    "repetition": 7
  }, 
  "std": [
    0.017766533580602595, 
    0.01744770073111267, 
    0.015286160105772831, 
    1.1702778228589004e-16, 
    1.1702778228589004e-16, 
    0.017992008900043908, 
    0.012665879490952109
  ]
}