{
  "adv_t": [
    3, 
    4, 
    6, 
    0, 
    0, 
    3, 
    2
  ], 
  "adv_w": [
    3, 
    3, 
    6, 
    0, 
    0, 
    3, 
    2
  ], 
  "clfs": [
    "Decision Tree", 
    "Naive Bayes", 
    "Linear SVM", 
    "Neural Net", 
    "RBF SVM", 
    "Random Forest", 
    "Nearest Neighbors"
  ], 
  "mean": [
    0.7223958333333332, 
    0.7479166666666666, 
    0.771875, 
    0.6510416666666667, 
    0.6510416666666667, 
    0.7322916666666668, 
    0.67734375
  ], 
  "parameters": {
    "cv_method": "k2x5", 
    "db": "diabetes", 
    "repetition": 6
  }, 
  "std": [
    0.021967123038731443, 
    0.014305808385036575, 
    0.012531307244874033, 
    1.1702778228589004e-16, 
    1.1702778228589004e-16, 
    0.015273831561057487, 
    0.018676311604865586
  ]
}