{
  "adv_t": [
    0,
    0,
    3,
    3,
    0,
    3,
    4
  ],
  "adv_w": [
    0,
    0,
    4,
    3,
    0,
    3,
    4
  ],
  "clfs": [
    "Nearest Neighbors",
    "RBF SVM",
    "Decision Tree",
    "Random Forest",
    "Neural Net",
    "Naive Bayes",
    "Linear SVM"
  ],
  "mean": [
    0.6736504723346829,
    0.6511470985155199,
    0.75944669365722,
    0.7357624831309042,
    0.6511470985155199,
    0.759412955465587,
    0.7750674763832659
  ],
  "parameters": {
    "cv_method": "k20",
    "db": "diabetes",
    "repetition": 9
  },
  "std": [
    0.086940897432056,
    0.008478824054487763,
    0.05569561332873523,
    0.04433617013839579,
    0.008478824054487763,
    0.08373297742545134,
    0.06809021002460056
  ]
}