{
  "adv_t": [
    3, 
    3, 
    3, 
    0, 
    0, 
    3, 
    2
  ], 
  "adv_w": [
    3, 
    3, 
    4, 
    0, 
    0, 
    3, 
    2
  ], 
  "clfs": [
    "Decision Tree", 
    "Naive Bayes", 
    "Linear SVM", 
    "Neural Net", 
    "RBF SVM", 
    "Random Forest", 
    "Nearest Neighbors"
  ], 
  "mean": [
    0.7556794871794873, 
    0.7533333333333333, 
    0.7745726495726497, 
    0.6510085470085472, 
    0.6510085470085472, 
    0.7509786324786325, 
    0.6856068376068376
  ], 
  "parameters": {
    "cv_method": "k30", 
    "db": "diabetes", 
    "repetition": 5
  }, 
  "std": [
    0.09446449447974584, 
    0.11324638794783898, 
    0.0822181060872256, 
    0.00747616564932383, 
    0.00747616564932383, 
    0.09526062267981551, 
    0.07644926233191845
  ]
}