{
  "adv_t": [
    3, 
    3, 
    3, 
    0, 
    0, 
    3, 
    0
  ], 
  "adv_w": [
    4, 
    3, 
    4, 
    0, 
    0, 
    3, 
    0
  ], 
  "clfs": [
    "Decision Tree", 
    "Naive Bayes", 
    "Linear SVM", 
    "Neural Net", 
    "RBF SVM", 
    "Random Forest", 
    "Nearest Neighbors"
  ], 
  "mean": [
    0.7645748987854252, 
    0.7566464237516871, 
    0.7724696356275302, 
    0.6511470985155199, 
    0.6511470985155199, 
    0.7383603238866395, 
    0.6747975708502024
  ], 
  "parameters": {
    "cv_method": "k20", 
    "db": "diabetes", 
    "repetition": 4
  }, 
  "std": [
    0.08087390813315065, 
    0.06479481431417253, 
    0.06687407868412902, 
    0.008478824054487763, 
    0.008478824054487763, 
    0.08194799166419131, 
    0.06303155559030658
  ]
}