{
  "adv_t": [
    2,
    0,
    3,
    3,
    0,
    4,
    5
  ],
  "adv_w": [
    0,
    0,
    3,
    3,
    0,
    3,
    6
  ],
  "clfs": [
    "Nearest Neighbors",
    "RBF SVM",
    "Decision Tree",
    "Random Forest",
    "Neural Net",
    "Naive Bayes",
    "Linear SVM"
  ],
  "mean": [
    0.6692708333333333,
    0.6510416666666667,
    0.72265625,
    0.7317708333333333,
    0.6510416666666667,
    0.7520833333333333,
    0.7682291666666667
  ],
  "parameters": {
    "cv_method": "k2x5",
    "db": "diabetes",
    "repetition": 2
  },
  "std": [
    0.016652192789280276,
    1.1702778228589004e-16,
    0.023072975451392374,
    0.02722983878708006,
    1.1702778228589004e-16,
    0.017265360958960856,
    0.014731391274719738
  ]
}