{
  "adv_t": [
    3, 
    5, 
    6, 
    0, 
    0, 
    3, 
    2
  ], 
  "adv_w": [
    3, 
    5, 
    6, 
    0, 
    0, 
    3, 
    2
  ], 
  "clfs": [
    "Decision Tree", 
    "Naive Bayes", 
    "Linear SVM", 
    "Neural Net", 
    "RBF SVM", 
    "Random Forest", 
    "Nearest Neighbors"
  ], 
  "mean": [
    0.7208333333333334, 
    0.7520833333333333, 
    0.7682291666666667, 
    0.6510416666666667, 
    0.6510416666666667, 
    0.72890625, 
    0.6692708333333333
  ], 
  "parameters": {
    "cv_method": "k2x5", 
    "db": "diabetes", 
    "repetition": 2
  }, 
  "std": [
    0.023702844674827795, 
    0.017265360958960856, 
    0.013221828308791529, 
    1.1702778228589004e-16, 
    1.1702778228589004e-16, 
    0.025172114419108774, 
    0.016652192789280276
  ]
}