{
  "adv_t": [
    3, 
    3, 
    5, 
    0, 
    0, 
    3, 
    0
  ], 
  "adv_w": [
    3, 
    4, 
    6, 
    0, 
    0, 
    3, 
    0
  ], 
  "clfs": [
    "Decision Tree", 
    "Naive Bayes", 
    "Linear SVM", 
    "Neural Net", 
    "RBF SVM", 
    "Random Forest", 
    "Nearest Neighbors"
  ], 
  "mean": [
    0.7411923076923076, 
    0.7539615384615386, 
    0.7773974358974362, 
    0.6510085470085472, 
    0.6510085470085472, 
    0.7330769230769233, 
    0.6732905982905986
  ], 
  "parameters": {
    "cv_method": "k30", 
    "db": "diabetes", 
    "repetition": 1
  }, 
  "std": [
    0.09591078710777912, 
    0.08093496497293458, 
    0.06684814405433094, 
    0.00747616564932383, 
    0.00747616564932383, 
    0.07946823880892263, 
    0.10589793542919443
  ]
}