{
  "adv_t": [
    3, 
    3, 
    3, 
    0, 
    0, 
    2, 
    2
  ], 
  "adv_w": [
    3, 
    3, 
    3, 
    0, 
    0, 
    3, 
    0
  ], 
  "clfs": [
    "Decision Tree", 
    "Naive Bayes", 
    "Linear SVM", 
    "Neural Net", 
    "RBF SVM", 
    "Random Forest", 
    "Nearest Neighbors"
  ], 
  "mean": [
    0.7541160593792173, 
    0.7564102564102564, 
    0.7798245614035088, 
    0.6511470985155199, 
    0.6511470985155199, 
    0.7346153846153846, 
    0.6834008097165991
  ], 
  "parameters": {
    "cv_method": "k20", 
    "db": "diabetes", 
    "repetition": 3
  }, 
  "std": [
    0.07802557696524012, 
    0.054734076575407103, 
    0.04585578200319104, 
    0.008478824054487763, 
    0.008478824054487763, 
    0.06921480344807364, 
    0.05121640202988943
  ]
}