{
  "adv_t": [
    3, 
    3, 
    5, 
    0, 
    0, 
    3, 
    2
  ], 
  "adv_w": [
    3, 
    3, 
    5, 
    0, 
    0, 
    3, 
    0
  ], 
  "clfs": [
    "Decision Tree", 
    "Naive Bayes", 
    "Linear SVM", 
    "Neural Net", 
    "RBF SVM", 
    "Random Forest", 
    "Nearest Neighbors"
  ], 
  "mean": [
    0.7182291666666667, 
    0.7486979166666666, 
    0.7729166666666667, 
    0.6510416666666667, 
    0.6510416666666667, 
    0.7343749999999999, 
    0.6770833333333334
  ], 
  "parameters": {
    "cv_method": "k2x5", 
    "db": "diabetes", 
    "repetition": 0
  }, 
  "std": [
    0.027224303704435827, 
    0.0273196267046115, 
    0.015902247079936795, 
    1.1702778228589004e-16, 
    1.1702778228589004e-16, 
    0.01990858496732588, 
    0.025515518153991442
  ]
}