{
  "adv_t": [
    2,
    0,
    4,
    3,
    0,
    3,
    4
  ],
  "adv_w": [
    2,
    0,
    4,
    3,
    0,
    3,
    5
  ],
  "clfs": [
    "Nearest Neighbors",
    "RBF SVM",
    "Decision Tree",
    "Random Forest",
    "Neural Net",
    "Naive Bayes",
    "Linear SVM"
  ],
  "mean": [
    0.6796410256410257,
    0.6510085470085472,
    0.7677991452991453,
    0.7378803418803419,
    0.6510085470085472,
    0.7527735042735044,
    0.7760000000000002
  ],
  "parameters": {
    "cv_method": "k30",
    "db": "diabetes",
    "repetition": 2
  },
  "std": [
    0.09066976547108727,
    0.00747616564932383,
    0.06753839107422151,
    0.06628897922442338,
    0.00747616564932383,
    0.08550676220878048,
    0.05908276662080972
  ]
}