{
  "adv_t": [
    3, 
    5, 
    6, 
    0, 
    0, 
    3, 
    2
  ], 
  "adv_w": [
    3, 
    5, 
    6, 
    0, 
    0, 
    4, 
    2
  ], 
  "clfs": [
    "Decision Tree", 
    "Naive Bayes", 
    "Linear SVM", 
    "Neural Net", 
    "RBF SVM", 
    "Random Forest", 
    "Nearest Neighbors"
  ], 
  "mean": [
    0.7223958333333333, 
    0.7567708333333333, 
    0.7755208333333334, 
    0.6510416666666667, 
    0.6510416666666667, 
    0.740625, 
    0.6781249999999999
  ], 
  "parameters": {
    "cv_method": "k2x5", 
    "db": "diabetes", 
    "repetition": 4
  }, 
  "std": [
    0.025491881726357846, 
    0.014639030544328331, 
    0.014618426690986725, 
    1.1702778228589004e-16, 
    1.1702778228589004e-16, 
    0.011529137302697213, 
    0.0218639742936544
  ]
}