{
  "adv_t": [
    0,
    0,
    4,
    3,
    0,
    3,
    4
  ],
  "adv_w": [
    0,
    0,
    5,
    3,
    0,
    3,
    5
  ],
  "clfs": [
    "Nearest Neighbors",
    "RBF SVM",
    "Decision Tree",
    "Random Forest",
    "Neural Net",
    "Naive Bayes",
    "Linear SVM"
  ],
  "mean": [
    0.6772941970310392,
    0.6511470985155199,
    0.7830296896086368,
    0.7450404858299595,
    0.6511470985155199,
    0.7593792172739542,
    0.7814102564102563
  ],
  "parameters": {
    "cv_method": "k20",
    "db": "diabetes",
    "repetition": 2
  },
  "std": [
    0.07982108498969319,
    0.008478824054487763,
    0.06535755472746191,
    0.04901820041922033,
    0.008478824054487763,
    0.06626492570409627,
    0.056406158995539975
  ]
}