{
  "adv_t": [
    3, 
    3, 
    3, 
    0, 
    0, 
    3, 
    0
  ], 
  "adv_w": [
    3, 
    3, 
    4, 
    0, 
    0, 
    3, 
    0
  ], 
  "clfs": [
    "Decision Tree", 
    "Naive Bayes", 
    "Linear SVM", 
    "Neural Net", 
    "RBF SVM", 
    "Random Forest", 
    "Nearest Neighbors"
  ], 
  "mean": [
    0.7499487354750514, 
    0.7604066985645934, 
    0.7735133287764867, 
    0.6510594668489406, 
    0.6510594668489406, 
    0.7460697197539303, 
    0.6719070403280929
  ], 
  "parameters": {
    "cv_method": "k10", 
    "db": "diabetes", 
    "repetition": 3
  }, 
  "std": [
    0.03906915154309193, 
    0.047603949989779404, 
    0.04950600241891496, 
    0.003602503600100705, 
    0.003602503600100705, 
    0.05775364969270473, 
    0.03882990887992461
  ]
}