{
  "adv_t": [
    3, 
    3, 
    3, 
    0, 
    0, 
    3, 
    2
  ], 
  "adv_w": [
    3, 
    3, 
    4, 
    0, 
    0, 
    3, 
    0
  ], 
  "clfs": [
    "Decision Tree", 
    "Naive Bayes", 
    "Linear SVM", 
    "Neural Net", 
    "RBF SVM", 
    "Random Forest", 
    "Nearest Neighbors"
  ], 
  "mean": [
    0.7575341880341881, 
    0.7563504273504272, 
    0.7749230769230769, 
    0.6510085470085472, 
    0.6510085470085472, 
    0.7417777777777778, 
    0.6772222222222221
  ], 
  "parameters": {
    "cv_method": "k30", 
    "db": "diabetes", 
    "repetition": 4
  }, 
  "std": [
    0.07353328027407806, 
    0.08927413992510978, 
    0.07485649135656694, 
    0.00747616564932383, 
    0.00747616564932383, 
    0.09156249906262438, 
    0.0853441298551298
  ]
}