{
  "adv_t": [
    2,
    0,
    3,
    3,
    0,
    4,
    6
  ],
  "adv_w": [
    2,
    0,
    3,
    3,
    0,
    4,
    6
  ],
  "clfs": [
    "Nearest Neighbors",
    "RBF SVM",
    "Decision Tree",
    "Random Forest",
    "Neural Net",
    "Naive Bayes",
    "Linear SVM"
  ],
  "mean": [
    0.6763020833333334,
    0.6510416666666667,
    0.7255208333333333,
    0.7291666666666666,
    0.6510416666666667,
    0.7473958333333333,
    0.7684895833333333
  ],
  "parameters": {
    "cv_method": "k2x5",
    "db": "diabetes",
    "repetition": 5
  },
  "std": [
    0.018457155640257877,
    1.1702778228589004e-16,
    0.017195389603353303,
    0.016378439465376052,
    1.1702778228589004e-16,
    0.024212370973925965,
    0.013967334887720737
  ]
}