{
  "adv_t": [
    3, 
    3, 
    3, 
    0, 
    0, 
    3, 
    0
  ], 
  "adv_w": [
    3, 
    3, 
    3, 
    0, 
    0, 
    2, 
    0
  ], 
  "clfs": [
    "Decision Tree", 
    "Naive Bayes", 
    "Linear SVM", 
    "Neural Net", 
    "RBF SVM", 
    "Random Forest", 
    "Nearest Neighbors"
  ], 
  "mean": [
    0.755161943319838, 
    0.7632591093117409, 
    0.7709176788124157, 
    0.6511470985155199, 
    0.6511470985155199, 
    0.7410931174089068, 
    0.6769230769230771
  ], 
  "parameters": {
    "cv_method": "k20", 
    "db": "diabetes", 
    "repetition": 6
  }, 
  "std": [
    0.06751305026903438, 
    0.06624607297928375, 
    0.060155249958177476, 
    0.008478824054487763, 
    0.008478824054487763, 
    0.05357431603659319, 
    0.08036553687534408
  ]
}