{
  "adv_t": [
    0,
    0,
    3,
    3,
    0,
    3,
    3
  ],
  "adv_w": [
    0,
    0,
    3,
    3,
    0,
    3,
    4
  ],
  "clfs": [
    "Nearest Neighbors",
    "RBF SVM",
    "Decision Tree",
    "Random Forest",
    "Neural Net",
    "Naive Bayes",
    "Linear SVM"
  ],
  "mean": [
    0.6788461538461538,
    0.6511470985155199,
    0.7475371120107963,
    0.742476383265857,
    0.6511470985155199,
    0.7568825910931174,
    0.778846153846154
  ],
  "parameters": {
    "cv_method": "k20",
    "db": "diabetes",
    "repetition": 5
  },
  "std": [
    0.09235394093307314,
    0.008478824054487763,
    0.05953449846968578,
    0.0785575059842566,
    0.008478824054487763,
    0.08238756015024899,
    0.0649365286129486
  ]
}