{
  "adv_t": [
    0,
    0,
    3,
    3,
    0,
    3,
    3
  ],
  "adv_w": [
    0,
    0,
    3,
    3,
    0,
    3,
    3
  ],
  "clfs": [
    "Nearest Neighbors",
    "RBF SVM",
    "Decision Tree",
    "Random Forest",
    "Neural Net",
    "Naive Bayes",
    "Linear SVM"
  ],
  "mean": [
    0.6762136752136753,
    0.6510085470085472,
    0.759653846153846,
    0.7512307692307693,
    0.6510085470085472,
    0.7555512820512821,
    0.770931623931624
  ],
  "parameters": {
    "cv_method": "k30",
    "db": "diabetes",
    "repetition": 9
  },
  "std": [
    0.09258107868590672,
    0.00747616564932383,
    0.07848977166659508,
    0.05578682101119804,
    0.00747616564932383,
    0.07014484121127311,
    0.07008359784147533
  ]
}