{
  "adv_t": [
    2,
    0,
    3,
    3,
    0,
    3,
    3
  ],
  "adv_w": [
    0,
    0,
    3,
    3,
    0,
    3,
    5
  ],
  "clfs": [
    "Nearest Neighbors",
    "RBF SVM",
    "Decision Tree",
    "Random Forest",
    "Neural Net",
    "Naive Bayes",
    "Linear SVM"
  ],
  "mean": [
    0.680542735042735,
    0.6510085470085472,
    0.7562094017094017,
    0.7406068376068377,
    0.6510085470085472,
    0.7562008547008549,
    0.7758504273504276
  ],
  "parameters": {
    "cv_method": "k30",
    "db": "diabetes",
    "repetition": 5
  },
  "std": [
    0.07939706882356456,
    0.00747616564932383,
    0.09280054156515115,
    0.08953015502191497,
    0.00747616564932383,
    0.07418640974798418,
    0.08489344556330189
  ]
}