{
  "adv_t": [
    2,
    0,
    3,
    3,
    0,
    3,
    4
  ],
  "adv_w": [
    2,
    0,
    3,
    3,
    0,
    3,
    6
  ],
  "clfs": [
    "Nearest Neighbors",
    "RBF SVM",
    "Decision Tree",
    "Random Forest",
    "Neural Net",
    "Naive Bayes",
    "Linear SVM"
  ],
  "mean": [
    0.677059829059829,
    0.6510085470085472,
    0.7574743589743591,
    0.7409786324786325,
    0.6510085470085472,
    0.7569316239316239,
    0.7751452991452992
  ],
  "parameters": {
    "cv_method": "k30",
    "db": "diabetes",
    "repetition": 8
  },
  "std": [
    0.08027949242887472,
    0.00747616564932383,
    0.06704200562021878,
    0.0761794180119665,
    0.00747616564932383,
    0.08656213733394408,
    0.07017675508358003
  ]
}