{
  "adv_t": [
    0,
    0,
    3,
    3,
    0,
    3,
    3
  ],
  "adv_w": [
    0,
    0,
    3,
    3,
    0,
    3,
    3
  ],
  "clfs": [
    "Nearest Neighbors",
    "RBF SVM",
    "Decision Tree",
    "Random Forest",
    "Neural Net",
    "Naive Bayes",
    "Linear SVM"
  ],
  "mean": [
    0.6734143049932524,
    0.6511470985155199,
    0.7500337381916331,
    0.7462213225371119,
    0.6511470985155199,
    0.7566126855600539,
    0.7733468286099865
  ],
  "parameters": {
    "cv_method": "k20",
    "db": "diabetes",
    "repetition": 0
  },
  "std": [
    0.08544226173060199,
    0.008478824054487763,
    0.07995504858626873,
    0.07373941848968929,
    0.008478824054487763,
    0.07005209017704062,
    0.0767184128959277
  ]
}