{
  "adv_t": [
    3, 
    3, 
    3, 
    0, 
    0, 
    3, 
    0
  ], 
  "adv_w": [
    3, 
    3, 
    3, 
    0, 
    0, 
    3, 
    0
  ], 
  "clfs": [
    "Decision Tree", 
    "Naive Bayes", 
    "Linear SVM", 
    "Neural Net", 
    "RBF SVM", 
    "Random Forest", 
    "Nearest Neighbors"
  ], 
  "mean": [
    0.7479082321187585, 
    0.7567139001349528, 
    0.7724696356275305, 
    0.6511470985155199, 
    0.6511470985155199, 
    0.7424089068825911, 
    0.6730431848852902
  ], 
  "parameters": {
    "cv_method": "k20", 
    "db": "diabetes", 
    "repetition": 7
  }, 
  "std": [
    0.06425076606187156, 
    0.06244870248072623, 
    0.06294333907255281, 
    0.008478824054487763, 
    0.008478824054487763, 
    0.04702289622338031, 
    0.06461601055571824
  ]
}