{
  "adv_t": [
    3, 
    5, 
    6, 
    0, 
    0, 
    3, 
    2
  ], 
  "adv_w": [
    3, 
    5, 
    6, 
    0, 
    0, 
    3, 
    2
  ], 
  "clfs": [
    "Decision Tree", 
    "Naive Bayes", 
    "Linear SVM", 
    "Neural Net", 
    "RBF SVM", 
    "Random Forest", 
    "Nearest Neighbors"
  ], 
  "mean": [
    0.7239583333333333, 
    0.7473958333333333, 
    0.7695312499999999, 
    0.6510416666666667, 
    0.6510416666666667, 
    0.7286458333333333, 
    0.6763020833333334
  ], 
  "parameters": {
    "cv_method": "k2x5", 
    "db": "diabetes", 
    "repetition": 5
  }, 
  "std": [
    0.018249822952802638, 
    0.024212370973925965, 
    0.012043782053395503, 
    1.1702778228589004e-16, 
    1.1702778228589004e-16, 
    0.011437270202778203, 
    0.018457155640257877
  ]
}