{
  "adv_t": [
    0,
    0,
    3,
    3,
    0,
    3,
    3
  ],
  "adv_w": [
    0,
    0,
    3,
    3,
    0,
    3,
    4
  ],
  "clfs": [
    "Nearest Neighbors",
    "RBF SVM",
    "Decision Tree",
    "Random Forest",
    "Neural Net",
    "Naive Bayes",
    "Linear SVM"
  ],
  "mean": [
    0.6720437457279563,
    0.6510594668489406,
    0.7577922077922078,
    0.7423274094326725,
    0.6510594668489406,
    0.7618421052631579,
    0.7709671907040327
  ],
  "parameters": {
    "cv_method": "k10",
    "db": "diabetes",
    "repetition": 5
  },
  "std": [
    0.050907709907224645,
    0.003602503600100705,
    0.059820665170133173,
    0.052695186565375286,
    0.003602503600100705,
    0.05465141928988894,
    0.041444768556413804
  ]
}