{
  "adv_t": [
    0,
    0,
    3,
    3,
    0,
    3,
    3
  ],
  "adv_w": [
    0,
    0,
    3,
    3,
    0,
    3,
    3
  ],
  "clfs": [
    "Nearest Neighbors",
    "RBF SVM",
    "Decision Tree",
    "Random Forest",
    "Neural Net",
    "Naive Bayes",
    "Linear SVM"
  ],
  "mean": [
    0.6838056680161942,
    0.6511470985155199,
    0.7593792172739541,
    0.7472334682860999,
    0.6511470985155199,
    0.7566126855600539,
    0.7732456140350876
  ],
  "parameters": {
    "cv_method": "k20",
    "db": "diabetes",
    "repetition": 8
  },
  "std": [
    0.0739790234302807,
    0.008478824054487763,
    0.0832991136387569,
    0.06713222838493028,
    0.008478824054487763,
    0.05916943584759414,
    0.039805031318502104
  ]
}