{
  "adv_t": [
    0,
    0,
    3,
    2,
    0,
    3,
    3
  ],
  "adv_w": [
    0,
    0,
    3,
    2,
    0,
    3,
    3
  ],
  "clfs": [
    "Nearest Neighbors",
    "RBF SVM",
    "Decision Tree",
    "Random Forest",
    "Neural Net",
    "Naive Bayes",
    "Linear SVM"
  ],
  "mean": [
    0.6874316239316239,
    0.6510085470085472,
    0.7766452991452992,
    0.7415512820512821,
    0.6510085470085472,
    0.7532991452991453,
    0.7804871794871795
  ],
  "parameters": {
    "cv_method": "k30",
    "db": "diabetes",
    "repetition": 6
  },
  "std": [
    0.09374930672748169,
    0.00747616564932383,
    0.07841201261763046,
    0.07586744238222876,
    0.00747616564932383,
    0.07290520670204088,
    0.07217899954762859
  ]
}