{
  "adv_t": [
    3, 
    3, 
    3, 
    0, 
    0, 
    3, 
    0
  ], 
  "adv_w": [
    3, 
    3, 
    4, 
    0, 
    0, 
    3, 
    0
  ], 
  "clfs": [
    "Decision Tree", 
    "Naive Bayes", 
    "Linear SVM", 
    "Neural Net", 
    "RBF SVM", 
    "Random Forest", 
    "Nearest Neighbors"
  ], 
  "mean": [
    0.7576923076923078, 
    0.7552631578947369, 
    0.7774291497975708, 
    0.6511470985155199, 
    0.6511470985155199, 
    0.7579622132253712, 
    0.6770917678812416
  ], 
  "parameters": {
    "cv_method": "k20", 
    "db": "diabetes", 
    "repetition": 9
  }, 
  "std": [
    0.07056803233566018, 
    0.08125530379884129, 
    0.07530744800589816, 
    0.008478824054487763, 
    0.008478824054487763, 
    0.07954387295523037, 
    0.06034734150418098
  ]
}