{
  "adv_t": [
    3, 
    5, 
    6, 
    0, 
    0, 
    4, 
    2
  ], 
  "adv_w": [
    3, 
    5, 
    6, 
    0, 
    0, 
    3, 
    2
  ], 
  "clfs": [
    "Decision Tree", 
    "Naive Bayes", 
    "Linear SVM", 
    "Neural Net", 
    "RBF SVM", 
    "Random Forest", 
    "Nearest Neighbors"
  ], 
  "mean": [
    0.7260416666666667, 
    0.7520833333333333, 
    0.775, 
    0.6510416666666667, 
    0.6510416666666667, 
    0.7375, 
    0.67578125
  ], 
  "parameters": {
    "cv_method": "k2x5", 
    "db": "diabetes", 
    "repetition": 3
  }, 
  "std": [
    0.015663532734222177, 
    0.010256288533154122, 
    0.00952490744746194, 
    1.1702778228589004e-16, 
    1.1702778228589004e-16, 
    0.004879676848109442, 
    0.0109285402014012
  ]
}