{
  "adv_t": [
    2,
    0,
    3,
    3,
    0,
    3,
    5
  ],
  "adv_w": [
    0,
    0,
    3,
    2,
    0,
    3,
    5
  ],
  "clfs": [
    "Nearest Neighbors",
    "RBF SVM",
    "Decision Tree",
    "Random Forest",
    "Neural Net",
    "Naive Bayes",
    "Linear SVM"
  ],
  "mean": [
    0.6770833333333334,
    0.6510416666666667,
    0.7158854166666668,
    0.7330729166666667,
    0.6510416666666667,
    0.7486979166666666,
    0.7705729166666666
  ],
  "parameters": {
    "cv_method": "k2x5",
    "db": "diabetes",
    "repetition": 0
  },
  "std": [
    0.025515518153991442,
    1.1702778228589004e-16,
    0.02856549128986186,
    0.02726440759468649,
    1.1702778228589004e-16,
    0.0273196267046115,
    0.011079191346970118
  ]
}