{
  "adv_t": [
    3, 
    3, 
    3, 
    0, 
    0, 
    2, 
    2
  ], 
  "adv_w": [
    3, 
    3, 
    4, 
    0, 
    0, 
    3, 
    0
  ], 
  "clfs": [
    "Decision Tree", 
    "Naive Bayes", 
    "Linear SVM", 
    "Neural Net", 
    "RBF SVM", 
    "Random Forest", 
    "Nearest Neighbors"
  ], 
  "mean": [
    0.7473855092276145, 
    0.753879015721121, 
    0.7696172248803828, 
    0.6510594668489406, 
    0.6510594668489406, 
    0.7227614490772386, 
    0.6798188653451811
  ], 
  "parameters": {
    "cv_method": "k10", 
    "db": "diabetes", 
    "repetition": 7
  }, 
  "std": [
    0.07945182848271198, 
    0.07516138577721351, 
    0.0840124308064584, 
    0.003602503600100705, 
    0.003602503600100705, 
    0.07256354445909075, 
    0.05208166566194333
  ]
}