{
  "adv_t": [
    0,
    0,
    3,
    3,
    0,
    3,
    4
  ],
  "adv_w": [
    0,
    0,
    4,
    3,
    0,
    3,
    5
  ],
  "clfs": [
    "Nearest Neighbors",
    "RBF SVM",
    "Decision Tree",
    "Random Forest",
    "Neural Net",
    "Naive Bayes",
    "Linear SVM"
  ],
  "mean": [
    0.6774273504273506,
    0.6510085470085472,
    0.7644700854700855,
    0.735846153846154,
    0.6510085470085472,
    0.7617435897435897,
    0.77974358974359
  ],
  "parameters": {
    "cv_method": "k30",
    "db": "diabetes",
    "repetition": 7
  },
  "std": [
    0.08694899794082384,
    0.00747616564932383,
    0.07079868693774802,
    0.07174042396677388,
    0.00747616564932383,
    0.08871016458493886,
    0.07913668053259283
  ]
}