{
  "adv_t": [
    0,
    0,
    3,
    3,
    0,
    3,
    3
  ],
  "adv_w": [
    0,
    0,
    3,
    3,
    0,
    3,
    4
  ],
  "clfs": [
    "Nearest Neighbors",
    "RBF SVM",
    "Decision Tree",
    "Random Forest",
    "Neural Net",
    "Naive Bayes",
    "Linear SVM"
  ],
  "mean": [
    0.6806752136752137,
    0.6510085470085472,
    0.7472222222222222,
    0.7474188034188036,
    0.6510085470085472,
    0.7521837606837607,
    0.7732136752136756
  ],
  "parameters": {
    "cv_method": "k30",
    "db": "diabetes",
    "repetition": 0
  },
  "std": [
    0.10243804108185368,
    0.00747616564932383,
    0.09232945227689607,
    0.08833660069319377,
    0.00747616564932383,
    0.0743199574710757,
    0.07885780131011323
  ]
}