{
  "adv_t": [
    0,
    0,
    3,
    2,
    0,
    3,
    4
  ],
  "adv_w": [
    0,
    0,
    3,
    2,
    0,
    3,
    3
  ],
  "clfs": [
    "Nearest Neighbors",
    "RBF SVM",
    "Decision Tree",
    "Random Forest",
    "Neural Net",
    "Naive Bayes",
    "Linear SVM"
  ],
  "mean": [
    0.6785372522214628,
    0.6510594668489406,
    0.7617224880382775,
    0.7239576213260424,
    0.6510594668489406,
    0.755228981544771,
    0.7695830485304169
  ],
  "parameters": {
    "cv_method": "k10",
    "db": "diabetes",
    "repetition": 0
  },
  "std": [
    0.051125402982168895,
    0.003602503600100705,
    0.03881220748700673,
    0.027280634939137988,
    0.003602503600100705,
    0.041744001722224984,
    0.040428389426898165
  ]
}