{
  "adv_t": [
    3, 
    3, 
    3, 
    0, 
    0, 
    3, 
    2
  ], 
  "adv_w": [
    3, 
    3, 
    4, 
    0, 
    0, 
    3, 
    2
  ], 
  "clfs": [
    "Decision Tree", 
    "Naive Bayes", 
    "Linear SVM", 
    "Neural Net", 
    "RBF SVM", 
    "Random Forest", 
    "Nearest Neighbors"
  ], 
  "mean": [
    0.7707792207792208, 
    0.751367053998633, 
    0.7775461380724539, 
    0.6510594668489406, 
    0.6510594668489406, 
    0.739747095010253, 
    0.6887901572112097
  ], 
  "parameters": {
    "cv_method": "k10", 
    "db": "diabetes", 
    "repetition": 0
  }, 
  "std": [
    0.04430575634753276, 
    0.05329739410536667, 
    0.05228583177804798, 
    0.003602503600100705, 
    0.003602503600100705, 
    0.05778336042790842, 
    0.043297297661768194
  ]
}