{
  "adv_t": [
    3, 
    3, 
    4, 
    0, 
    0, 
    3, 
    2
  ], 
  "adv_w": [
    3, 
    3, 
    4, 
    0, 
    0, 
    3, 
    2
  ], 
  "clfs": [
    "Decision Tree", 
    "Naive Bayes", 
    "Linear SVM", 
    "Neural Net", 
    "RBF SVM", 
    "Random Forest", 
    "Nearest Neighbors"
  ], 
  "mean": [
    0.7354251012145748, 
    0.751417004048583, 
    0.7724358974358975, 
    0.6511470985155199, 
    0.6511470985155199, 
    0.7516531713900134, 
    0.6838394062078272
  ], 
  "parameters": {
    "cv_method": "k20", 
    "db": "diabetes", 
    "repetition": 0
  }, 
  "std": [
    0.052038110598369575, 
    0.05603016677814953, 
    0.06257191199082175, 
    0.008478824054487763, 
    0.008478824054487763, 
    0.057396263665665574, 
    0.05596600877296347
  ]
}