{
  "adv_t": [
    3, 
    3, 
    3, 
    0, 
    0, 
    3, 
    2
  ], 
  "adv_w": [
    5, 
    3, 
    4, 
    0, 
    0, 
    3, 
    2
  ], 
  "clfs": [
    "Decision Tree", 
    "Naive Bayes", 
    "Linear SVM", 
    "Neural Net", 
    "RBF SVM", 
    "Random Forest", 
    "Nearest Neighbors"
  ], 
  "mean": [
    0.7757759784075572, 
    0.753744939271255, 
    0.7732456140350876, 
    0.6511470985155199, 
    0.6511470985155199, 
    0.7474021592442645, 
    0.6810728744939272
  ], 
  "parameters": {
    "cv_method": "k20", 
    "db": "diabetes", 
    "repetition": 1
  }, 
  "std": [
    0.06392009948821052, 
    0.05855116601170472, 
    0.053854206173465535, 
    0.008478824054487763, 
    0.008478824054487763, 
    0.07200190062813838, 
    0.07212859259843102
  ]
}