{
  "adv_t": [
    2,
    0,
    3,
    3,
    0,
    3,
    4
  ],
  "adv_w": [
    2,
    0,
    3,
    3,
    0,
    4,
    5
  ],
  "clfs": [
    "Nearest Neighbors",
    "RBF SVM",
    "Decision Tree",
    "Random Forest",
    "Neural Net",
    "Naive Bayes",
    "Linear SVM"
  ],
  "mean": [
    0.6926179084073821,
    0.6510594668489406,
    0.7539302802460697,
    0.7343643198906357,
    0.6510594668489406,
    0.7564935064935066,
    0.7773581681476418
  ],
  "parameters": {
    "cv_method": "k10",
    "db": "diabetes",
    "repetition": 1
  },
  "std": [
    0.04022673988423625,
    0.003602503600100705,
    0.025371448452176006,
    0.04544978064474064,
    0.003602503600100705,
    0.041230649768569785,
    0.05142291233107333
  ]
}