{
  "adv_t": [
    3, 
    3, 
    3, 
    0, 
    0, 
    3, 
    0
  ], 
  "adv_w": [
    3, 
    3, 
    3, 
    0, 
    0, 
    3, 
    0
  ], 
  "clfs": [
    "Decision Tree", 
    "Naive Bayes", 
    "Linear SVM", 
    "Neural Net", 
    "RBF SVM", 
    "Random Forest", 
    "Nearest Neighbors"
  ], 
  "mean": [
    0.7561538461538462, 
    0.758820512820513, 
    0.7755384615384618, 
    0.6510085470085472, 
    0.6510085470085472, 
    0.7519871794871797, 
    0.684491452991453
  ], 
  "parameters": {
    "cv_method": "k30", 
    "db": "diabetes", 
    "repetition": 8
  }, 
  "std": [
    0.07714134227198854, 
    0.08367496726836658, 
    0.08254580199287925, 
    0.00747616564932383, 
    0.00747616564932383, 
    0.07157111739570422, 
    0.07838477491839314
  ]
}