{
  "adv_t": [
    3, 
    3, 
    5, 
    0, 
    0, 
    3, 
    2
  ], 
  "adv_w": [
    3, 
    3, 
    5, 
    0, 
    0, 
    3, 
    2
  ], 
  "clfs": [
    "Decision Tree", 
    "Naive Bayes", 
    "Linear SVM", 
    "Neural Net", 
    "RBF SVM", 
    "Random Forest", 
    "Nearest Neighbors"
  ], 
  "mean": [
    0.7318523581681476, 
    0.7552289815447709, 
    0.7708475734791523, 
    0.6510594668489406, 
    0.6510594668489406, 
    0.7370642515379358, 
    0.678468899521531
  ], 
  "parameters": {
    "cv_method": "k10", 
    "db": "diabetes", 
    "repetition": 1
  }, 
  "std": [
    0.05267876603545439, 
    0.038995599705684475, 
    0.039237863277890306, 
    0.003602503600100705, 
    0.003602503600100705, 
    0.03712082798271466, 
    0.04480211132554088
  ]
}