{
  "adv_t": [
    0,
    0,
    3,
    3,
    0,
    3,
    3
  ],
  "adv_w": [
    0,
    0,
    3,
    3,
    0,
    3,
    5
  ],
  "clfs": [
    "Nearest Neighbors",
    "RBF SVM",
    "Decision Tree",
    "Random Forest",
    "Neural Net",
    "Naive Bayes",
    "Linear SVM"
  ],
  "mean": [
    0.6772604588394063,
    0.6511470985155199,
    0.7343454790823212,
    0.7398448043184885,
    0.6511470985155199,
    0.756578947368421,
    0.773650472334683
  ],
  "parameters": {
    "cv_method": "k20",
    "db": "diabetes",
    "repetition": 4
  },
  "std": [
    0.08185384313835951,
    0.008478824054487763,
    0.045475857503860025,
    0.0715361807348278,
    0.008478824054487763,
    0.06675546233964953,
    0.07784049215157601
  ]
}