{
  "adv_t": [
    0,
    0,
    2,
    3,
    0,
    3,
    3
  ],
  "adv_w": [
    0,
    0,
    2,
    2,
    0,
    3,
    3
  ],
  "clfs": [
    "Nearest Neighbors",
    "RBF SVM",
    "Decision Tree",
    "Random Forest",
    "Neural Net",
    "Naive Bayes",
    "Linear SVM"
  ],
  "mean": [
    0.6757860560492139,
    0.6510594668489406,
    0.7276999316473001,
    0.7446172248803828,
    0.6510594668489406,
    0.7564764183185235,
    0.7720266575529732
  ],
  "parameters": {
    "cv_method": "k10",
    "db": "diabetes",
    "repetition": 2
  },
  "std": [
    0.04348044626588935,
    0.003602503600100705,
    0.053354480015958515,
    0.05284292284716332,
    0.003602503600100705,
    0.039920750728634234,
    0.0329307502452652
  ]
}