{
  "adv_t": [
    3, 
    3, 
    3, 
    0, 
    0, 
    2, 
    0
  ], 
  "adv_w": [
    2, 
    3, 
    3, 
    0, 
    0, 
    2, 
    0
  ], 
  "clfs": [
    "Decision Tree", 
    "Naive Bayes", 
    "Linear SVM", 
    "Neural Net", 
    "RBF SVM", 
    "Random Forest", 
    "Nearest Neighbors"
  ], 
  "mean": [
    0.7330656185919343, 
    0.7553827751196172, 
    0.7722317156527683, 
    0.6510594668489406, 
    0.6510594668489406, 
    0.729254955570745, 
    0.6717361585782639
  ], 
  "parameters": {
    "cv_method": "k10", 
    "db": "diabetes", 
    "repetition": 4
  }, 
  "std": [
    0.019662286767504186, 
    0.05675751281688407, 
    0.05092572089226829, 
    0.003602503600100705, 
    0.003602503600100705, 
    0.0453791922394284, 
    0.0579112398333582
  ]
}