{
  "adv_t": [
    3, 
    3, 
    4, 
    0, 
    0, 
    3, 
    2
  ], 
  "adv_w": [
    3, 
    3, 
    5, 
    0, 
    0, 
    3, 
    0
  ], 
  "clfs": [
    "Decision Tree", 
    "Naive Bayes", 
    "Linear SVM", 
    "Neural Net", 
    "RBF SVM", 
    "Random Forest", 
    "Nearest Neighbors"
  ], 
  "mean": [
    0.7474696356275303, 
    0.7515856950067475, 
    0.7762483130904183, 
    0.6511470985155199, 
    0.6511470985155199, 
    0.734412955465587, 
    0.6840080971659919
  ], 
  "parameters": {
    "cv_method": "k20", 
    "db": "diabetes", 
    "repetition": 5
  }, 
  "std": [
    0.05749321099895381, 
    0.06175443493618223, 
    0.05716404480997964, 
    0.008478824054487763, 
    0.008478824054487763, 
    0.059464873100241115, 
    0.07091599095350767
  ]
}