{
  "adv_t": [
    2,
    0,
    3,
    4,
    0,
    4,
    6
  ],
  "adv_w": [
    2,
    0,
    3,
    4,
    0,
    4,
    6
  ],
  "clfs": [
    "Nearest Neighbors",
    "RBF SVM",
    "Decision Tree",
    "Random Forest",
    "Neural Net",
    "Naive Bayes",
    "Linear SVM"
  ],
  "mean": [
    0.67734375,
    0.6510416666666667,
    0.7197916666666667,
    0.7380208333333333,
    0.6510416666666667,
    0.7479166666666666,
    0.7705729166666668
  ],
  "parameters": {
    "cv_method": "k2x5",
    "db": "diabetes",
    "repetition": 6
  },
  "std": [
    0.018676311604865586,
    1.1702778228589004e-16,
    0.023169116660351725,
    0.013233221527888547,
    1.1702778228589004e-16,
    0.014305808385036575,
    0.012665879490952093
  ]
}