{
  "adv_t": [
    3, 
    3, 
    3, 
    0, 
    0, 
    3, 
    0
  ], 
  "adv_w": [
    3, 
    3, 
    3, 
    0, 
    0, 
    3, 
    0
  ], 
  "clfs": [
    "Decision Tree", 
    "Naive Bayes", 
    "Linear SVM", 
    "Neural Net", 
    "RBF SVM", 
    "Random Forest", 
    "Nearest Neighbors"
  ], 
  "mean": [
    0.7517478632478632, 
    0.7542179487179489, 
    0.7764829059829063, 
    0.6510085470085472, 
    0.6510085470085472, 
    0.7461111111111113, 
    0.6814017094017094
  ], 
  "parameters": {
    "cv_method": "k30", 
    "db": "diabetes", 
    "repetition": 9
  }, 
  "std": [
    0.07727019003580232, 
    0.08662294628344891, 
    0.0693968411510006, 
    0.00747616564932383, 
    0.00747616564932383, 
    0.07468431171320605, 
    0.1018915333765319
  ]
}