{
  "adv_t": [
    2,
    0,
    2,
    2,
    0,
    3,
    3
  ],
  "adv_w": [
    2,
    0,
    2,
    2,
    0,
    3,
    3
  ],
  "clfs": [
    "Nearest Neighbors",
    "RBF SVM",
    "Decision Tree",
    "Random Forest",
    "Neural Net",
    "Naive Bayes",
    "Linear SVM"
  ],
  "mean": [
    0.6914217361585782,
    0.6510594668489406,
    0.735663021189337,
    0.7304340396445659,
    0.6510594668489406,
    0.7552460697197538,
    0.7721291866028708
  ],
  "parameters": {
    "cv_method": "k10",
    "db": "diabetes",
    "repetition": 9
  },
  "std": [
    0.03164977277461172,
    0.003602503600100705,
    0.0493648460357839,
    0.038589964923527634,
    0.003602503600100705,
    0.036620476848475206,
    0.04321587478451079
  ]
}