{
  "adv_t": [
    0,
    0,
    3,
    3,
    0,
    3,
    3
  ],
  "adv_w": [
    0,
    0,
    3,
    3,
    0,
    3,
    3
  ],
  "clfs": [
    "Nearest Neighbors",
    "RBF SVM",
    "Decision Tree",
    "Random Forest",
    "Neural Net",
    "Naive Bayes",
    "Linear SVM"
  ],
  "mean": [
    0.6743931623931624,
    0.6510085470085472,
    0.770559829059829,
    0.7566111111111111,
    0.6510085470085472,
    0.752405982905983,
    0.7707777777777779
  ],
  "parameters": {
    "cv_method": "k30",
    "db": "diabetes",
    "repetition": 4
  },
  "std": [
    0.08942620987342316,
    0.00747616564932383,
    0.08491468702905759,
    0.07607625304027532,
    0.00747616564932383,
    0.08001895422702102,
    0.08383873763856316
  ]
}