{
  "adv_t": [
    3, 
    3, 
    3, 
    0, 
    0, 
    3, 
    0
  ], 
  "adv_w": [
    3, 
    3, 
    4, 
    0, 
    0, 
    3, 
    0
  ], 
  "clfs": [
    "Decision Tree", 
    "Naive Bayes", 
    "Linear SVM", 
    "Neural Net", 
    "RBF SVM", 
    "Random Forest", 
    "Nearest Neighbors"
  ], 
  "mean": [
    0.7667051282051284, 
    0.753888888888889, 
    0.77465811965812, 
    0.6510085470085472, 
    0.6510085470085472, 
    0.7540512820512822, 
    0.6803290598290597
  ], 
  "parameters": {
    "cv_method": "k30", 
    "db": "diabetes", 
    "repetition": 7
  }, 
  "std": [
    0.07531774003963747, 
    0.07060720580627791, 
    0.06367917057393034, 
    0.00747616564932383, 
    0.00747616564932383, 
    0.08274616372464115, 
    0.10282355382088111
  ]
}