{
  "adv_t": [
    2,
    0,
    3,
    3,
    0,
    4,
    5
  ],
  "adv_w": [
    2,
    0,
    3,
    3,
    0,
    4,
    6
  ],
  "clfs": [
    "Nearest Neighbors",
    "RBF SVM",
    "Decision Tree",
    "Random Forest",
    "Neural Net",
    "Naive Bayes",
    "Linear SVM"
  ],
  "mean": [
    0.67734375,
    0.6510416666666667,
    0.7265625,
    0.74140625,
    0.6510416666666667,
    0.7552083333333333,
    0.7700520833333334
  ],
  "parameters": {
    "cv_method": "k2x5",
    "db": "diabetes",
    "repetition": 7
  },
  "std": [
    0.012665879490952109,
    1.1702778228589004e-16,
    0.01929349893306672,
    0.015335375172273501,
    1.1702778228589004e-16,
    0.01744770073111267,
    0.013506565083218677
  ]
}