{
  "adv_t": [
    2,
    0,
    3,
    3,
    0,
    5,
    5
  ],
  "adv_w": [
    2,
    0,
    3,
    3,
    0,
    5,
    6
  ],
  "clfs": [
    "Nearest Neighbors",
    "RBF SVM",
    "Decision Tree",
    "Random Forest",
    "Neural Net",
    "Naive Bayes",
    "Linear SVM"
  ],
  "mean": [
    0.6747395833333334,
    0.6510416666666667,
    0.7231770833333333,
    0.7333333333333333,
    0.6510416666666667,
    0.7557291666666668,
    0.7684895833333333
  ],
  "parameters": {
    "cv_method": "k2x5",
    "db": "diabetes",
    "repetition": 1
  },
  "std": [
    0.020188591086785734,
    1.1702778228589004e-16,
    0.018980466958547305,
    0.01710752295982641,
    1.1702778228589004e-16,
    0.01664314022389843,
    0.01470323149503555
  ]
}