{
  "adv_t": [
    3, 
    3, 
    3, 
    0, 
    0, 
    3, 
    0
  ], 
  "adv_w": [
    3, 
    3, 
    3, 
    0, 
    0, 
    3, 
    0
  ], 
  "clfs": [
    "Decision Tree", 
    "Naive Bayes", 
    "Linear SVM", 
    "Neural Net", 
    "RBF SVM", 
    "Random Forest", 
    "Nearest Neighbors"
  ], 
  "mean": [
    0.7565105946684894, 
    0.7552118933697882, 
    0.7654818865345181, 
    0.6510594668489406, 
    0.6510594668489406, 
    0.757758031442242, 
    0.6706766917293233
  ], 
  "parameters": {
    "cv_method": "k10", 
    "db": "diabetes", 
    "repetition": 2
  }, 
  "std": [
    0.07116419431761654, 
    0.0653283633840629, 
    0.05560328642306937, 
    0.003602503600100705, 
    0.003602503600100705, 
    0.06271705283795394, 
    0.06074347747490921
  ]
}