{
  "adv_t": [
    2,
    0,
    3,
    3,
    0,
    4,
    6
  ],
  "adv_w": [
    2,
    0,
    3,
    3,
    0,
    4,
    6
  ],
  "clfs": [
    "Nearest Neighbors",
    "RBF SVM",
    "Decision Tree",
    "Random Forest",
    "Neural Net",
    "Naive Bayes",
    "Linear SVM"
  ],
  "mean": [
    0.67578125,
    0.6510416666666667,
    0.7291666666666667,
    0.7424479166666667,
    0.6510416666666667,
    0.7520833333333333,
    0.7747395833333333
  ],
  "parameters": {
    "cv_method": "k2x5",
    "db": "diabetes",
    "repetition": 3
  },
  "std": [
    0.0109285402014012,
    1.1702778228589004e-16,
    0.01614676669942558,
    0.01434000453734841,
    1.1702778228589004e-16,
    0.010256288533154122,
    0.009992069820504622
  ]
}