{
  "adv_t": [
    4, 
    3, 
    4, 
    0, 
    0, 
    3, 
    0
  ], 
  "adv_w": [
    4, 
    4, 
    5, 
    0, 
    0, 
    3, 
    2
  ], 
  "clfs": [
    "Decision Tree", 
    "Naive Bayes", 
    "Linear SVM", 
    "Neural Net", 
    "RBF SVM", 
    "Random Forest", 
    "Nearest Neighbors"
  ], 
  "mean": [
    0.7615811965811968, 
    0.7555042735042737, 
    0.7777649572649572, 
    0.6510085470085472, 
    0.6510085470085472, 
    0.7264615384615385, 
    0.6791794871794872
  ], 
  "parameters": {
    "cv_method": "k30", 
    "db": "diabetes", 
    "repetition": 0
  }, 
  "std": [
    0.07265451258321622, 
    0.08356476015240567, 
    0.07913092696085208, 
    0.00747616564932383, 
    0.00747616564932383, 
    0.08004301820113252, 
    0.09335350196481028
  ]
}