{
  "adv_t": [
    3, 
    3, 
    3, 
    0, 
    0, 
    3, 
    0
  ], 
  "adv_w": [
    3, 
    3, 
    4, 
    0, 
    0, 
    3, 
    0
  ], 
  "clfs": [
    "Decision Tree", 
    "Naive Bayes", 
    "Linear SVM", 
    "Neural Net", 
    "RBF SVM", 
    "Random Forest", 
    "Nearest Neighbors"
  ], 
  "mean": [
    0.7483805668016194, 
    0.7535425101214575, 
    0.7770242914979756, 
    0.6511470985155199, 
    0.6511470985155199, 
    0.7366396761133603, 
    0.6767881241565451
  ], 
  "parameters": {
    "cv_method": "k20", 
    "db": "diabetes", 
    "repetition": 8
  }, 
  "std": [
    0.0649062703812681, 
    0.06421251612246384, 
    0.045037097252139065, 
    0.008478824054487763, 
    0.008478824054487763, 
    0.05172643264556647, 
    0.05891694806685252
  ]
}