{
  "adv_t": [
    3, 
    3, 
    3, 
    0, 
    0, 
    3, 
    0
  ], 
  "adv_w": [
    3, 
    3, 
    4, 
    0, 
    0, 
    3, 
    0
  ], 
  "clfs": [
    "Decision Tree", 
    "Naive Bayes", 
    "Linear SVM", 
    "Neural Net", 
    "RBF SVM", 
    "Random Forest", 
    "Nearest Neighbors"
  ], 
  "mean": [
    0.7487012987012986, 
    0.7500512645249489, 
    0.7747607655502392, 
    0.6510594668489406, 
    0.6510594668489406, 
    0.7526315789473684, 
    0.6808954203691047
  ], 
  "parameters": {
    "cv_method": "k10", 
    "db": "diabetes", 
    "repetition": 6
  }, 
  "std": [
    0.05807210103062626, 
    0.05087865523884382, 
    0.04771613933621346, 
    0.003602503600100705, 
    0.003602503600100705, 
    0.04781346139908871, 
    0.05164187340067601
  ]
}