{
  "adv_t": [
    1, 
    2, 
    5, 
    5, 
    1, 
    2, 
    0
  ], 
  "adv_w": [
    1, 
    2, 
    5, 
    5, 
    1, 
    2, 
    0
  ], 
  "clfs": [
    "Decision Tree", 
    "Naive Bayes", 
    "Linear SVM", 
    "Neural Net", 
    "RBF SVM", 
    "Random Forest", 
    "Nearest Neighbors"
  ], 
  "mean": [
    0.7076, 
    0.72, 
    0.7485999999999999, 
    0.7504, 
    0.6996, 
    0.7110000000000001, 
    0.6774
  ], 
  "parameters": {
    "cv_method": "k2x5", 
    "db": "german", 
    "repetition": 4
  }, 
  "std": [
    0.02362296434498524, 
    0.01771377367411526, 
    0.01457699862416434, 
    0.01539985569917963, 
    0.0008432740427115685, 
    0.006200358412579424, 
    0.013599019572503515
  ]
}