{
  "adv_t": [
    2, 
    3, 
    4, 
    4, 
    0, 
    0, 
    0
  ], 
  "adv_w": [
    2, 
    3, 
    4, 
    4, 
    0, 
    0, 
    0
  ], 
  "clfs": [
    "Decision Tree", 
    "Naive Bayes", 
    "Linear SVM", 
    "Neural Net", 
    "RBF SVM", 
    "Random Forest", 
    "Nearest Neighbors"
  ], 
  "mean": [
    0.72, 
    0.74, 
    0.758, 
    0.759, 
    0.6990000000000001, 
    0.711, 
    0.6799999999999999
  ], 
  "parameters": {
    "cv_method": "k10", 
    "db": "german", 
    "repetition": 4
  }, 
  "std": [
    0.025385910352879695, 
    0.036817870057290904, 
    0.03425395354310704, 
    0.04653553003411004, 
    0.0031622776601683824, 
    0.01791957340762081, 
    0.047842333648024406
  ]
}