{
  "adv_t": [
    1, 
    0, 
    3, 
    4, 
    0, 
    1, 
    0
  ], 
  "adv_w": [
    0, 
    0, 
    1, 
    4, 
    0, 
    0, 
    0
  ], 
  "clfs": [
    "Decision Tree", 
    "Naive Bayes", 
    "Linear SVM", 
    "Neural Net", 
    "RBF SVM", 
    "Random Forest", 
    "Nearest Neighbors"
  ], 
  "mean": [
    0.726, 
    0.718, 
    0.756, 
    0.77, 
    0.6990000000000001, 
    0.71, 
    0.68
  ], 
  "parameters": {
    "cv_method": "k10", 
    "db": "german", 
    "repetition": 3
  }, 
  "std": [
    0.02913569784454957, 
    0.0573100728008999, 
    0.037475918193480534, 
    0.03559026084010437, 
    0.0031622776601683824, 
    0.009428090415820642, 
    0.041365578819969516
  ]
}