{
  "adv_t": [
    2, 
    1, 
    3, 
    4, 
    0, 
    2, 
    0
  ], 
  "adv_w": [
    2, 
    1, 
    4, 
    5, 
    0, 
    2, 
    0
  ], 
  "clfs": [
    "Decision Tree", 
    "Naive Bayes", 
    "Linear SVM", 
    "Neural Net", 
    "RBF SVM", 
    "Random Forest", 
    "Nearest Neighbors"
  ], 
  "mean": [
    0.736, 
    0.72, 
    0.7539999999999999, 
    0.767, 
    0.6989999999999997, 
    0.716, 
    0.6810000000000002
  ], 
  "parameters": {
    "cv_method": "k20", 
    "db": "german", 
    "repetition": 8
  }, 
  "std": [
    0.056791400386807994, 
    0.07018771822387221, 
    0.05660574640719605, 
    0.05956862473342471, 
    0.004472135954999559, 
    0.01231174022502186, 
    0.047450805550258254
  ]
}