{
  "adv_t": [
    1, 
    2, 
    5, 
    5, 
    1, 
    2, 
    0
  ], 
  "adv_w": [
    0, 
    2, 
    5, 
    5, 
    1, 
    1, 
    0
  ], 
  "clfs": [
    "Decision Tree", 
    "Naive Bayes", 
    "Linear SVM", 
    "Neural Net", 
    "RBF SVM", 
    "Random Forest", 
    "Nearest Neighbors"
  ], 
  "mean": [
    0.706, 
    0.7187999999999999, 
    0.7578000000000001, 
    0.7603999999999999, 
    0.7000000000000001, 
    0.7072, 
    0.6732
  ], 
  "parameters": {
    "cv_method": "k2x5", 
    "db": "german", 
    "repetition": 5
  }, 
  "std": [
    0.0253859103528797, 
    0.014883249346534209, 
    0.015504837954651428, 
    0.010276186062932093, 
    1.1702778228589004e-16, 
    0.006876691711054717, 
    0.012968337510173672
  ]
}