{
  "adv_t": [
    0,
    0,
    3,
    0,
    3,
    0,
    3
  ],
  "adv_w": [
    0,
    0,
    3,
    0,
    4,
    0,
    0
  ],
  "clfs": [
    "Nearest Neighbors",
    "RBF SVM",
    "Decision Tree",
    "Random Forest",
    "Neural Net",
    "Naive Bayes",
    "Linear SVM"
  ],
  "mean": [
    0.6769999999999999,
    0.6990000000000001,
    0.75,
    0.704,
    0.766,
    0.725,
    0.744
  ],
  "parameters": {
    "cv_method": "k10",
    "db": "german",
    "repetition": 5
  },
  "std": [
    0.04243949942107129,
    0.0031622776601683824,
    0.027487370837451095,
    0.015055453054181614,
    0.0295145914949049,
    0.034075080500434805,
    0.035023801430836554
  ]
}