{
  "adv_t": [
    3, 
    1, 
    4, 
    4, 
    0, 
    0, 
    0
  ], 
  "adv_w": [
    3, 
    2, 
    5, 
    5, 
    0, 
    0, 
    0
  ], 
  "clfs": [
    "Decision Tree", 
    "Naive Bayes", 
    "Linear SVM", 
    "Neural Net", 
    "RBF SVM", 
    "Random Forest", 
    "Nearest Neighbors"
  ], 
  "mean": [
    0.7210000000000001, 
    0.727, 
    0.753, 
    0.7560000000000001, 
    0.6989999999999997, 
    0.6969999999999998, 
    0.682
  ], 
  "parameters": {
    "cv_method": "k20", 
    "db": "german", 
    "repetition": 3
  }, 
  "std": [
    0.048330005935073174, 
    0.07767001724570022, 
    0.060619607736319636, 
    0.05641948151779529, 
    0.004472135954999559, 
    0.022734161635370606, 
    0.058363651269207645
  ]
}