{
  "adv_t": [
    2, 
    0, 
    3, 
    3, 
    0, 
    0, 
    0
  ], 
  "adv_w": [
    2, 
    0, 
    4, 
    4, 
    0, 
    0, 
    0
  ], 
  "clfs": [
    "Decision Tree", 
    "Naive Bayes", 
    "Linear SVM", 
    "Neural Net", 
    "RBF SVM", 
    "Random Forest", 
    "Nearest Neighbors"
  ], 
  "mean": [
    0.7379999999999999, 
    0.723, 
    0.7620000000000001, 
    0.762, 
    0.6989999999999997, 
    0.708, 
    0.6770000000000002
  ], 
  "parameters": {
    "cv_method": "k20", 
    "db": "german", 
    "repetition": 0
  }, 
  "std": [
    0.06152449234162551, 
    0.05813776741499454, 
    0.04937504163888984, 
    0.038333714719689334, 
    0.004472135954999559, 
    0.026277867413271455, 
    0.06906137621138551
  ]
}