{
  "adv_t": [
    1, 
    1, 
    3, 
    4, 
    0, 
    2, 
    0
  ], 
  "adv_w": [
    1, 
    1, 
    5, 
    5, 
    0, 
    2, 
    0
  ], 
  "clfs": [
    "Decision Tree", 
    "Naive Bayes", 
    "Linear SVM", 
    "Neural Net", 
    "RBF SVM", 
    "Random Forest", 
    "Nearest Neighbors"
  ], 
  "mean": [
    0.728, 
    0.7270000000000001, 
    0.757, 
    0.7689999999999999, 
    0.6990000000000001, 
    0.711, 
    0.6839999999999999
  ], 
  "parameters": {
    "cv_method": "k10", 
    "db": "german", 
    "repetition": 0
  }, 
  "std": [
    0.04894441291460708, 
    0.047152235719352, 
    0.026687491868330818, 
    0.03784471194529328, 
    0.0031622776601683824, 
    0.013703203194062989, 
    0.029135697844549523
  ]
}