{
  "adv_t": [
    1, 
    0, 
    3, 
    4, 
    0, 
    2, 
    0
  ], 
  "adv_w": [
    0, 
    0, 
    4, 
    5, 
    0, 
    2, 
    0
  ], 
  "clfs": [
    "Decision Tree", 
    "Naive Bayes", 
    "Linear SVM", 
    "Neural Net", 
    "RBF SVM", 
    "Random Forest", 
    "Nearest Neighbors"
  ], 
  "mean": [
    0.7220000000000001, 
    0.724, 
    0.757, 
    0.7700000000000001, 
    0.6989999999999997, 
    0.717, 
    0.6799999999999999
  ], 
  "parameters": {
    "cv_method": "k20", 
    "db": "german", 
    "repetition": 2
  }, 
  "std": [
    0.05227457870655073, 
    0.06142175167599317, 
    0.035703457004963315, 
    0.05291502622129181, 
    0.004472135954999558, 
    0.02079979756986515, 
    0.04495611895592132
  ]
}