{
  "adv_t": [
    0,
    0,
    2,
    1,
    5,
    2,
    5
  ],
  "adv_w": [
    0,
    0,
    2,
    0,
    5,
    2,
    5
  ],
  "clfs": [
    "Nearest Neighbors",
    "RBF SVM",
    "Decision Tree",
    "Random Forest",
    "Neural Net",
    "Naive Bayes",
    "Linear SVM"
  ],
  "mean": [
    0.673,
    0.6990000000000001,
    0.7270000000000001,
    0.7050000000000001,
    0.764,
    0.7210000000000001,
    0.756
  ],
  "parameters": {
    "cv_method": "k10",
    "db": "german",
    "repetition": 6
  },
  "std": [
    0.05229191567005787,
    0.0031622776601683824,
    0.04398231968012199,
    0.010801234497346443,
    0.027968235951204068,
    0.03842742076521226,
    0.020655911179772907
  ]
}