{
  "adv_t": [
    3, 
    0, 
    3, 
    3, 
    0, 
    1, 
    0
  ], 
  "adv_w": [
    3, 
    1, 
    4, 
    4, 
    0, 
    2, 
    0
  ], 
  "clfs": [
    "Decision Tree", 
    "Naive Bayes", 
    "Linear SVM", 
    "Neural Net", 
    "RBF SVM", 
    "Random Forest", 
    "Nearest Neighbors"
  ], 
  "mean": [
    0.7390671420083184, 
    0.7251931075460488, 
    0.7628936423054069, 
    0.7648247177658942, 
    0.6989304812834223, 
    0.7099821746880568, 
    0.6849079025549611
  ], 
  "parameters": {
    "cv_method": "k30", 
    "db": "german", 
    "repetition": 1
  }, 
  "std": [
    0.06717242421958253, 
    0.09155321258070194, 
    0.07414664958551634, 
    0.07525813440596242, 
    0.00742151521952899, 
    0.02123692578326354, 
    0.07272562054273256
  ]
}