{
  "adv_t": [
    1, 
    0, 
    3, 
    3, 
    0, 
    0, 
    0
  ], 
  "adv_w": [
    1, 
    0, 
    3, 
    4, 
    0, 
    0, 
    0
  ], 
  "clfs": [
    "Decision Tree", 
    "Naive Bayes", 
    "Linear SVM", 
    "Neural Net", 
    "RBF SVM", 
    "Random Forest", 
    "Nearest Neighbors"
  ], 
  "mean": [
    0.7357397504456327, 
    0.7269162210338679, 
    0.7568330362448009, 
    0.7650623885918002, 
    0.6989304812834223, 
    0.7050505050505049, 
    0.6879679144385025
  ], 
  "parameters": {
    "cv_method": "k30", 
    "db": "german", 
    "repetition": 2
  }, 
  "std": [
    0.06843649918959245, 
    0.08165485110163243, 
    0.05484453698767536, 
    0.051901020336077526, 
    0.00742151521952899, 
    0.026469168808742314, 
    0.087553688438319
  ]
}