{
  "adv_t": [
    0,
    0,
    0,
    2,
    5,
    3,
    3
  ],
  "adv_w": [
    0,
    0,
    0,
    2,
    5,
    3,
    5
  ],
  "clfs": [
    "Nearest Neighbors",
    "RBF SVM",
    "Decision Tree",
    "Random Forest",
    "Neural Net",
    "Naive Bayes",
    "Linear SVM"
  ],
  "mean": [
    0.6759999999999999,
    0.7000000000000001,
    0.7129999999999999,
    0.7099999999999999,
    0.768,
    0.728,
    0.758
  ],
  "parameters": {
    "cv_method": "k10",
    "db": "german",
    "repetition": 7
  },
  "std": [
    0.044522154285504,
    1.1702778228589004e-16,
    0.059264004439644656,
    0.012472191289246483,
    0.043919117578668294,
    0.022010098692292233,
    0.04589843860815603
  ]
}