{
  "adv_t": [
    0,
    0,
    0,
    1,
    4,
    2,
    4
  ],
  "adv_w": [
    0,
    0,
    0,
    1,
    5,
    1,
    5
  ],
  "clfs": [
    "Nearest Neighbors",
    "RBF SVM",
    "Decision Tree",
    "Random Forest",
    "Neural Net",
    "Naive Bayes",
    "Linear SVM"
  ],
  "mean": [
    0.6890000000000001,
    0.6990000000000001,
    0.7190000000000001,
    0.705,
    0.7609999999999999,
    0.728,
    0.7549999999999999
  ],
  "parameters": {
    "cv_method": "k10",
    "db": "german",
    "repetition": 3
  },
  "std": [
    0.04653553003411001,
    0.0031622776601683824,
    0.04228212125447087,
    0.007071067811865482,
    0.04383048152953732,
    0.051380930314660525,
    0.038369548110737825
  ]
}