{
  "adv_t": [
    0,
    0,
    1,
    1,
    4,
    0,
    3
  ],
  "adv_w": [
    0,
    0,
    1,
    0,
    5,
    0,
    3
  ],
  "clfs": [
    "Nearest Neighbors",
    "RBF SVM",
    "Decision Tree",
    "Random Forest",
    "Neural Net",
    "Naive Bayes",
    "Linear SVM"
  ],
  "mean": [
    0.6832,
    0.6998,
    0.7224,
    0.7075999999999999,
    0.7577999999999999,
    0.6922,
    0.7482000000000001
  ],
  "parameters": {
    "cv_method": "k2x5",
    "db": "german",
    "repetition": 8
  },
  "std": [
    0.019071794182334633,
    0.0006324555320336764,
    0.026327847529860032,
    0.009559172442098614,
    0.011013123484683578,
    0.0937583181494966,
    0.011409547658771491
  ]
}