{
  "adv_t": [
    0,
    0,
    3,
    1,
    4,
    1,
    4
  ],
  "adv_w": [
    0,
    0,
    3,
    1,
    4,
    1,
    4
  ],
  "clfs": [
    "Nearest Neighbors",
    "RBF SVM",
    "Decision Tree",
    "Random Forest",
    "Neural Net",
    "Naive Bayes",
    "Linear SVM"
  ],
  "mean": [
    0.6918003565062388,
    0.6989601901366604,
    0.738116458704694,
    0.7139928698752226,
    0.7586452762923349,
    0.7199643493761141,
    0.756951871657754
  ],
  "parameters": {
    "cv_method": "k30",
    "db": "german",
    "repetition": 1
  },
  "std": [
    0.08198353930135095,
    0.005919781262462122,
    0.061279841333250526,
    0.024261252373975646,
    0.0666425522808457,
    0.06257377047309788,
    0.05937006869813653
  ]
}