{
  "adv_t": [
    3, 
    3, 
    5, 
    5, 
    0, 
    0, 
    0
  ], 
  "adv_w": [
    3, 
    3, 
    5, 
    5, 
    0, 
    0, 
    0
  ], 
  "clfs": [
    "Decision Tree", 
    "Naive Bayes", 
    "Linear SVM", 
    "Neural Net", 
    "RBF SVM", 
    "Random Forest", 
    "Nearest Neighbors"
  ], 
  "mean": [
    0.726, 
    0.7299999999999998, 
    0.759, 
    0.7690000000000001, 
    0.6989999999999997, 
    0.696, 
    0.6889999999999998
  ], 
  "parameters": {
    "cv_method": "k20", 
    "db": "german", 
    "repetition": 6
  }, 
  "std": [
    0.06260990336999411, 
    0.05409543224222988, 
    0.04024922359499621, 
    0.03143916431191484, 
    0.004472135954999559, 
    0.020104987598001358, 
    0.04961960563283322
  ]
}