{
  "adv_t": [
    0,
    0,
    3,
    1,
    5,
    2,
    4
  ],
  "adv_w": [
    0,
    0,
    3,
    2,
    5,
    2,
    5
  ],
  "clfs": [
    "Nearest Neighbors",
    "RBF SVM",
    "Decision Tree",
    "Random Forest",
    "Neural Net",
    "Naive Bayes",
    "Linear SVM"
  ],
  "mean": [
    0.6799999999999999,
    0.6989999999999997,
    0.7340000000000001,
    0.706,
    0.7649999999999999,
    0.731,
    0.759
  ],
  "parameters": {
    "cv_method": "k20",
    "db": "german",
    "repetition": 4
  },
  "std": [
    0.05982430416161188,
    0.00447213595499956,
    0.043576913250264214,
    0.018467610337532747,
    0.05462792808001955,
    0.06439189226504906,
    0.04919349550499537
  ]
}