{
  "adv_t": [
    0,
    0,
    1,
    0,
    3,
    2,
    3
  ],
  "adv_w": [
    0,
    0,
    1,
    0,
    2,
    1,
    2
  ],
  "clfs": [
    "Nearest Neighbors",
    "RBF SVM",
    "Decision Tree",
    "Random Forest",
    "Neural Net",
    "Naive Bayes",
    "Linear SVM"
  ],
  "mean": [
    0.692,
    0.6990000000000001,
    0.7329999999999999,
    0.7070000000000001,
    0.764,
    0.7329999999999999,
    0.759
  ],
  "parameters": {
    "cv_method": "k10",
    "db": "german",
    "repetition": 9
  },
  "std": [
    0.05846176338238335,
    0.0031622776601683824,
    0.02710063549890382,
    0.012516655570345736,
    0.04141926551202418,
    0.023593784492248537,
    0.03541813722437201
  ]
}