{
  "adv_t": [
    0, 
    0, 
    3, 
    3, 
    0, 
    0, 
    0
  ], 
  "adv_w": [
    0, 
    0, 
    3, 
    1, 
    0, 
    0, 
    0
  ], 
  "clfs": [
    "Decision Tree", 
    "Naive Bayes", 
    "Linear SVM", 
    "Neural Net", 
    "RBF SVM", 
    "Random Forest", 
    "Nearest Neighbors"
  ], 
  "mean": [
    0.7300000000000001, 
    0.732, 
    0.757, 
    0.757, 
    0.6990000000000001, 
    0.707, 
    0.679
  ], 
  "parameters": {
    "cv_method": "k10", 
    "db": "german", 
    "repetition": 2
  }, 
  "std": [
    0.038873012632302015, 
    0.055136195008360894, 
    0.028693785622209818, 
    0.03497618237219916, 
    0.0031622776601683824, 
    0.02110818693198341, 
    0.054863466897380815
  ]
}