{
  "adv_t": [
    0,
    0,
    3,
    0,
    4,
    3,
    4
  ],
  "adv_w": [
    0,
    0,
    3,
    0,
    4,
    3,
    4
  ],
  "clfs": [
    "Nearest Neighbors",
    "RBF SVM",
    "Decision Tree",
    "Random Forest",
    "Neural Net",
    "Naive Bayes",
    "Linear SVM"
  ],
  "mean": [
    0.6869999999999999,
    0.6990000000000001,
    0.7419999999999999,
    0.702,
    0.7589999999999999,
    0.7300000000000001,
    0.758
  ],
  "parameters": {
    "cv_method": "k10",
    "db": "german",
    "repetition": 4
  },
  "std": [
    0.046439925351648294,
    0.0031622776601683824,
    0.046856755708814875,
    0.011352924243950945,
    0.04040077006966854,
    0.03126943839882287,
    0.03224903099319423
  ]
}