{
  "adv_t": [
    2, 
    2, 
    5, 
    3, 
    0, 
    2, 
    0
  ], 
  "adv_w": [
    2, 
    2, 
    5, 
    3, 
    0, 
    1, 
    0
  ], 
  "clfs": [
    "Decision Tree", 
    "Naive Bayes", 
    "Linear SVM", 
    "Neural Net", 
    "RBF SVM", 
    "Random Forest", 
    "Nearest Neighbors"
  ], 
  "mean": [
    0.729, 
    0.7290000000000001, 
    0.759, 
    0.762, 
    0.6990000000000001, 
    0.717, 
    0.692
  ], 
  "parameters": {
    "cv_method": "k10", 
    "db": "german", 
    "repetition": 8
  }, 
  "std": [
    0.0321282153600573, 
    0.033482997343593814, 
    0.029981475762358503, 
    0.06124631508189786, 
    0.0031622776601683824, 
    0.014181364924121776, 
    0.03675746333890724
  ]
}