{
  "adv_t": [
    2, 
    2, 
    4, 
    4, 
    0, 
    1, 
    0
  ], 
  "adv_w": [
    2, 
    2, 
    4, 
    4, 
    0, 
    1, 
    0
  ], 
  "clfs": [
    "Decision Tree", 
    "Naive Bayes", 
    "Linear SVM", 
    "Neural Net", 
    "RBF SVM", 
    "Random Forest", 
    "Nearest Neighbors"
  ], 
  "mean": [
    0.7369999999999999, 
    0.728, 
    0.7599999999999999, 
    0.7680000000000001, 
    0.6989999999999997, 
    0.7089999999999999, 
    0.6859999999999999
  ], 
  "parameters": {
    "cv_method": "k20", 
    "db": "german", 
    "repetition": 4
  }, 
  "std": [
    0.058857544344933316, 
    0.050010525207989445, 
    0.043042206947917626, 
    0.053665631459994964, 
    0.00447213595499956, 
    0.027125439603519978, 
    0.03560011827301464
  ]
}