{
  "adv_t": [
    2, 
    2, 
    4, 
    5, 
    0, 
    2, 
    0
  ], 
  "adv_w": [
    2, 
    2, 
    5, 
    5, 
    0, 
    0, 
    0
  ], 
  "clfs": [
    "Decision Tree", 
    "Naive Bayes", 
    "Linear SVM", 
    "Neural Net", 
    "RBF SVM", 
    "Random Forest", 
    "Nearest Neighbors"
  ], 
  "mean": [
    0.731283422459893, 
    0.7250445632798572, 
    0.7581996434937608, 
    0.7691919191919191, 
    0.6989304812834223, 
    0.709893048128342, 
    0.684878193701723
  ], 
  "parameters": {
    "cv_method": "k30", 
    "db": "german", 
    "repetition": 9
  }, 
  "std": [
    0.06353785906539128, 
    0.07070899689234177, 
    0.0676468178967316, 
    0.05986505385836264, 
    0.00742151521952899, 
    0.029700221050095735, 
    0.0741681469286372
  ]
}