{
  "adv_t": [
    0, 
    0, 
    3, 
    3, 
    0, 
    0, 
    0
  ], 
  "adv_w": [
    0, 
    0, 
    3, 
    3, 
    0, 
    0, 
    0
  ], 
  "clfs": [
    "Decision Tree", 
    "Naive Bayes", 
    "Linear SVM", 
    "Neural Net", 
    "RBF SVM", 
    "Random Forest", 
    "Nearest Neighbors"
  ], 
  "mean": [
    0.7180000000000001, 
    0.7260000000000001, 
    0.7529999999999999, 
    0.752, 
    0.6989999999999997, 
    0.7099999999999999, 
    0.686
  ], 
  "parameters": {
    "cv_method": "k20", 
    "db": "german", 
    "repetition": 1
  }, 
  "std": [
    0.06645932669884008, 
    0.05734475610403779, 
    0.049107829796972494, 
    0.05559250233430289, 
    0.004472135954999559, 
    0.023841582427170785, 
    0.04210263149670538
  ]
}