{
  "adv_t": [
    1, 
    0, 
    4, 
    4, 
    1, 
    1, 
    0
  ], 
  "adv_w": [
    0, 
    0, 
    4, 
    4, 
    1, 
    1, 
    0
  ], 
  "clfs": [
    "Decision Tree", 
    "Naive Bayes", 
    "Linear SVM", 
    "Neural Net", 
    "RBF SVM", 
    "Random Forest", 
    "Nearest Neighbors"
  ], 
  "mean": [
    0.7064, 
    0.6918, 
    0.7497999999999999, 
    0.7476, 
    0.6998, 
    0.7074, 
    0.6808
  ], 
  "parameters": {
    "cv_method": "k2x5", 
    "db": "german", 
    "repetition": 3
  }, 
  "std": [
    0.01688654954558674, 
    0.09463121401877218, 
    0.016287691330845153, 
    0.018422208819188237, 
    0.0006324555320336764, 
    0.008996295533903596, 
    0.014853357271075842
  ]
}