{
  "adv_t": [
    0,
    0,
    2,
    1,
    3,
    0,
    3
  ],
  "adv_w": [
    0,
    0,
    1,
    1,
    3,
    0,
    4
  ],
  "clfs": [
    "Nearest Neighbors",
    "RBF SVM",
    "Decision Tree",
    "Random Forest",
    "Neural Net",
    "Naive Bayes",
    "Linear SVM"
  ],
  "mean": [
    0.688,
    0.6989999999999997,
    0.734,
    0.7090000000000001,
    0.762,
    0.7300000000000002,
    0.762
  ],
  "parameters": {
    "cv_method": "k20",
    "db": "german",
    "repetition": 9
  },
  "std": [
    0.0528752255189915,
    0.004472135954999559,
    0.05072111571079021,
    0.013726654823065194,
    0.05690250202620361,
    0.06407232755171874,
    0.05425087920703996
  ]
}