{
  "adv_t": [
    1, 
    0, 
    4, 
    4, 
    1, 
    2, 
    0
  ], 
  "adv_w": [
    0, 
    0, 
    5, 
    5, 
    0, 
    1, 
    0
  ], 
  "clfs": [
    "Decision Tree", 
    "Naive Bayes", 
    "Linear SVM", 
    "Neural Net", 
    "RBF SVM", 
    "Random Forest", 
    "Nearest Neighbors"
  ], 
  "mean": [
    0.71, 
    0.6869999999999999, 
    0.7534000000000001, 
    0.7512000000000001, 
    0.6998000000000001, 
    0.7152, 
    0.6768000000000001
  ], 
  "parameters": {
    "cv_method": "k2x5", 
    "db": "german", 
    "repetition": 2
  }, 
  "std": [
    0.02703084657695104, 
    0.09633852350493605, 
    0.008487899884214237, 
    0.008904430857100803, 
    0.0006324555320336764, 
    0.011895844279037601, 
    0.019803478931182217
  ]
}