{
  "adv_t": [
    3, 
    2, 
    3, 
    3, 
    0, 
    1, 
    0
  ], 
  "adv_w": [
    3, 
    2, 
    3, 
    4, 
    0, 
    1, 
    0
  ], 
  "clfs": [
    "Decision Tree", 
    "Naive Bayes", 
    "Linear SVM", 
    "Neural Net", 
    "RBF SVM", 
    "Random Forest", 
    "Nearest Neighbors"
  ], 
  "mean": [
    0.7449999999999998, 
    0.729, 
    0.756, 
    0.759, 
    0.6989999999999997, 
    0.7079999999999997, 
    0.694
  ], 
  "parameters": {
    "cv_method": "k20", 
    "db": "german", 
    "repetition": 5
  }, 
  "std": [
    0.05978029951853968, 
    0.05928521605008506, 
    0.06244155161766124, 
    0.058210145615962675, 
    0.004472135954999559, 
    0.019894458366193593, 
    0.057710712314001746
  ]
}