{
  "adv_t": [
    0,
    0,
    1,
    0,
    3,
    0,
    3
  ],
  "adv_w": [
    0,
    0,
    0,
    0,
    4,
    0,
    3
  ],
  "clfs": [
    "Nearest Neighbors",
    "RBF SVM",
    "Decision Tree",
    "Random Forest",
    "Neural Net",
    "Naive Bayes",
    "Linear SVM"
  ],
  "mean": [
    0.6903446226975638,
    0.6989601901366604,
    0.7369875222816397,
    0.70496137849079,
    0.7643196672608435,
    0.7260546642899581,
    0.759090909090909
  ],
  "parameters": {
    "cv_method": "k30",
    "db": "german",
    "repetition": 4
  },
  "std": [
    0.06696290664199474,
    0.005919781262462122,
    0.0746220025886059,
    0.022550450948487937,
    0.0669833562829311,
    0.08390196705102694,
    0.0653726235993889
  ]
}