{
  "adv_t": [
    1, 
    3, 
    3, 
    3, 
    0, 
    0, 
    0
  ], 
  "adv_w": [
    1, 
    3, 
    3, 
    3, 
    0, 
    0, 
    0
  ], 
  "clfs": [
    "Decision Tree", 
    "Naive Bayes", 
    "Linear SVM", 
    "Neural Net", 
    "RBF SVM", 
    "Random Forest", 
    "Nearest Neighbors"
  ], 
  "mean": [
    0.725, 
    0.734, 
    0.759, 
    0.75, 
    0.7000000000000001, 
    0.702, 
    0.6769999999999998
  ], 
  "parameters": {
    "cv_method": "k10", 
    "db": "german", 
    "repetition": 5
  }, 
  "std": [
    0.044032816045409685, 
    0.023190036174568135, 
    0.04976611966656297, 
    0.05312459150169743, 
    1.1702778228589004e-16, 
    0.013165611772087657, 
    0.04347413023856831
  ]
}