{
  "adv_t": [
    2, 
    0, 
    4, 
    4, 
    1, 
    2, 
    0
  ], 
  "adv_w": [
    2, 
    0, 
    5, 
    5, 
    1, 
    2, 
    0
  ], 
  "clfs": [
    "Decision Tree", 
    "Naive Bayes", 
    "Linear SVM", 
    "Neural Net", 
    "RBF SVM", 
    "Random Forest", 
    "Nearest Neighbors"
  ], 
  "mean": [
    0.7158, 
    0.6888, 
    0.7576, 
    0.7546000000000002, 
    0.6992, 
    0.7064, 
    0.6736
  ], 
  "parameters": {
    "cv_method": "k2x5", 
    "db": "german", 
    "repetition": 1
  }, 
  "std": [
    0.021446574448045454, 
    0.1096548119225863, 
    0.010741404832598845, 
    0.007834397090892054, 
    0.0010327955589886455, 
    0.008474799243771055, 
    0.017328204369370367
  ]
}