{
  "adv_t": [
    2, 
    1, 
    3, 
    5, 
    0, 
    0, 
    0
  ], 
  "adv_w": [
    1, 
    1, 
    5, 
    5, 
    0, 
    1, 
    0
  ], 
  "clfs": [
    "Decision Tree", 
    "Naive Bayes", 
    "Linear SVM", 
    "Neural Net", 
    "RBF SVM", 
    "Random Forest", 
    "Nearest Neighbors"
  ], 
  "mean": [
    0.7259952465834819, 
    0.7298871063576945, 
    0.7588829471182411, 
    0.7729055258467021, 
    0.6989601901366604, 
    0.7019607843137252, 
    0.6798871063576947
  ], 
  "parameters": {
    "cv_method": "k30", 
    "db": "german", 
    "repetition": 3
  }, 
  "std": [
    0.06772352019391607, 
    0.08855367338284317, 
    0.06315864056695283, 
    0.06857949826737114, 
    0.005919781262462123, 
    0.022462966167530865, 
    0.06214976870999984
  ]
}