{
  "adv_t": [
    0,
    0,
    2,
    0,
    3,
    0,
    3
  ],
  "adv_w": [
    0,
    0,
    0,
    0,
    3,
    0,
    4
  ],
  "clfs": [
    "Nearest Neighbors",
    "RBF SVM",
    "Decision Tree",
    "Random Forest",
    "Neural Net",
    "Naive Bayes",
    "Linear SVM"
  ],
  "mean": [
    0.6839572192513367,
    0.6989304812834222,
    0.7289067142008316,
    0.7059417706476528,
    0.7569221628045156,
    0.7238859180035649,
    0.759982174688057
  ],
  "parameters": {
    "cv_method": "k30",
    "db": "german",
    "repetition": 2
  },
  "std": [
    0.06808612628729643,
    0.007421515219528987,
    0.061061768757445345,
    0.021815058716778815,
    0.04697391216027464,
    0.07960422855527816,
    0.04655877043077113
  ]
}