{
  "adv_t": [
    3, 
    2, 
    4, 
    3, 
    0, 
    0, 
    0
  ], 
  "adv_w": [
    3, 
    1, 
    5, 
    4, 
    0, 
    0, 
    0
  ], 
  "clfs": [
    "Decision Tree", 
    "Naive Bayes", 
    "Linear SVM", 
    "Neural Net", 
    "RBF SVM", 
    "Random Forest", 
    "Nearest Neighbors"
  ], 
  "mean": [
    0.7359180035650622, 
    0.7247474747474747, 
    0.7586749851455732, 
    0.7546642899584074, 
    0.6989601901366604, 
    0.7030303030303027, 
    0.6898395721925135
  ], 
  "parameters": {
    "cv_method": "k30", 
    "db": "german", 
    "repetition": 5
  }, 
  "std": [
    0.06222115603692028, 
    0.08186038848223728, 
    0.06586791208640491, 
    0.0641386456175902, 
    0.005919781262462122, 
    0.0171524617313674, 
    0.06827952224288315
  ]
}