{
  "adv_t": [
    0,
    1,
    1,
    2,
    5,
    0,
    5
  ],
  "adv_w": [
    0,
    1,
    1,
    2,
    5,
    1,
    5
  ],
  "clfs": [
    "Nearest Neighbors",
    "RBF SVM",
    "Decision Tree",
    "Random Forest",
    "Neural Net",
    "Naive Bayes",
    "Linear SVM"
  ],
  "mean": [
    0.6704000000000001,
    0.6998,
    0.7043999999999999,
    0.7120000000000001,
    0.7509999999999999,
    0.6802000000000001,
    0.7498000000000002
  ],
  "parameters": {
    "cv_method": "k2x5",
    "db": "german",
    "repetition": 0
  },
  "std": [
    0.017858704693603462,
    0.0006324555320336764,
    0.01803207019605781,
    0.006531972647421807,
    0.0066833125519211375,
    0.09508569234584607,
    0.0060699624747146555
  ]
}