{
  "adv_t": [
    0,
    0,
    2,
    0,
    3,
    0,
    3
  ],
  "adv_w": [
    0,
    0,
    1,
    0,
    4,
    0,
    4
  ],
  "clfs": [
    "Nearest Neighbors",
    "RBF SVM",
    "Decision Tree",
    "Random Forest",
    "Neural Net",
    "Naive Bayes",
    "Linear SVM"
  ],
  "mean": [
    0.684878193701723,
    0.6989304812834222,
    0.7349079025549613,
    0.7129530600118833,
    0.7599524658348186,
    0.7218657159833629,
    0.7558526440879381
  ],
  "parameters": {
    "cv_method": "k30",
    "db": "german",
    "repetition": 3
  },
  "std": [
    0.07103285713871137,
    0.007421515219528988,
    0.05983768583843032,
    0.028195888160706967,
    0.050601076096124305,
    0.0635284530809822,
    0.05613481929970721
  ]
}