{
  "adv_t": [
    0,
    1,
    1,
    2,
    4,
    0,
    4
  ],
  "adv_w": [
    0,
    0,
    0,
    0,
    4,
    0,
    5
  ],
  "clfs": [
    "Nearest Neighbors",
    "RBF SVM",
    "Decision Tree",
    "Random Forest",
    "Neural Net",
    "Naive Bayes",
    "Linear SVM"
  ],
  "mean": [
    0.6768000000000001,
    0.6998000000000001,
    0.7098,
    0.7130000000000001,
    0.7512,
    0.6869999999999999,
    0.7525999999999999
  ],
  "parameters": {
    "cv_method": "k2x5",
    "db": "german",
    "repetition": 2
  },
  "std": [
    0.019803478931182217,
    0.0006324555320336764,
    0.02768794362574118,
    0.011244751862288653,
    0.011282237760696593,
    0.09633852350493605,
    0.007890923055426822
  ]
}