{
  "adv_t": [
    4, 
    2, 
    4, 
    3, 
    0, 
    1, 
    0
  ], 
  "adv_w": [
    3, 
    1, 
    4, 
    4, 
    0, 
    0, 
    0
  ], 
  "clfs": [
    "Decision Tree", 
    "Naive Bayes", 
    "Linear SVM", 
    "Neural Net", 
    "RBF SVM", 
    "Random Forest", 
    "Nearest Neighbors"
  ], 
  "mean": [
    0.757, 
    0.7289999999999999, 
    0.764, 
    0.7539999999999999, 
    0.7000000000000001, 
    0.71, 
    0.6779999999999999
  ], 
  "parameters": {
    "cv_method": "k10", 
    "db": "german", 
    "repetition": 7
  }, 
  "std": [
    0.020575065816014638, 
    0.030349812373573464, 
    0.0333999334663343, 
    0.036270588023294546, 
    1.1702778228589004e-16, 
    0.014907119849998613, 
    0.05050852513300216
  ]
}