{
  "adv_t": [
    2, 
    2, 
    4, 
    3, 
    0, 
    2, 
    0
  ], 
  "adv_w": [
    2, 
    2, 
    5, 
    5, 
    0, 
    1, 
    0
  ], 
  "clfs": [
    "Decision Tree", 
    "Naive Bayes", 
    "Linear SVM", 
    "Neural Net", 
    "RBF SVM", 
    "Random Forest", 
    "Nearest Neighbors"
  ], 
  "mean": [
    0.726, 
    0.7280000000000001, 
    0.7590000000000001, 
    0.7560000000000001, 
    0.6989999999999997, 
    0.707, 
    0.6869999999999999
  ], 
  "parameters": {
    "cv_method": "k20", 
    "db": "german", 
    "repetition": 9
  }, 
  "std": [
    0.05471457036773949, 
    0.06755894112784623, 
    0.0650424962296918, 
    0.07125934841718738, 
    0.004472135954999559, 
    0.016254554017744987, 
    0.049534676848913786
  ]
}