{
  "adv_t": [
    0,
    0,
    0,
    0,
    3,
    0,
    3
  ],
  "adv_w": [
    0,
    0,
    0,
    0,
    3,
    0,
    5
  ],
  "clfs": [
    "Nearest Neighbors",
    "RBF SVM",
    "Decision Tree",
    "Random Forest",
    "Neural Net",
    "Naive Bayes",
    "Linear SVM"
  ],
  "mean": [
    0.6903446226975637,
    0.6989304812834222,
    0.7250742721330954,
    0.7020202020202018,
    0.7552287581699345,
    0.7253119429590015,
    0.762240047534165
  ],
  "parameters": {
    "cv_method": "k30",
    "db": "german",
    "repetition": 6
  },
  "std": [
    0.07377154845848348,
    0.007421515219528989,
    0.0650885838045468,
    0.02137286626142833,
    0.06135908627584853,
    0.06866571723563956,
    0.049750739383957535
  ]
}