{
  "adv_t": [
    0,
    1,
    0,
    2,
    4,
    0,
    4
  ],
  "adv_w": [
    0,
    1,
    0,
    1,
    5,
    0,
    5
  ],
  "clfs": [
    "Nearest Neighbors",
    "RBF SVM",
    "Decision Tree",
    "Random Forest",
    "Neural Net",
    "Naive Bayes",
    "Linear SVM"
  ],
  "mean": [
    0.6784,
    0.6998000000000001,
    0.7002,
    0.7078,
    0.7502,
    0.6512,
    0.749
  ],
  "parameters": {
    "cv_method": "k2x5",
    "db": "german",
    "repetition": 9
  },
  "std": [
    0.0166746647475877,
    0.0006324555320336763,
    0.0241191486859162,
    0.007208020224413603,
    0.019030968913268102,
    0.12534468033741555,
    0.011479450238481717
  ]
}