{
  "adv_t": [
    2, 
    1, 
    5, 
    5, 
    1, 
    2, 
    0
  ], 
  "adv_w": [
    2, 
    1, 
    5, 
    5, 
    1, 
    2, 
    0
  ], 
  "clfs": [
    "Decision Tree", 
    "Naive Bayes", 
    "Linear SVM", 
    "Neural Net", 
    "RBF SVM", 
    "Random Forest", 
    "Nearest Neighbors"
  ], 
  "mean": [
    0.7166, 
    0.7126, 
    0.7502, 
    0.7532, 
    0.6996000000000001, 
    0.7116, 
    0.6799999999999999
  ], 
  "parameters": {
    "cv_method": "k2x5", 
    "db": "german", 
    "repetition": 6
  }, 
  "std": [
    0.020913578789336355, 
    0.021375999001995976, 
    0.012016655108639829, 
    0.015838069467092403, 
    0.0008432740427115685, 
    0.00782020175926141, 
    0.01131370849898475
  ]
}