{
  "adv_t": [
    1, 
    0, 
    4, 
    4, 
    1, 
    2, 
    0
  ], 
  "adv_w": [
    1, 
    0, 
    5, 
    5, 
    1, 
    2, 
    0
  ], 
  "clfs": [
    "Decision Tree", 
    "Naive Bayes", 
    "Linear SVM", 
    "Neural Net", 
    "RBF SVM", 
    "Random Forest", 
    "Nearest Neighbors"
  ], 
  "mean": [
    0.7054, 
    0.6802000000000001, 
    0.751, 
    0.7538, 
    0.6998, 
    0.7124, 
    0.6704000000000001
  ], 
  "parameters": {
    "cv_method": "k2x5", 
    "db": "german", 
    "repetition": 0
  }, 
  "std": [
    0.01842823919966312, 
    0.09508569234584607, 
    0.006749485577105504, 
    0.012272824541327986, 
    0.0006324555320336764, 
    0.006586180818788489, 
    0.017858704693603462
  ]
}