{
  "adv_t": [
    0,
    0,
    2,
    2,
    4,
    2,
    4
  ],
  "adv_w": [
    0,
    0,
    3,
    2,
    5,
    2,
    5
  ],
  "clfs": [
    "Nearest Neighbors",
    "RBF SVM",
    "Decision Tree",
    "Random Forest",
    "Neural Net",
    "Naive Bayes",
    "Linear SVM"
  ],
  "mean": [
    0.6830956625074273,
    0.6989601901366604,
    0.7360962566844919,
    0.7200237670825905,
    0.7628342245989302,
    0.722994652406417,
    0.7590017825311942
  ],
  "parameters": {
    "cv_method": "k30",
    "db": "german",
    "repetition": 5
  },
  "std": [
    0.06274700283440622,
    0.005919781262462122,
    0.053101393921191356,
    0.02488259494388493,
    0.07374468605024376,
    0.07217160411093287,
    0.06159617234608037
  ]
}