{
  "adv_t": [
    0,
    1,
    0,
    3,
    5,
    0,
    5
  ],
  "adv_w": [
    0,
    1,
    0,
    3,
    5,
    0,
    5
  ],
  "clfs": [
    "Nearest Neighbors",
    "RBF SVM",
    "Decision Tree",
    "Random Forest",
    "Neural Net",
    "Naive Bayes",
    "Linear SVM"
  ],
  "mean": [
    0.6725999999999999,
    0.6996,
    0.687,
    0.7082,
    0.756,
    0.6809999999999999,
    0.7462000000000001
  ],
  "parameters": {
    "cv_method": "k2x5",
    "db": "german",
    "repetition": 7
  },
  "std": [
    0.018379940756765852,
    0.0008432740427115685,
    0.025442746183015175,
    0.0055337349251859055,
    0.020461345670963752,
    0.09144883208050766,
    0.013113182510571406
  ]
}