{
  "adv_t": [
    0,
    0,
    3,
    0,
    3,
    0,
    3
  ],
  "adv_w": [
    0,
    0,
    3,
    0,
    4,
    0,
    3
  ],
  "clfs": [
    "Nearest Neighbors",
    "RBF SVM",
    "Decision Tree",
    "Random Forest",
    "Neural Net",
    "Naive Bayes",
    "Linear SVM"
  ],
  "mean": [
    0.6870172311348779,
    0.6999405822935232,
    0.7380570409982173,
    0.700920974450386,
    0.7630421865715982,
    0.7228461081402258,
    0.7590612002376707
  ],
  "parameters": {
    "cv_method": "k30",
    "db": "german",
    "repetition": 0
  },
  "std": [
    0.05631077019360299,
    0.004273291457088984,
    0.06448296984565825,
    0.02225111109545596,
    0.06104680654013781,
    0.061286277663821755,
    0.058172823728856196
  ]
}