{
  "adv_t": [
    0,
    1,
    1,
    2,
    4,
    0,
    4
  ],
  "adv_w": [
    0,
    1,
    1,
    2,
    5,
    0,
    5
  ],
  "clfs": [
    "Nearest Neighbors",
    "RBF SVM",
    "Decision Tree",
    "Random Forest",
    "Neural Net",
    "Naive Bayes",
    "Linear SVM"
  ],
  "mean": [
    0.6808,
    0.6998,
    0.7078,
    0.7061999999999998,
    0.7510000000000001,
    0.6918,
    0.7497999999999999
  ],
  "parameters": {
    "cv_method": "k2x5",
    "db": "german",
    "repetition": 3
  },
  "std": [
    0.014853357271075842,
    0.0006324555320336764,
    0.012163698268025068,
    0.008664102184685175,
    0.02317565772769159,
    0.09463121401877218,
    0.015760710643876408
  ]
}