{
  "adv_t": [
    0,
    0,
    0,
    1,
    5,
    2,
    5
  ],
  "adv_w": [
    0,
    0,
    0,
    1,
    5,
    2,
    4
  ],
  "clfs": [
    "Nearest Neighbors",
    "RBF SVM",
    "Decision Tree",
    "Random Forest",
    "Neural Net",
    "Naive Bayes",
    "Linear SVM"
  ],
  "mean": [
    0.697,
    0.6990000000000001,
    0.7139999999999999,
    0.7140000000000001,
    0.7739999999999998,
    0.7309999999999999,
    0.7590000000000001
  ],
  "parameters": {
    "cv_method": "k10",
    "db": "german",
    "repetition": 1
  },
  "std": [
    0.04110960958218893,
    0.0031622776601683824,
    0.04599516882842757,
    0.01349897115421107,
    0.027968235951204047,
    0.03956710193526381,
    0.030713731999438547
  ]
}