{
  "adv_t": [
    0,
    0,
    2,
    1,
    5,
    2,
    5
  ],
  "adv_w": [
    0,
    0,
    0,
    1,
    5,
    2,
    5
  ],
  "clfs": [
    "Nearest Neighbors",
    "RBF SVM",
    "Decision Tree",
    "Random Forest",
    "Neural Net",
    "Naive Bayes",
    "Linear SVM"
  ],
  "mean": [
    0.688918597742127,
    0.6989304812834223,
    0.7248366013071894,
    0.7099524658348185,
    0.7685680332739155,
    0.7228163992869873,
    0.7577540106951869
  ],
  "parameters": {
    "cv_method": "k30",
    "db": "german",
    "repetition": 7
  },
  "std": [
    0.07253356195726281,
    0.00742151521952899,
    0.07856673834935639,
    0.021634442759735414,
    0.06272370914151705,
    0.06057396292922924,
    0.052083727564434176
  ]
}