{
  "adv_t": [
    0,
    1,
    1,
    2,
    4,
    0,
    4
  ],
  "adv_w": [
    0,
    1,
    1,
    1,
    4,
    0,
    4
  ],
  "clfs": [
    "Nearest Neighbors",
    "RBF SVM",
    "Decision Tree",
    "Random Forest",
    "Neural Net",
    "Naive Bayes",
    "Linear SVM"
  ],
  "mean": [
    0.6736,
    0.6992,
    0.7162000000000001,
    0.7059999999999998,
    0.7482,
    0.6888,
    0.758
  ],
  "parameters": {
    "cv_method": "k2x5",
    "db": "german",
    "repetition": 1
  },
  "std": [
    0.017328204369370367,
    0.0010327955589886455,
    0.02107025285931699,
    0.007055336829505568,
    0.014124840215418757,
    0.1096548119225863,
    0.011313708498984755
  ]
}