{
  "adv_t": [
    0,
    0,
    2,
    1,
    3,
    2,
    3
  ],
  "adv_w": [
    0,
    0,
    2,
    0,
    4,
    3,
    4
  ],
  "clfs": [
    "Nearest Neighbors",
    "RBF SVM",
    "Decision Tree",
    "Random Forest",
    "Neural Net",
    "Naive Bayes",
    "Linear SVM"
  ],
  "mean": [
    0.692038027332145,
    0.6989601901366604,
    0.7350861556743907,
    0.70787284610814,
    0.7609922756981581,
    0.7331253713606654,
    0.7589720736779559
  ],
  "parameters": {
    "cv_method": "k30",
    "db": "german",
    "repetition": 9
  },
  "std": [
    0.06929168122137193,
    0.005919781262462122,
    0.07606327352759547,
    0.022104134474938208,
    0.06406392934937899,
    0.06638404578604297,
    0.07826939564954333
  ]
}