{
  "adv_t": [
    0,
    0,
    2,
    1,
    5,
    2,
    5
  ],
  "adv_w": [
    0,
    0,
    2,
    1,
    5,
    2,
    5
  ],
  "clfs": [
    "Nearest Neighbors",
    "RBF SVM",
    "Decision Tree",
    "Random Forest",
    "Neural Net",
    "Naive Bayes",
    "Linear SVM"
  ],
  "mean": [
    0.689,
    0.6989999999999997,
    0.7249999999999999,
    0.71,
    0.762,
    0.7259999999999999,
    0.76
  ],
  "parameters": {
    "cv_method": "k20",
    "db": "german",
    "repetition": 0
  },
  "std": [
    0.04517801048717115,
    0.004472135954999559,
    0.04978902859487271,
    0.015217718205053646,
    0.06220509371595325,
    0.04816637831516919,
    0.05191085476184401
  ]
}