{
  "adv_t": [
    0, 
    3, 
    5, 
    4, 
    0, 
    2, 
    0
  ], 
  "adv_w": [
    0, 
    3, 
    5, 
    5, 
    0, 
    1, 
    0
  ], 
  "clfs": [
    "Decision Tree", 
    "Naive Bayes", 
    "Linear SVM", 
    "Neural Net", 
    "RBF SVM", 
    "Random Forest", 
    "Nearest Neighbors"
  ], 
  "mean": [
    0.712, 
    0.7309999999999999, 
    0.756, 
    0.752, 
    0.6990000000000001, 
    0.71, 
    0.6799999999999999
  ], 
  "parameters": {
    "cv_method": "k10", 
    "db": "german", 
    "repetition": 6
  }, 
  "std": [
    0.046139883927995416, 
    0.03107338983045714, 
    0.021186998109427625, 
    0.030110906108363266, 
    0.0031622776601683824, 
    0.011547005383792526, 
    0.03999999999999999
  ]
}