{
  "adv_t": [
    0,
    0,
    1,
    0,
    5,
    1,
    4
  ],
  "adv_w": [
    0,
    0,
    1,
    1,
    5,
    0,
    5
  ],
  "clfs": [
    "Nearest Neighbors",
    "RBF SVM",
    "Decision Tree",
    "Random Forest",
    "Neural Net",
    "Naive Bayes",
    "Linear SVM"
  ],
  "mean": [
    0.6809999999999999,
    0.6989999999999997,
    0.722,
    0.7070000000000001,
    0.7670000000000001,
    0.7249999999999999,
    0.757
  ],
  "parameters": {
    "cv_method": "k20",
    "db": "german",
    "repetition": 1
  },
  "std": [
    0.06695638800545353,
    0.00447213595499956,
    0.050638034384401114,
    0.0175018795983084,
    0.05322247249938101,
    0.06117274935098058,
    0.049534676848913786
  ]
}