{
  "adv_t": [
    2, 
    0, 
    4, 
    5, 
    1, 
    2, 
    0
  ], 
  "adv_w": [
    2, 
    0, 
    5, 
    5, 
    1, 
    2, 
    0
  ], 
  "clfs": [
    "Decision Tree", 
    "Naive Bayes", 
    "Linear SVM", 
    "Neural Net", 
    "RBF SVM", 
    "Random Forest", 
    "Nearest Neighbors"
  ], 
  "mean": [
    0.7224, 
    0.6922, 
    0.748, 
    0.7558, 
    0.6998, 
    0.7102, 
    0.6832
  ], 
  "parameters": {
    "cv_method": "k2x5", 
    "db": "german", 
    "repetition": 8
  }, 
  "std": [
    0.025382408606487012, 
    0.0937583181494966, 
    0.011925695879998872, 
    0.011525816432879914, 
    0.0006324555320336764, 
    0.008966604708583943, 
    0.019071794182334633
  ]
}