{
  "adv_t": [
    0, 
    0, 
    3, 
    3, 
    0, 
    0, 
    0
  ], 
  "adv_w": [
    1, 
    1, 
    4, 
    4, 
    0, 
    0, 
    0
  ], 
  "clfs": [
    "Decision Tree", 
    "Naive Bayes", 
    "Linear SVM", 
    "Neural Net", 
    "RBF SVM", 
    "Random Forest", 
    "Nearest Neighbors"
  ], 
  "mean": [
    0.7339275103980986, 
    0.7239750445632798, 
    0.7590612002376708, 
    0.7622400475341652, 
    0.6989304812834223, 
    0.7069815805109924, 
    0.6870172311348782
  ], 
  "parameters": {
    "cv_method": "k30", 
    "db": "german", 
    "repetition": 4
  }, 
  "std": [
    0.07598510640215428, 
    0.0733923905430632, 
    0.06834381250908762, 
    0.07415152581804697, 
    0.007421515219528985, 
    0.026911237436469677, 
    0.0705295395272903
  ]
}