{
  "adv_t": [
    0,
    0,
    3,
    0,
    3,
    1,
    3
  ],
  "adv_w": [
    0,
    0,
    3,
    0,
    3,
    0,
    3
  ],
  "clfs": [
    "Nearest Neighbors",
    "RBF SVM",
    "Decision Tree",
    "Random Forest",
    "Neural Net",
    "Naive Bayes",
    "Linear SVM"
  ],
  "mean": [
    0.6820000000000002,
    0.6989999999999997,
    0.742,
    0.705,
    0.7620000000000002,
    0.728,
    0.7550000000000001
  ],
  "parameters": {
    "cv_method": "k20",
    "db": "german",
    "repetition": 7
  },
  "std": [
    0.04937504163888982,
    0.004472135954999559,
    0.051462812327267723,
    0.014327007988227558,
    0.0471950041959171,
    0.056344803150825386,
    0.03831998241951032
  ]
}