{
  "adv_t": [
    0, 
    0, 
    3, 
    4, 
    0, 
    0, 
    0
  ], 
  "adv_w": [
    0, 
    0, 
    3, 
    5, 
    0, 
    0, 
    0
  ], 
  "clfs": [
    "Decision Tree", 
    "Naive Bayes", 
    "Linear SVM", 
    "Neural Net", 
    "RBF SVM", 
    "Random Forest", 
    "Nearest Neighbors"
  ], 
  "mean": [
    0.717, 
    0.725, 
    0.7520000000000001, 
    0.772, 
    0.6989999999999997, 
    0.7089999999999997, 
    0.681
  ], 
  "parameters": {
    "cv_method": "k20", 
    "db": "german", 
    "repetition": 7
  }, 
  "std": [
    0.053616572457639095, 
    0.06613383559514989, 
    0.05521250811755954, 
    0.04652107615173781, 
    0.004472135954999559, 
    0.01889026482776665, 
    0.06034113548466706
  ]
}