{
  "adv_t": [
    0,
    0,
    3,
    1,
    5,
    0,
    4
  ],
  "adv_w": [
    0,
    0,
    2,
    1,
    5,
    0,
    5
  ],
  "clfs": [
    "Nearest Neighbors",
    "RBF SVM",
    "Decision Tree",
    "Random Forest",
    "Neural Net",
    "Naive Bayes",
    "Linear SVM"
  ],
  "mean": [
    0.6839999999999999,
    0.6989999999999997,
    0.7380000000000001,
    0.7089999999999999,
    0.7689999999999999,
    0.7249999999999999,
    0.7649999999999999
  ],
  "parameters": {
    "cv_method": "k20",
    "db": "german",
    "repetition": 6
  },
  "std": [
    0.05604509462547946,
    0.004472135954999559,
    0.05146281232726774,
    0.017740824166460344,
    0.045178010487171176,
    0.07591546545162482,
    0.03993415633396132
  ]
}