{
  "adv_t": [
    0,
    0,
    3,
    0,
    4,
    2,
    3
  ],
  "adv_w": [
    0,
    0,
    4,
    0,
    4,
    2,
    4
  ],
  "clfs": [
    "Nearest Neighbors",
    "RBF SVM",
    "Decision Tree",
    "Random Forest",
    "Neural Net",
    "Naive Bayes",
    "Linear SVM"
  ],
  "mean": [
    0.691,
    0.6990000000000001,
    0.744,
    0.7060000000000001,
    0.757,
    0.725,
    0.7529999999999999
  ],
  "parameters": {
    "cv_method": "k10",
    "db": "german",
    "repetition": 2
  },
  "std": [
    0.03956710193526378,
    0.0031622776601683824,
    0.041150131632029255,
    0.01712697677155352,
    0.043982319680121985,
    0.03341656275960571,
    0.046678569910494135
  ]
}