{
  "adv_t": [
    3, 
    0, 
    3, 
    3, 
    0, 
    1, 
    0
  ], 
  "adv_w": [
    3, 
    0, 
    5, 
    5, 
    0, 
    1, 
    0
  ], 
  "clfs": [
    "Decision Tree", 
    "Naive Bayes", 
    "Linear SVM", 
    "Neural Net", 
    "RBF SVM", 
    "Random Forest", 
    "Nearest Neighbors"
  ], 
  "mean": [
    0.741, 
    0.7219999999999999, 
    0.7630000000000001, 
    0.7620000000000001, 
    0.7000000000000001, 
    0.707, 
    0.6839999999999999
  ], 
  "parameters": {
    "cv_method": "k10", 
    "db": "german", 
    "repetition": 9
  }, 
  "std": [
    0.029981475762358503, 
    0.06214677966091424, 
    0.03497618237219916, 
    0.03047767853509992, 
    1.1702778228589004e-16, 
    0.014944341180973254, 
    0.025033311140691423
  ]
}