{
  "adv_t": [
    0, 
    2, 
    4, 
    4, 
    1, 
    2, 
    0
  ], 
  "adv_w": [
    0, 
    2, 
    4, 
    4, 
    0, 
    2, 
    0
  ], 
  "clfs": [
    "Decision Tree", 
    "Naive Bayes", 
    "Linear SVM", 
    "Neural Net", 
    "RBF SVM", 
    "Random Forest", 
    "Nearest Neighbors"
  ], 
  "mean": [
    0.7099999999999999, 
    0.735, 
    0.7619999999999999, 
    0.759, 
    0.7000000000000001, 
    0.7090000000000001, 
    0.6759999999999999
  ], 
  "parameters": {
    "cv_method": "k10", 
    "db": "german", 
    "repetition": 1
  }, 
  "std": [
    0.04546060565661952, 
    0.042229531531066435, 
    0.026997942308422142, 
    0.03142893217686178, 
    1.1702778228589004e-16, 
    0.011005049346146129, 
    0.035339622081862844
  ]
}