{
  "adv_t": [
    0, 
    0, 
    5, 
    5, 
    2, 
    3, 
    0
  ], 
  "adv_w": [
    1, 
    1, 
    5, 
    6, 
    2, 
    3, 
    0
  ], 
  "clfs": [
    "Decision Tree", 
    "Naive Bayes", 
    "Linear SVM", 
    "Neural Net", 
    "RBF SVM", 
    "Random Forest", 
    "Nearest Neighbors"
  ], 
  "mean": [
    0.6851999999999999, 
    0.6809999999999999, 
    0.7474, 
    0.7565999999999999, 
    0.6996, 
    0.7106, 
    0.6725999999999999
  ], 
  "parameters": {
    "cv_method": "k2x5", 
    "db": "german", 
    "repetition": 7
  }, 
  "std": [
    0.022334825820776928, 
    0.09144883208050766, 
    0.013631662489301243, 
    0.020592339460208085, 
    0.0008432740427115685, 
    0.0055015149428740764, 
    0.018379940756765852
  ]
}