{
  "adv_t": [
    0,
    0,
    0,
    0,
    4,
    2,
    3
  ],
  "adv_w": [
    0,
    0,
    0,
    0,
    4,
    2,
    3
  ],
  "clfs": [
    "Nearest Neighbors",
    "RBF SVM",
    "Decision Tree",
    "Random Forest",
    "Neural Net",
    "Naive Bayes",
    "Linear SVM"
  ],
  "mean": [
    0.6880000000000001,
    0.6990000000000001,
    0.724,
    0.704,
    0.7630000000000001,
    0.732,
    0.7549999999999998
  ],
  "parameters": {
    "cv_method": "k10",
    "db": "german",
    "repetition": 0
  },
  "std": [
    0.04871686908385363,
    0.0031622776601683824,
    0.05796550698475776,
    0.015055453054181604,
    0.03831158803518562,
    0.056529245135200225,
    0.025055493963954872
  ]
}