{
  "adv_t": [
    0,
    1,
    2,
    2,
    5,
    1,
    5
  ],
  "adv_w": [
    0,
    1,
    1,
    2,
    5,
    1,
    5
  ],
  "clfs": [
    "Nearest Neighbors",
    "RBF SVM",
    "Decision Tree",
    "Random Forest",
    "Neural Net",
    "Naive Bayes",
    "Linear SVM"
  ],
  "mean": [
    0.6799999999999999,
    0.6996000000000001,
    0.7178,
    0.7104,
    0.7505999999999999,
    0.7126,
    0.7510000000000001
  ],
  "parameters": {
    "cv_method": "k2x5",
    "db": "german",
    "repetition": 6
  },
  "std": [
    0.01131370849898475,
    0.0008432740427115685,
    0.018195237472115253,
    0.00523237783209295,
    0.016547574511759183,
    0.021375999001995976,
    0.011671427600007736
  ]
}