{
  "adv_t": [
    0,
    1,
    2,
    2,
    5,
    1,
    4
  ],
  "adv_w": [
    0,
    0,
    2,
    2,
    5,
    1,
    5
  ],
  "clfs": [
    "Nearest Neighbors",
    "RBF SVM",
    "Decision Tree",
    "Random Forest",
    "Neural Net",
    "Naive Bayes",
    "Linear SVM"
  ],
  "mean": [
    0.677,
    0.6989999999999997,
    0.732,
    0.71,
    0.764,
    0.721,
    0.76
  ],
  "parameters": {
    "cv_method": "k20",
    "db": "german",
    "repetition": 5
  },
  "std": [
    0.043661376403792904,
    0.004472135954999558,
    0.0482973247597356,
    0.02200478416880724,
    0.04661149621013434,
    0.06340346993658942,
    0.044956118955921304
  ]
}