{
  "adv_t": [
    0,
    0,
    2,
    1,
    4,
    1,
    4
  ],
  "adv_w": [
    0,
    0,
    2,
    1,
    4,
    1,
    5
  ],
  "clfs": [
    "Nearest Neighbors",
    "RBF SVM",
    "Decision Tree",
    "Random Forest",
    "Neural Net",
    "Naive Bayes",
    "Linear SVM"
  ],
  "mean": [
    0.6869999999999999,
    0.6989999999999997,
    0.7319999999999999,
    0.709,
    0.764,
    0.7229999999999999,
    0.7650000000000001
  ],
  "parameters": {
    "cv_method": "k20",
    "db": "german",
    "repetition": 2
  },
  "std": [
    0.050793700396801165,
    0.00447213595499956,
    0.06031496279400416,
    0.016511558949637916,
    0.04750623227812493,
    0.05592287922713414,
    0.04394973205115614
  ]
}