{
  "adv_t": [
    0,
    0,
    2,
    2,
    3,
    1,
    4
  ],
  "adv_w": [
    0,
    0,
    2,
    2,
    4,
    0,
    4
  ],
  "clfs": [
    "Nearest Neighbors",
    "RBF SVM",
    "Decision Tree",
    "Random Forest",
    "Neural Net",
    "Naive Bayes",
    "Linear SVM"
  ],
  "mean": [
    0.69,
    0.6990000000000001,
    0.745,
    0.714,
    0.7600000000000001,
    0.7190000000000001,
    0.7579999999999999
  ],
  "parameters": {
    "cv_method": "k10",
    "db": "german",
    "repetition": 8
  },
  "std": [
    0.022607766610417527,
    0.0031622776601683824,
    0.05582711408148076,
    0.01955050439815359,
    0.04988876515698589,
    0.03634709219609063,
    0.03583914681524166
  ]
}