{
  "adv_t": [
    0,
    0,
    0,
    1,
    5,
    2,
    5
  ],
  "adv_w": [
    0,
    0,
    1,
    1,
    5,
    2,
    5
  ],
  "clfs": [
    "Nearest Neighbors",
    "RBF SVM",
    "Decision Tree",
    "Random Forest",
    "Neural Net",
    "Naive Bayes",
    "Linear SVM"
  ],
  "mean": [
    0.6899999999999998,
    0.6989999999999997,
    0.717,
    0.7099999999999999,
    0.7640000000000001,
    0.7269999999999999,
    0.754
  ],
  "parameters": {
    "cv_method": "k20",
    "db": "german",
    "repetition": 8
  },
  "std": [
    0.05486826328388273,
    0.004472135954999559,
    0.05439620729812927,
    0.024708830724853685,
    0.050513156181023,
    0.04366137640379292,
    0.03733208017946921
  ]
}