{
  "adv_t": [
    2, 
    0, 
    3, 
    3, 
    0, 
    0, 
    0
  ], 
  "adv_w": [
    0, 
    0, 
    3, 
    3, 
    0, 
    0, 
    0
  ], 
  "clfs": [
    "Decision Tree", 
    "Naive Bayes", 
    "Linear SVM", 
    "Neural Net", 
    "RBF SVM", 
    "Random Forest", 
    "Nearest Neighbors"
  ], 
  "mean": [
    0.7399881164587047, 
    0.727035056446821, 
    0.7549316696375518, 
    0.7639631610219845, 
    0.6989601901366604, 
    0.702020202020202, 
    0.6871657754010694
  ], 
  "parameters": {
    "cv_method": "k30", 
    "db": "german", 
    "repetition": 6
  }, 
  "std": [
    0.07591665542045836, 
    0.0724037077094234, 
    0.0664429421070354, 
    0.08240632907173993, 
    0.005919781262462123, 
    0.025647581913653544, 
    0.06882931532253955
  ]
}