{
  "adv_t": [
    0,
    0,
    1,
    0,
    3,
    0,
    3
  ],
  "adv_w": [
    0,
    0,
    1,
    1,
    3,
    0,
    5
  ],
  "clfs": [
    "Nearest Neighbors",
    "RBF SVM",
    "Decision Tree",
    "Random Forest",
    "Neural Net",
    "Naive Bayes",
    "Linear SVM"
  ],
  "mean": [
    0.6849999999999998,
    0.6989999999999997,
    0.728,
    0.7129999999999999,
    0.764,
    0.7260000000000001,
    0.76
  ],
  "parameters": {
    "cv_method": "k20",
    "db": "german",
    "repetition": 3
  },
  "std": [
    0.06770679822821184,
    0.004472135954999559,
    0.043721607328281314,
    0.02536055785539509,
    0.04881759820737643,
    0.06991724431520151,
    0.043528575006600706
  ]
}