{
  "adv_t": [
    2, 
    0, 
    3, 
    4, 
    0, 
    0, 
    0
  ], 
  "adv_w": [
    2, 
    0, 
    3, 
    5, 
    0, 
    0, 
    0
  ], 
  "clfs": [
    "Decision Tree", 
    "Naive Bayes", 
    "Linear SVM", 
    "Neural Net", 
    "RBF SVM", 
    "Random Forest", 
    "Nearest Neighbors"
  ], 
  "mean": [
    0.7311348781937017, 
    0.7210041592394532, 
    0.7529708853238264, 
    0.7608734402852046, 
    0.6989304812834223, 
    0.7079916815210932, 
    0.6888294711824123
  ], 
  "parameters": {
    "cv_method": "k30", 
    "db": "german", 
    "repetition": 7
  }, 
  "std": [
    0.07361567826153491, 
    0.06871639351212344, 
    0.0710908303894193, 
    0.05354358312724782, 
    0.00742151521952899, 
    0.026954766096449114, 
    0.06679213328851735
  ]
}