{
  "adv_t": [
    0, 
    1, 
    4, 
    4, 
    0, 
    0, 
    0
  ], 
  "adv_w": [
    0, 
    0, 
    5, 
    4, 
    0, 
    0, 
    0
  ], 
  "clfs": [
    "Decision Tree", 
    "Naive Bayes", 
    "Linear SVM", 
    "Neural Net", 
    "RBF SVM", 
    "Random Forest", 
    "Nearest Neighbors"
  ], 
  "mean": [
    0.7158348187759952, 
    0.7281937017231134, 
    0.7620617944147355, 
    0.7660427807486628, 
    0.6989304812834223, 
    0.7079619726678549, 
    0.6879976232917409
  ], 
  "parameters": {
    "cv_method": "k30", 
    "db": "german", 
    "repetition": 8
  }, 
  "std": [
    0.0568312821331776, 
    0.05617898667527237, 
    0.058456604469170635, 
    0.06578763078510598, 
    0.0074215152195289905, 
    0.022386908909685786, 
    0.07821837165527949
  ]
}