{
  "adv_t": [
    0,
    0,
    2,
    0,
    5,
    1,
    3
  ],
  "adv_w": [
    0,
    0,
    1,
    0,
    5,
    1,
    5
  ],
  "clfs": [
    "Nearest Neighbors",
    "RBF SVM",
    "Decision Tree",
    "Random Forest",
    "Neural Net",
    "Naive Bayes",
    "Linear SVM"
  ],
  "mean": [
    0.6860071301247769,
    0.6989601901366604,
    0.7261140819964348,
    0.7040701128936421,
    0.7630718954248364,
    0.72311348781937,
    0.7561794414735591
  ],
  "parameters": {
    "cv_method": "k30",
    "db": "german",
    "repetition": 8
  },
  "std": [
    0.06558471565464508,
    0.005919781262462122,
    0.06907487818361249,
    0.024592207581936153,
    0.07312015638666033,
    0.06818411142299874,
    0.06185846588127881
  ]
}