{
  "adv_t": [
    3, 
    2, 
    5, 
    5, 
    0, 
    1, 
    0
  ], 
  "adv_w": [
    3, 
    2, 
    5, 
    5, 
    0, 
    1, 
    0
  ], 
  "clfs": [
    "Decision Tree", 
    "Naive Bayes", 
    "Linear SVM", 
    "Neural Net", 
    "RBF SVM", 
    "Random Forest", 
    "Nearest Neighbors"
  ], 
  "mean": [
    0.7278669043374923, 
    0.7290255496137849, 
    0.7611705288175875, 
    0.7738562091503264, 
    0.6989304812834223, 
    0.7090314913844324, 
    0.6907902554961377
  ], 
  "parameters": {
    "cv_method": "k30", 
    "db": "german", 
    "repetition": 0
  }, 
  "std": [
    0.05539379219777623, 
    0.07786019709198197, 
    0.056285664550751915, 
    0.05497964377016036, 
    0.0074215152195289905, 
    0.02170655401200881, 
    0.07073656679763289
  ]
}