{
  "adv_t": [
    0,
    1,
    1,
    2,
    5,
    3,
    5
  ],
  "adv_w": [
    0,
    1,
    1,
    2,
    5,
    2,
    5
  ],
  "clfs": [
    "Nearest Neighbors",
    "RBF SVM",
    "Decision Tree",
    "Random Forest",
    "Neural Net",
    "Naive Bayes",
    "Linear SVM"
  ],
  "mean": [
    0.6732,
    0.7000000000000001,
    0.7047999999999999,
    0.7087999999999999,
    0.758,
    0.7187999999999999,
    0.7574000000000001
  ],
  "parameters": {
    "cv_method": "k2x5",
    "db": "german",
    "repetition": 5
  },
  "std": [
    0.012968337510173672,
    1.1702778228589004e-16,
    0.025909243309847726,
    0.008753412033157243,
    0.009752492558885197,
    0.014883249346534209,
    0.014938392000331091
  ]
}