{
  "adv_t": [
    0, 
    0, 
    4, 
    4, 
    1, 
    2, 
    0
  ], 
  "adv_w": [
    0, 
    0, 
    5, 
    5, 
    1, 
    2, 
    0
  ], 
  "clfs": [
    "Decision Tree", 
    "Naive Bayes", 
    "Linear SVM", 
    "Neural Net", 
    "RBF SVM", 
    "Random Forest", 
    "Nearest Neighbors"
  ], 
  "mean": [
    0.7015999999999999, 
    0.6512, 
    0.7460000000000001, 
    0.7518, 
    0.6998000000000001, 
    0.7083999999999999, 
    0.6784
  ], 
  "parameters": {
    "cv_method": "k2x5", 
    "db": "german", 
    "repetition": 9
  }, 
  "std": [
    0.024599909665597466, 
    0.12534468033741555, 
    0.007659416862050693, 
    0.02092207765336258, 
    0.0006324555320336763, 
    0.0060221812216726366, 
    0.0166746647475877
  ]
}