{
  "adv_t": [
    2, 
    2, 
    0, 
    0, 
    2, 
    2, 
    2
  ], 
  "adv_w": [
    1, 
    1, 
    0, 
    0, 
    2, 
    2, 
    1
  ], 
  "clfs": [
    "Decision Tree", 
    "Naive Bayes", 
    "Linear SVM", 
    "Neural Net", 
    "RBF SVM", 
    "Random Forest", 
    "Nearest Neighbors"
  ], 
  "mean": [
    0.6868954248366014, 
    0.6565686274509803, 
    0.4645996732026144, 
    0.4061683006535947, 
    0.6980718954248365, 
    0.7267156862745098, 
    0.613374183006536
  ], 
  "parameters": {
    "cv_method": "k10", 
    "db": "hayes", 
    "repetition": 3
  }, 
  "std": [
    0.12085853652760961, 
    0.13601215321634638, 
    0.08382234425854662, 
    0.013184386279429533, 
    0.11088730182543186, 
    0.09039042302412298, 
    0.12139685969300769
  ]
}