{
  "adv_t": [
    2,
    2,
    2,
    5,
    0,
    2,
    1
  ],
  "adv_w": [
    2,
    5,
    2,
    5,
    0,
    2,
    1
  ],
  "clfs": [
    "Nearest Neighbors",
    "RBF SVM",
    "Decision Tree",
    "Random Forest",
    "Neural Net",
    "Naive Bayes",
    "Linear SVM"
  ],
  "mean": [
    0.6635620915032681,
    0.7309313725490195,
    0.6892565359477124,
    0.7875245098039214,
    0.4061683006535947,
    0.6659150326797386,
    0.5258578431372549
  ],
  "parameters": {
    "cv_method": "k10",
    "db": "hayes",
    "repetition": 9
  },
  "std": [
    0.1134245103181729,
    0.08297965765744014,
    0.08088152081392332,
    0.09346137059661204,
    0.013184386279429533,
    0.11251621805975297,
    0.1001790742779745
  ]
}