{
  "adv_t": [
    2,
    2,
    2,
    3,
    0,
    2,
    1
  ],
  "adv_w": [
    2,
    2,
    2,
    4,
    0,
    2,
    1
  ],
  "clfs": [
    "Nearest Neighbors",
    "RBF SVM",
    "Decision Tree",
    "Random Forest",
    "Neural Net",
    "Naive Bayes",
    "Linear SVM"
  ],
  "mean": [
    0.6913690476190475,
    0.7269444444444445,
    0.6885515873015873,
    0.7610515873015873,
    0.4075793650793652,
    0.6610317460317459,
    0.4836309523809524
  ],
  "parameters": {
    "cv_method": "k20",
    "db": "hayes",
    "repetition": 3
  },
  "std": [
    0.14111557212534864,
    0.18582064213148022,
    0.1815294899439889,
    0.16660634997800136,
    0.025050803030893173,
    0.14450465571461543,
    0.19285825481594102
  ]
}