{
  "adv_t": [
    1,
    2,
    2,
    3,
    0,
    2,
    1
  ],
  "adv_w": [
    1,
    2,
    1,
    3,
    0,
    2,
    0
  ],
  "clfs": [
    "Nearest Neighbors",
    "RBF SVM",
    "Decision Tree",
    "Random Forest",
    "Neural Net",
    "Naive Bayes",
    "Linear SVM"
  ],
  "mean": [
    0.6480964052287582,
    0.7428186274509805,
    0.7094444444444445,
    0.785326797385621,
    0.4061683006535947,
    0.7275490196078431,
    0.5347467320261438
  ],
  "parameters": {
    "cv_method": "k10",
    "db": "hayes",
    "repetition": 7
  },
  "std": [
    0.08762160886901614,
    0.11634010164201662,
    0.07255007457671793,
    0.09279824016674819,
    0.013184386279429533,
    0.09744750632717301,
    0.11967541110150137
  ]
}