{
  "adv_t": [
    2, 
    2, 
    0, 
    0, 
    2, 
    2, 
    2
  ], 
  "adv_w": [
    1, 
    2, 
    0, 
    0, 
    2, 
    2, 
    2
  ], 
  "clfs": [
    "Decision Tree", 
    "Naive Bayes", 
    "Linear SVM", 
    "Neural Net", 
    "RBF SVM", 
    "Random Forest", 
    "Nearest Neighbors"
  ], 
  "mean": [
    0.6982843137254903, 
    0.6971732026143791, 
    0.48155228758169927, 
    0.4061683006535947, 
    0.72843954248366, 
    0.7393954248366014, 
    0.6573039215686274
  ], 
  "parameters": {
    "cv_method": "k10", 
    "db": "hayes", 
    "repetition": 5
  }, 
  "std": [
    0.10429272777099476, 
    0.16963383329188, 
    0.11074463383448868, 
    0.013184386279429533, 
    0.0919912909400975, 
    0.11504429577788329, 
    0.14787003021934908
  ]
}