{
  "adv_t": [
    2, 
    2, 
    1, 
    0, 
    2, 
    2, 
    1
  ], 
  "adv_w": [
    2, 
    2, 
    0, 
    0, 
    2, 
    2, 
    1
  ], 
  "clfs": [
    "Decision Tree", 
    "Naive Bayes", 
    "Linear SVM", 
    "Neural Net", 
    "RBF SVM", 
    "Random Forest", 
    "Nearest Neighbors"
  ], 
  "mean": [
    0.7071323529411765, 
    0.6989869281045752, 
    0.5058986928104574, 
    0.4061683006535947, 
    0.7213398692810459, 
    0.7343627450980391, 
    0.6301715686274509
  ], 
  "parameters": {
    "cv_method": "k10", 
    "db": "hayes", 
    "repetition": 1
  }, 
  "std": [
    0.09426408488596875, 
    0.08366019454654428, 
    0.0930227241763007, 
    0.013184386279429533, 
    0.0951877819261215, 
    0.1099716782828634, 
    0.12424321564571215
  ]
}