{
  "adv_t": [
    2,
    2,
    2,
    2,
    0,
    2,
    1
  ],
  "adv_w": [
    2,
    2,
    2,
    3,
    0,
    2,
    0
  ],
  "clfs": [
    "Nearest Neighbors",
    "RBF SVM",
    "Decision Tree",
    "Random Forest",
    "Neural Net",
    "Naive Bayes",
    "Linear SVM"
  ],
  "mean": [
    0.6724206349206351,
    0.7352777777777781,
    0.7255952380952382,
    0.7726190476190479,
    0.4053571428571431,
    0.6781349206349206,
    0.4950793650793651
  ],
  "parameters": {
    "cv_method": "k30",
    "db": "hayes",
    "repetition": 6
  },
  "std": [
    0.18392205055193775,
    0.15898448255876116,
    0.1789849481337928,
    0.17375356185711488,
    0.02052165400008894,
    0.2073999695613416,
    0.16745291127263048
  ]
}