{
  "adv_t": [
    3, 
    3, 
    1, 
    0, 
    3, 
    3, 
    2
  ], 
  "adv_w": [
    3, 
    2, 
    1, 
    0, 
    3, 
    3, 
    2
  ], 
  "clfs": [
    "Decision Tree", 
    "Naive Bayes", 
    "Linear SVM", 
    "Neural Net", 
    "RBF SVM", 
    "Random Forest", 
    "Nearest Neighbors"
  ], 
  "mean": [
    0.7087513674011565, 
    0.6912173777152681, 
    0.4986872948898265, 
    0.40376621347085484, 
    0.7274886701047037, 
    0.7185341459603063, 
    0.6262697296452571
  ], 
  "parameters": {
    "cv_method": "k2x5", 
    "db": "hayes", 
    "repetition": 4
  }, 
  "std": [
    0.03743250235951685, 
    0.02375764661084471, 
    0.023516683634037385, 
    0.004710780226828386, 
    0.0647908534891752, 
    0.04567810018631254, 
    0.0466067764914133
  ]
}