{
  "adv_t": [
    3, 
    3, 
    1, 
    0, 
    3, 
    3, 
    2
  ], 
  "adv_w": [
    3, 
    3, 
    1, 
    0, 
    3, 
    3, 
    2
  ], 
  "clfs": [
    "Decision Tree", 
    "Naive Bayes", 
    "Linear SVM", 
    "Neural Net", 
    "RBF SVM", 
    "Random Forest", 
    "Nearest Neighbors"
  ], 
  "mean": [
    0.7188779496796374, 
    0.7039381153305204, 
    0.5040631348648227, 
    0.4025316455696203, 
    0.744960150023441, 
    0.732364431942491, 
    0.6053445850914205
  ], 
  "parameters": {
    "cv_method": "k2x5", 
    "db": "hayes", 
    "repetition": 0
  }, 
  "std": [
    0.04849581534632313, 
    0.06100831094382669, 
    0.03480515434652334, 
    0.011360193576637378, 
    0.03802620414719124, 
    0.08218348001797246, 
    0.05929095258463999
  ]
}