{
  "adv_t": [
    2, 
    2, 
    0, 
    0, 
    2, 
    2, 
    2
  ], 
  "adv_w": [
    2, 
    2, 
    0, 
    0, 
    2, 
    2, 
    2
  ], 
  "clfs": [
    "Decision Tree", 
    "Naive Bayes", 
    "Linear SVM", 
    "Neural Net", 
    "RBF SVM", 
    "Random Forest", 
    "Nearest Neighbors"
  ], 
  "mean": [
    0.7275081699346405, 
    0.7450245098039214, 
    0.4946568627450981, 
    0.4061683006535947, 
    0.7342320261437909, 
    0.7612254901960783, 
    0.6608823529411765
  ], 
  "parameters": {
    "cv_method": "k10", 
    "db": "hayes", 
    "repetition": 0
  }, 
  "std": [
    0.08475482871958036, 
    0.16106022949005264, 
    0.09709965086160416, 
    0.013184386279429533, 
    0.09793910556880935, 
    0.1195213020432068, 
    0.14314654370433463
  ]
}