{
  "adv_t": [
    2,
    4,
    2,
    4,
    0,
    3,
    0
  ],
  "adv_w": [
    2,
    4,
    2,
    4,
    0,
    4,
    0
  ],
  "clfs": [
    "Nearest Neighbors",
    "RBF SVM",
    "Decision Tree",
    "Random Forest",
    "Neural Net",
    "Naive Bayes",
    "Linear SVM"
  ],
  "mean": [
    0.6495424836601308,
    0.7484885620915033,
    0.6800081699346405,
    0.7703349673202615,
    0.4061683006535947,
    0.7247385620915032,
    0.4644607843137255
  ],
  "parameters": {
    "cv_method": "k10",
    "db": "hayes",
    "repetition": 1
  },
  "std": [
    0.06984927496144117,
    0.04804151979342422,
    0.09175374579004573,
    0.08073196748630217,
    0.013184386279429533,
    0.10152739788967938,
    0.15985624903462128
  ]
}