{
  "adv_t": [
    2, 
    2, 
    1, 
    0, 
    2, 
    2, 
    2
  ], 
  "adv_w": [
    3, 
    2, 
    1, 
    0, 
    4, 
    3, 
    2
  ], 
  "clfs": [
    "Decision Tree", 
    "Naive Bayes", 
    "Linear SVM", 
    "Neural Net", 
    "RBF SVM", 
    "Random Forest", 
    "Nearest Neighbors"
  ], 
  "mean": [
    0.7169047619047623, 
    0.6580952380952383, 
    0.5087301587301587, 
    0.4053571428571431, 
    0.738650793650794, 
    0.7323015873015878, 
    0.6689285714285716
  ], 
  "parameters": {
    "cv_method": "k30", 
    "db": "hayes", 
    "repetition": 1
  }, 
  "std": [
    0.1484198181222688, 
    0.19655489295403147, 
    0.16729220323297594, 
    0.02052165400008894, 
    0.14973806636516704, 
    0.16407995412190102, 
    0.16889848355762332
  ]
}