{
  "adv_t": [
    3, 
    2, 
    1, 
    0, 
    3, 
    3, 
    2
  ], 
  "adv_w": [
    3, 
    2, 
    1, 
    0, 
    4, 
    3, 
    2
  ], 
  "clfs": [
    "Decision Tree", 
    "Naive Bayes", 
    "Linear SVM", 
    "Neural Net", 
    "RBF SVM", 
    "Random Forest", 
    "Nearest Neighbors"
  ], 
  "mean": [
    0.7323956868260666, 
    0.6863103609939054, 
    0.48130957962181586, 
    0.4050007813720894, 
    0.7411626816690108, 
    0.7197687138615408, 
    0.6438662290982966
  ], 
  "parameters": {
    "cv_method": "k2x5", 
    "db": "hayes", 
    "repetition": 1
  }, 
  "std": [
    0.035024316682954255, 
    0.07855777667268775, 
    0.04036450201243754, 
    0.0036813600586164848, 
    0.04680795209749955, 
    0.05496876226513881, 
    0.034814368378195806
  ]
}