{
  "adv_t": [
    2, 
    2, 
    1, 
    0, 
    2, 
    2, 
    2
  ], 
  "adv_w": [
    2, 
    2, 
    0, 
    0, 
    2, 
    4, 
    2
  ], 
  "clfs": [
    "Decision Tree", 
    "Naive Bayes", 
    "Linear SVM", 
    "Neural Net", 
    "RBF SVM", 
    "Random Forest", 
    "Nearest Neighbors"
  ], 
  "mean": [
    0.7184920634920638, 
    0.6931349206349207, 
    0.49539682539682534, 
    0.4053571428571431, 
    0.710277777777778, 
    0.7750396825396827, 
    0.6746825396825397
  ], 
  "parameters": {
    "cv_method": "k30", 
    "db": "hayes", 
    "repetition": 7
  }, 
  "std": [
    0.17876528430333302, 
    0.20331948979894457, 
    0.1755056291723755, 
    0.02052165400008894, 
    0.19597723520750238, 
    0.16721890778842496, 
    0.22648583544922665
  ]
}