{
  "adv_t": [
    2, 
    2, 
    1, 
    0, 
    2, 
    2, 
    2
  ], 
  "adv_w": [
    2, 
    2, 
    0, 
    0, 
    2, 
    2, 
    2
  ], 
  "clfs": [
    "Decision Tree", 
    "Naive Bayes", 
    "Linear SVM", 
    "Neural Net", 
    "RBF SVM", 
    "Random Forest", 
    "Nearest Neighbors"
  ], 
  "mean": [
    0.7076388888888889, 
    0.6982271241830066, 
    0.5048774509803922, 
    0.4061683006535947, 
    0.7662173202614379, 
    0.7420424836601308, 
    0.6768545751633985
  ], 
  "parameters": {
    "cv_method": "k10", 
    "db": "hayes", 
    "repetition": 4
  }, 
  "std": [
    0.047318229724887285, 
    0.11037996638757824, 
    0.09833319553855979, 
    0.013184386279429533, 
    0.05011546280384731, 
    0.11382196640942199, 
    0.11352128053851722
  ]
}