{
  "adv_t": [
    2, 
    2, 
    1, 
    0, 
    2, 
    2, 
    2
  ], 
  "adv_w": [
    2, 
    2, 
    0, 
    0, 
    2, 
    2, 
    2
  ], 
  "clfs": [
    "Decision Tree", 
    "Naive Bayes", 
    "Linear SVM", 
    "Neural Net", 
    "RBF SVM", 
    "Random Forest", 
    "Nearest Neighbors"
  ], 
  "mean": [
    0.711031746031746, 
    0.6813888888888888, 
    0.49200396825396836, 
    0.4075793650793652, 
    0.7347619047619046, 
    0.721031746031746, 
    0.6529365079365079
  ], 
  "parameters": {
    "cv_method": "k20", 
    "db": "hayes", 
    "repetition": 0
  }, 
  "std": [
    0.13743333242103947, 
    0.13873555804086765, 
    0.13227267106454324, 
    0.025050803030893173, 
    0.13202432083265395, 
    0.16320890022132947, 
    0.18089303061629178
  ]
}