{
  "adv_t": [
    2,
    5,
    3,
    4,
    0,
    3,
    1
  ],
  "adv_w": [
    2,
    6,
    3,
    4,
    0,
    3,
    1
  ],
  "clfs": [
    "Nearest Neighbors",
    "RBF SVM",
    "Decision Tree",
    "Random Forest",
    "Neural Net",
    "Naive Bayes",
    "Linear SVM"
  ],
  "mean": [
    0.6262697296452571,
    0.7546491639318644,
    0.7124550711048603,
    0.7271761212689482,
    0.40376621347085484,
    0.6912173777152681,
    0.4899828098140334
  ],
  "parameters": {
    "cv_method": "k2x5",
    "db": "hayes",
    "repetition": 4
  },
  "std": [
    0.0466067764914133,
    0.04659424260470441,
    0.03452521261934666,
    0.0535547867420479,
    0.004710780226828386,
    0.02375764661084471,
    0.061092847115925594
  ]
}