{
  "adv_t": [
    2, 
    2, 
    0, 
    0, 
    2, 
    2, 
    2
  ], 
  "adv_w": [
    2, 
    2, 
    0, 
    0, 
    3, 
    4, 
    2
  ], 
  "clfs": [
    "Decision Tree", 
    "Naive Bayes", 
    "Linear SVM", 
    "Neural Net", 
    "RBF SVM", 
    "Random Forest", 
    "Nearest Neighbors"
  ], 
  "mean": [
    0.7145238095238099, 
    0.7030952380952384, 
    0.46210317460317457, 
    0.4053571428571431, 
    0.7558333333333336, 
    0.7578968253968257, 
    0.6764285714285715
  ], 
  "parameters": {
    "cv_method": "k30", 
    "db": "hayes", 
    "repetition": 6
  }, 
  "std": [
    0.17032158321163404, 
    0.16844367010266145, 
    0.20226648055291724, 
    0.02052165400008894, 
    0.1794669254109063, 
    0.19004839154909603, 
    0.2006249034015565
  ]
}