{
  "adv_t": [
    2, 
    2, 
    1, 
    0, 
    2, 
    4, 
    2
  ], 
  "adv_w": [
    2, 
    2, 
    1, 
    0, 
    4, 
    5, 
    2
  ], 
  "clfs": [
    "Decision Tree", 
    "Naive Bayes", 
    "Linear SVM", 
    "Neural Net", 
    "RBF SVM", 
    "Random Forest", 
    "Nearest Neighbors"
  ], 
  "mean": [
    0.667797619047619, 
    0.6442261904761905, 
    0.525297619047619, 
    0.4075793650793652, 
    0.7199603174603174, 
    0.7576587301587302, 
    0.6771031746031747
  ], 
  "parameters": {
    "cv_method": "k20", 
    "db": "hayes", 
    "repetition": 7
  }, 
  "std": [
    0.15918045334254974, 
    0.18006985150273547, 
    0.14753002560720635, 
    0.025050803030893173, 
    0.1529199286605893, 
    0.16070879865216692, 
    0.19115481051022934
  ]
}