{
  "adv_t": [
    2, 
    2, 
    0, 
    0, 
    2, 
    2, 
    2
  ], 
  "adv_w": [
    2, 
    2, 
    0, 
    0, 
    2, 
    2, 
    2
  ], 
  "clfs": [
    "Decision Tree", 
    "Naive Bayes", 
    "Linear SVM", 
    "Neural Net", 
    "RBF SVM", 
    "Random Forest", 
    "Nearest Neighbors"
  ], 
  "mean": [
    0.7122712418300654, 
    0.69843954248366, 
    0.4285375816993464, 
    0.4061683006535947, 
    0.7369526143790849, 
    0.7269934640522875, 
    0.6819934640522876
  ], 
  "parameters": {
    "cv_method": "k10", 
    "db": "hayes", 
    "repetition": 2
  }, 
  "std": [
    0.08349232451519807, 
    0.10639886169779643, 
    0.10297759648128788, 
    0.013184386279429533, 
    0.10823666707073125, 
    0.14144385837943765, 
    0.10414540985212717
  ]
}