{
  "adv_t": [
    2, 
    2, 
    1, 
    0, 
    2, 
    4, 
    2
  ], 
  "adv_w": [
    2, 
    2, 
    1, 
    0, 
    2, 
    4, 
    2
  ], 
  "clfs": [
    "Decision Tree", 
    "Naive Bayes", 
    "Linear SVM", 
    "Neural Net", 
    "RBF SVM", 
    "Random Forest", 
    "Nearest Neighbors"
  ], 
  "mean": [
    0.7294047619047619, 
    0.6847222222222221, 
    0.4815079365079365, 
    0.4075793650793652, 
    0.6942460317460318, 
    0.760297619047619, 
    0.6852777777777777
  ], 
  "parameters": {
    "cv_method": "k20", 
    "db": "hayes", 
    "repetition": 4
  }, 
  "std": [
    0.12945435029430466, 
    0.1608128558969697, 
    0.12076829456006193, 
    0.025050803030893173, 
    0.17249114227303186, 
    0.09289751949742424, 
    0.13863569832883058
  ]
}