{
  "adv_t": [
    2,
    2,
    2,
    3,
    0,
    2,
    1
  ],
  "adv_w": [
    1,
    3,
    2,
    3,
    0,
    2,
    1
  ],
  "clfs": [
    "Nearest Neighbors",
    "RBF SVM",
    "Decision Tree",
    "Random Forest",
    "Neural Net",
    "Naive Bayes",
    "Linear SVM"
  ],
  "mean": [
    0.6413398692810457,
    0.7362173202614379,
    0.6903186274509804,
    0.7740359477124183,
    0.4061683006535947,
    0.68171568627451,
    0.5381699346405229
  ],
  "parameters": {
    "cv_method": "k10",
    "db": "hayes",
    "repetition": 4
  },
  "std": [
    0.11914196386097842,
    0.13390977888749545,
    0.09674494606020811,
    0.09168226248790964,
    0.013184386279429533,
    0.11804309928179452,
    0.06458892182292453
  ]
}