{
  "adv_t": [
    2,
    2,
    2,
    5,
    0,
    2,
    1
  ],
  "adv_w": [
    2,
    2,
    2,
    6,
    0,
    2,
    1
  ],
  "clfs": [
    "Nearest Neighbors",
    "RBF SVM",
    "Decision Tree",
    "Random Forest",
    "Neural Net",
    "Naive Bayes",
    "Linear SVM"
  ],
  "mean": [
    0.6726960784313725,
    0.7224264705882353,
    0.6578104575163398,
    0.7900326797385622,
    0.4061683006535947,
    0.6982026143790849,
    0.49877450980392163
  ],
  "parameters": {
    "cv_method": "k10",
    "db": "hayes",
    "repetition": 3
  },
  "std": [
    0.10445460013040066,
    0.08927426687080282,
    0.12102101873267736,
    0.10072209634596724,
    0.013184386279429533,
    0.10528008261330615,
    0.06023065101164593
  ]
}