{
  "adv_t": [
    2,
    2,
    2,
    2,
    0,
    2,
    1
  ],
  "adv_w": [
    1,
    2,
    2,
    2,
    0,
    1,
    0
  ],
  "clfs": [
    "Nearest Neighbors",
    "RBF SVM",
    "Decision Tree",
    "Random Forest",
    "Neural Net",
    "Naive Bayes",
    "Linear SVM"
  ],
  "mean": [
    0.6838480392156863,
    0.7399264705882352,
    0.673390522875817,
    0.7342401960784313,
    0.4061683006535947,
    0.6796895424836601,
    0.49831699346405234
  ],
  "parameters": {
    "cv_method": "k10",
    "db": "hayes",
    "repetition": 6
  },
  "std": [
    0.12885281774365728,
    0.13244340741426006,
    0.0870976688212312,
    0.13970464252402495,
    0.013184386279429533,
    0.1475502168949944,
    0.08193553550035153
  ]
}