{
  "adv_t": [
    2,
    2,
    2,
    2,
    0,
    2,
    1
  ],
  "adv_w": [
    2,
    2,
    2,
    2,
    0,
    2,
    0
  ],
  "clfs": [
    "Nearest Neighbors",
    "RBF SVM",
    "Decision Tree",
    "Random Forest",
    "Neural Net",
    "Naive Bayes",
    "Linear SVM"
  ],
  "mean": [
    0.6590079365079367,
    0.7268253968253972,
    0.7217063492063495,
    0.7156349206349208,
    0.4053571428571431,
    0.6942460317460318,
    0.4561904761904762
  ],
  "parameters": {
    "cv_method": "k30",
    "db": "hayes",
    "repetition": 7
  },
  "std": [
    0.2491999245700392,
    0.18672196549177633,
    0.16668123421362166,
    0.1788899002850922,
    0.02052165400008894,
    0.20249395167892495,
    0.15849988770659298
  ]
}