{
  "adv_t": [
    2,
    2,
    2,
    3,
    0,
    2,
    1
  ],
  "adv_w": [
    2,
    3,
    2,
    4,
    0,
    2,
    1
  ],
  "clfs": [
    "Nearest Neighbors",
    "RBF SVM",
    "Decision Tree",
    "Random Forest",
    "Neural Net",
    "Naive Bayes",
    "Linear SVM"
  ],
  "mean": [
    0.664206349206349,
    0.7363690476190475,
    0.6836904761904761,
    0.7485119047619045,
    0.4075793650793652,
    0.7049404761904762,
    0.5082936507936507
  ],
  "parameters": {
    "cv_method": "k20",
    "db": "hayes",
    "repetition": 2
  },
  "std": [
    0.14173633238122876,
    0.1412743747101906,
    0.1592055797917591,
    0.12367985003600623,
    0.025050803030893173,
    0.16437117524003758,
    0.13829685850082246
  ]
}