{
  "adv_t": [
    2,
    2,
    2,
    5,
    0,
    2,
    1
  ],
  "adv_w": [
    2,
    3,
    2,
    5,
    0,
    2,
    1
  ],
  "clfs": [
    "Nearest Neighbors",
    "RBF SVM",
    "Decision Tree",
    "Random Forest",
    "Neural Net",
    "Naive Bayes",
    "Linear SVM"
  ],
  "mean": [
    0.6876879084967321,
    0.7401470588235294,
    0.7015849673202614,
    0.7948366013071897,
    0.4061683006535947,
    0.6813970588235294,
    0.49964869281045754
  ],
  "parameters": {
    "cv_method": "k10",
    "db": "hayes",
    "repetition": 8
  },
  "std": [
    0.1202111303010218,
    0.0897873809818925,
    0.0850660719501925,
    0.12014789325840074,
    0.013184386279429533,
    0.12320805636721573,
    0.11103125233933644
  ]
}