{
  "adv_t": [
    2,
    2,
    2,
    4,
    0,
    2,
    1
  ],
  "adv_w": [
    2,
    2,
    2,
    4,
    0,
    2,
    1
  ],
  "clfs": [
    "Nearest Neighbors",
    "RBF SVM",
    "Decision Tree",
    "Random Forest",
    "Neural Net",
    "Naive Bayes",
    "Linear SVM"
  ],
  "mean": [
    0.6756349206349207,
    0.7211904761904762,
    0.7272222222222224,
    0.7824603174603176,
    0.4053571428571431,
    0.6727380952380954,
    0.5239682539682539
  ],
  "parameters": {
    "cv_method": "k30",
    "db": "hayes",
    "repetition": 1
  },
  "std": [
    0.20671509286115905,
    0.21287287386355597,
    0.15847532225378982,
    0.18963533958480364,
    0.02052165400008894,
    0.1848275613159555,
    0.12820591072618273
  ]
}