{
  "adv_t": [
    2, 
    2, 
    1, 
    0, 
    2, 
    2, 
    2
  ], 
  "adv_w": [
    1, 
    2, 
    0, 
    0, 
    2, 
    2, 
    1
  ], 
  "clfs": [
    "Decision Tree", 
    "Naive Bayes", 
    "Linear SVM", 
    "Neural Net", 
    "RBF SVM", 
    "Random Forest", 
    "Nearest Neighbors"
  ], 
  "mean": [
    0.6491666666666667, 
    0.6453758169934641, 
    0.5013235294117646, 
    0.4061683006535947, 
    0.7252450980392158, 
    0.7202369281045752, 
    0.6601470588235294
  ], 
  "parameters": {
    "cv_method": "k10", 
    "db": "hayes", 
    "repetition": 6
  }, 
  "std": [
    0.0999273653293404, 
    0.10066414705034817, 
    0.09203511693571048, 
    0.013184386279429533, 
    0.08809334078700999, 
    0.10005928453808513, 
    0.08227251558359978
  ]
}