{
  "adv_t": [
    2,
    2,
    2,
    5,
    0,
    2,
    1
  ],
  "adv_w": [
    2,
    2,
    2,
    5,
    0,
    2,
    1
  ],
  "clfs": [
    "Nearest Neighbors",
    "RBF SVM",
    "Decision Tree",
    "Random Forest",
    "Neural Net",
    "Naive Bayes",
    "Linear SVM"
  ],
  "mean": [
    0.6856547619047619,
    0.7512500000000001,
    0.7088690476190476,
    0.7971031746031746,
    0.4075793650793652,
    0.7038690476190474,
    0.489920634920635
  ],
  "parameters": {
    "cv_method": "k20",
    "db": "hayes",
    "repetition": 9
  },
  "std": [
    0.19679807844447234,
    0.2006309696502865,
    0.11612353434916209,
    0.13492936356845492,
    0.025050803030893173,
    0.11209315648599674,
    0.1055160854842758
  ]
}