{
  "adv_t": [
    2,
    3,
    3,
    3,
    0,
    3,
    1
  ],
  "adv_w": [
    2,
    4,
    3,
    3,
    0,
    3,
    1
  ],
  "clfs": [
    "Nearest Neighbors",
    "RBF SVM",
    "Decision Tree",
    "Random Forest",
    "Neural Net",
    "Naive Bayes",
    "Linear SVM"
  ],
  "mean": [
    0.5750273480231286,
    0.7170495389904672,
    0.6982184716361932,
    0.6971714330364118,
    0.4050007813720894,
    0.6598218471636192,
    0.4736208782622285
  ],
  "parameters": {
    "cv_method": "k2x5",
    "db": "hayes",
    "repetition": 9
  },
  "std": [
    0.04636329525654693,
    0.06187161015508317,
    0.06929914227962446,
    0.05308930231499716,
    0.0036813600586164848,
    0.06406720879147826,
    0.049476756568057216
  ]
}