{
  "adv_t": [
    2, 
    2, 
    1, 
    0, 
    3, 
    3, 
    2
  ], 
  "adv_w": [
    2, 
    2, 
    1, 
    0, 
    3, 
    4, 
    2
  ], 
  "clfs": [
    "Decision Tree", 
    "Naive Bayes", 
    "Linear SVM", 
    "Neural Net", 
    "RBF SVM", 
    "Random Forest", 
    "Nearest Neighbors"
  ], 
  "mean": [
    0.7130158730158731, 
    0.7063492063492064, 
    0.5161904761904762, 
    0.4053571428571431, 
    0.7338888888888889, 
    0.7559920634920637, 
    0.6447619047619049
  ], 
  "parameters": {
    "cv_method": "k30", 
    "db": "hayes", 
    "repetition": 9
  }, 
  "std": [
    0.15039725504066828, 
    0.18760284883074183, 
    0.20843349691602078, 
    0.02052165400008894, 
    0.1738108546784566, 
    0.1733129655129952, 
    0.2319253117338592
  ]
}