{
  "adv_t": [
    2, 
    2, 
    1, 
    0, 
    2, 
    3, 
    2
  ], 
  "adv_w": [
    2, 
    2, 
    0, 
    0, 
    2, 
    4, 
    2
  ], 
  "clfs": [
    "Decision Tree", 
    "Naive Bayes", 
    "Linear SVM", 
    "Neural Net", 
    "RBF SVM", 
    "Random Forest", 
    "Nearest Neighbors"
  ], 
  "mean": [
    0.7289285714285717, 
    0.6795634920634922, 
    0.5076190476190476, 
    0.4053571428571431, 
    0.7453174603174606, 
    0.797857142857143, 
    0.6668650793650794
  ], 
  "parameters": {
    "cv_method": "k30", 
    "db": "hayes", 
    "repetition": 4
  }, 
  "std": [
    0.14761876622145964, 
    0.16888393846580885, 
    0.19900290978933238, 
    0.02052165400008894, 
    0.1694426146089841, 
    0.1610262434846604, 
    0.21919840319086542
  ]
}