{
  "adv_t": [
    2, 
    2, 
    1, 
    0, 
    2, 
    2, 
    2
  ], 
  "adv_w": [
    2, 
    2, 
    1, 
    0, 
    3, 
    3, 
    2
  ], 
  "clfs": [
    "Decision Tree", 
    "Naive Bayes", 
    "Linear SVM", 
    "Neural Net", 
    "RBF SVM", 
    "Random Forest", 
    "Nearest Neighbors"
  ], 
  "mean": [
    0.7165674603174603, 
    0.6890674603174604, 
    0.4969246031746031, 
    0.4075793650793652, 
    0.7239087301587303, 
    0.7508730158730158, 
    0.6697817460317459
  ], 
  "parameters": {
    "cv_method": "k20", 
    "db": "hayes", 
    "repetition": 9
  }, 
  "std": [
    0.14948193251631178, 
    0.1773565129717718, 
    0.18058554448135714, 
    0.025050803030893173, 
    0.15938237323039695, 
    0.1569700660942293, 
    0.14717502655007533
  ]
}