{
  "adv_t": [
    2,
    2,
    2,
    2,
    0,
    2,
    1
  ],
  "adv_w": [
    2,
    2,
    2,
    2,
    0,
    1,
    0
  ],
  "clfs": [
    "Nearest Neighbors",
    "RBF SVM",
    "Decision Tree",
    "Random Forest",
    "Neural Net",
    "Naive Bayes",
    "Linear SVM"
  ],
  "mean": [
    0.6924101307189542,
    0.7347385620915032,
    0.689812091503268,
    0.7158741830065359,
    0.4061683006535947,
    0.6522957516339869,
    0.49183006535947715
  ],
  "parameters": {
    "cv_method": "k10",
    "db": "hayes",
    "repetition": 0
  },
  "std": [
    0.08718143724391426,
    0.09132777678244372,
    0.0936559000358823,
    0.11479785132268029,
    0.013184386279429533,
    0.14565231758324135,
    0.060827051763719824
  ]
}