{
  "adv_t": [
    3, 
    3, 
    1, 
    0, 
    3, 
    3, 
    2
  ], 
  "adv_w": [
    3, 
    2, 
    1, 
    0, 
    3, 
    3, 
    2
  ], 
  "clfs": [
    "Decision Tree", 
    "Naive Bayes", 
    "Linear SVM", 
    "Neural Net", 
    "RBF SVM", 
    "Random Forest", 
    "Nearest Neighbors"
  ], 
  "mean": [
    0.6821690889201439, 
    0.6598218471636192, 
    0.48748241912798873, 
    0.4050007813720894, 
    0.708282544147523, 
    0.6887794967963744, 
    0.5750273480231286
  ], 
  "parameters": {
    "cv_method": "k2x5", 
    "db": "hayes", 
    "repetition": 9
  }, 
  "std": [
    0.0663717647524452, 
    0.06406720879147826, 
    0.04269074636548803, 
    0.0036813600586164848, 
    0.06566939755009613, 
    0.07052505363147756, 
    0.04636329525654693
  ]
}