{
  "adv_t": [
    2, 
    2, 
    1, 
    0, 
    2, 
    3, 
    2
  ], 
  "adv_w": [
    2, 
    2, 
    0, 
    0, 
    2, 
    4, 
    2
  ], 
  "clfs": [
    "Decision Tree", 
    "Naive Bayes", 
    "Linear SVM", 
    "Neural Net", 
    "RBF SVM", 
    "Random Forest", 
    "Nearest Neighbors"
  ], 
  "mean": [
    0.7138888888888891, 
    0.6864285714285717, 
    0.4657142857142858, 
    0.4053571428571431, 
    0.7223809523809523, 
    0.757619047619048, 
    0.6542460317460319
  ], 
  "parameters": {
    "cv_method": "k30", 
    "db": "hayes", 
    "repetition": 5
  }, 
  "std": [
    0.16880875760145966, 
    0.17502739305059042, 
    0.14758673304871128, 
    0.02052165400008894, 
    0.22905378086745032, 
    0.1904283601687428, 
    0.20718571630040925
  ]
}