{
  "adv_t": [
    2, 
    2, 
    0, 
    0, 
    2, 
    2, 
    2
  ], 
  "adv_w": [
    1, 
    2, 
    0, 
    0, 
    2, 
    1, 
    2
  ], 
  "clfs": [
    "Decision Tree", 
    "Naive Bayes", 
    "Linear SVM", 
    "Neural Net", 
    "RBF SVM", 
    "Random Forest", 
    "Nearest Neighbors"
  ], 
  "mean": [
    0.6947222222222222, 
    0.7012990196078432, 
    0.5080392156862745, 
    0.4061683006535947, 
    0.748578431372549, 
    0.7021895424836602, 
    0.6856617647058822
  ], 
  "parameters": {
    "cv_method": "k10", 
    "db": "hayes", 
    "repetition": 9
  }, 
  "std": [
    0.11867210713524258, 
    0.1092994393832157, 
    0.12294689225158784, 
    0.013184386279429533, 
    0.06881411355808734, 
    0.124813030317585, 
    0.09342471191455531
  ]
}