{
  "adv_t": [
    2,
    5,
    3,
    3,
    0,
    3,
    1
  ],
  "adv_w": [
    2,
    5,
    3,
    3,
    0,
    3,
    1
  ],
  "clfs": [
    "Nearest Neighbors",
    "RBF SVM",
    "Decision Tree",
    "Random Forest",
    "Neural Net",
    "Naive Bayes",
    "Linear SVM"
  ],
  "mean": [
    0.615158618534146,
    0.7487576183778716,
    0.7212533208313798,
    0.715017971558056,
    0.4050007813720894,
    0.6970464135021097,
    0.4664635099234255
  ],
  "parameters": {
    "cv_method": "k2x5",
    "db": "hayes",
    "repetition": 7
  },
  "std": [
    0.06399895660719442,
    0.03398960006711161,
    0.02867038654045424,
    0.024828918331819216,
    0.0036813600586164848,
    0.06173484351734346,
    0.04571188930815429
  ]
}