{
  "adv_t": [
    2, 
    2, 
    0, 
    0, 
    2, 
    3, 
    2
  ], 
  "adv_w": [
    2, 
    2, 
    0, 
    0, 
    3, 
    3, 
    2
  ], 
  "clfs": [
    "Decision Tree", 
    "Naive Bayes", 
    "Linear SVM", 
    "Neural Net", 
    "RBF SVM", 
    "Random Forest", 
    "Nearest Neighbors"
  ], 
  "mean": [
    0.7311904761904764, 
    0.7028571428571432, 
    0.4926190476190475, 
    0.4053571428571431, 
    0.7325793650793654, 
    0.7788095238095241, 
    0.6386111111111111
  ], 
  "parameters": {
    "cv_method": "k30", 
    "db": "hayes", 
    "repetition": 3
  }, 
  "std": [
    0.17892559296001215, 
    0.17761418307544205, 
    0.19008205322318472, 
    0.02052165400008894, 
    0.14971187282268536, 
    0.16666707717519233, 
    0.20119902220783506
  ]
}