{
  "adv_t": [
    2, 
    2, 
    1, 
    0, 
    2, 
    2, 
    1
  ], 
  "adv_w": [
    2, 
    2, 
    1, 
    0, 
    3, 
    3, 
    1
  ], 
  "clfs": [
    "Decision Tree", 
    "Naive Bayes", 
    "Linear SVM", 
    "Neural Net", 
    "RBF SVM", 
    "Random Forest", 
    "Nearest Neighbors"
  ], 
  "mean": [
    0.6940873015873016, 
    0.6902777777777778, 
    0.5220833333333333, 
    0.4075793650793652, 
    0.7375992063492065, 
    0.7556349206349207, 
    0.6407539682539682
  ], 
  "parameters": {
    "cv_method": "k20", 
    "db": "hayes", 
    "repetition": 2
  }, 
  "std": [
    0.1409182743494139, 
    0.17485137007699172, 
    0.14643110568950263, 
    0.025050803030893173, 
    0.2038796489183134, 
    0.1882996907794213, 
    0.24064487343936783
  ]
}