{
  "adv_t": [
    2, 
    2, 
    1, 
    0, 
    3, 
    3, 
    2
  ], 
  "adv_w": [
    3, 
    2, 
    0, 
    0, 
    3, 
    4, 
    2
  ], 
  "clfs": [
    "Decision Tree", 
    "Naive Bayes", 
    "Linear SVM", 
    "Neural Net", 
    "RBF SVM", 
    "Random Forest", 
    "Nearest Neighbors"
  ], 
  "mean": [
    0.722797619047619, 
    0.6830952380952381, 
    0.4753968253968253, 
    0.4075793650793652, 
    0.7327777777777775, 
    0.7441865079365079, 
    0.6429365079365079
  ], 
  "parameters": {
    "cv_method": "k20", 
    "db": "hayes", 
    "repetition": 8
  }, 
  "std": [
    0.13923792370364757, 
    0.13444787929634625, 
    0.15840285804264065, 
    0.025050803030893173, 
    0.1254345855396326, 
    0.1496544531291863, 
    0.1640125423305122
  ]
}