{
  "adv_t": [
    2,
    2,
    2,
    2,
    0,
    2,
    0
  ],
  "adv_w": [
    2,
    2,
    2,
    2,
    0,
    2,
    0
  ],
  "clfs": [
    "Nearest Neighbors",
    "RBF SVM",
    "Decision Tree",
    "Random Forest",
    "Neural Net",
    "Naive Bayes",
    "Linear SVM"
  ],
  "mean": [
    0.6683823529411765,
    0.7694035947712419,
    0.7331045751633988,
    0.7972222222222223,
    0.4061683006535947,
    0.7415767973856208,
    0.41701797385620915
  ],
  "parameters": {
    "cv_method": "k10",
    "db": "hayes",
    "repetition": 2
  },
  "std": [
    0.09500288627293363,
    0.08904278671510515,
    0.06150818189339393,
    0.11296661324443873,
    0.013184386279429533,
    0.08370820436539199,
    0.13312480606554739
  ]
}