{
  "adv_t": [
    1,
    2,
    2,
    2,
    0,
    2,
    0
  ],
  "adv_w": [
    1,
    2,
    2,
    2,
    0,
    2,
    0
  ],
  "clfs": [
    "Nearest Neighbors",
    "RBF SVM",
    "Decision Tree",
    "Random Forest",
    "Neural Net",
    "Naive Bayes",
    "Linear SVM"
  ],
  "mean": [
    0.649345238095238,
    0.7174206349206349,
    0.7105357142857142,
    0.7301190476190474,
    0.4075793650793652,
    0.6976190476190476,
    0.4917063492063492
  ],
  "parameters": {
    "cv_method": "k20",
    "db": "hayes",
    "repetition": 7
  },
  "std": [
    0.1635364278546821,
    0.1327078420880227,
    0.16158483936153484,
    0.17834701855798907,
    0.025050803030893173,
    0.17249087800687954,
    0.23252299845200847
  ]
}