{
  "adv_t": [
    2,
    2,
    2,
    3,
    0,
    2,
    1
  ],
  "adv_w": [
    2,
    2,
    4,
    3,
    0,
    2,
    0
  ],
  "clfs": [
    "Nearest Neighbors",
    "RBF SVM",
    "Decision Tree",
    "Random Forest",
    "Neural Net",
    "Naive Bayes",
    "Linear SVM"
  ],
  "mean": [
    0.6630555555555555,
    0.7235714285714288,
    0.7382142857142858,
    0.7557936507936511,
    0.4053571428571431,
    0.694404761904762,
    0.4835317460317461
  ],
  "parameters": {
    "cv_method": "k30",
    "db": "hayes",
    "repetition": 8
  },
  "std": [
    0.18509498529810525,
    0.15637013326868357,
    0.18037793129961777,
    0.16969761405148834,
    0.02052165400008894,
    0.19597391029497546,
    0.16863779369710732
  ]
}