{
  "adv_t": [
    2,
    3,
    2,
    3,
    0,
    2,
    0
  ],
  "adv_w": [
    2,
    3,
    2,
    5,
    0,
    2,
    0
  ],
  "clfs": [
    "Nearest Neighbors",
    "RBF SVM",
    "Decision Tree",
    "Random Forest",
    "Neural Net",
    "Naive Bayes",
    "Linear SVM"
  ],
  "mean": [
    0.6074603174603175,
    0.7367658730158729,
    0.7028174603174602,
    0.7944246031746032,
    0.4075793650793652,
    0.6935515873015873,
    0.4557738095238095
  ],
  "parameters": {
    "cv_method": "k20",
    "db": "hayes",
    "repetition": 0
  },
  "std": [
    0.20226390213481346,
    0.14728732879336284,
    0.14345229573470106,
    0.1518790617234957,
    0.025050803030893173,
    0.16760906710582726,
    0.14082158538509346
  ]
}