{
  "adv_t": [
    2, 
    2, 
    1, 
    0, 
    3, 
    3, 
    2
  ], 
  "adv_w": [
    2, 
    2, 
    0, 
    0, 
    4, 
    3, 
    2
  ], 
  "clfs": [
    "Decision Tree", 
    "Naive Bayes", 
    "Linear SVM", 
    "Neural Net", 
    "RBF SVM", 
    "Random Forest", 
    "Nearest Neighbors"
  ], 
  "mean": [
    0.7300793650793653, 
    0.6997619047619049, 
    0.5013095238095239, 
    0.4053571428571431, 
    0.7623015873015876, 
    0.7695634920634923, 
    0.6746428571428572
  ], 
  "parameters": {
    "cv_method": "k30", 
    "db": "hayes", 
    "repetition": 0
  }, 
  "std": [
    0.140389864284416, 
    0.15908432710123174, 
    0.17436545088438787, 
    0.02052165400008894, 
    0.14149056727989517, 
    0.15950594321112477, 
    0.19079897475739457
  ]
}