{
  "adv_t": [
    2, 
    2, 
    0, 
    0, 
    2, 
    2, 
    2
  ], 
  "adv_w": [
    2, 
    1, 
    0, 
    0, 
    2, 
    1, 
    2
  ], 
  "clfs": [
    "Decision Tree", 
    "Naive Bayes", 
    "Linear SVM", 
    "Neural Net", 
    "RBF SVM", 
    "Random Forest", 
    "Nearest Neighbors"
  ], 
  "mean": [
    0.7219117647058824, 
    0.689125816993464, 
    0.5128022875816993, 
    0.4061683006535947, 
    0.7423692810457515, 
    0.7686192810457516, 
    0.6961601307189543
  ], 
  "parameters": {
    "cv_method": "k10", 
    "db": "hayes", 
    "repetition": 8
  }, 
  "std": [
    0.07781417352975513, 
    0.12447803057986756, 
    0.13181342183065003, 
    0.013184386279429533, 
    0.10967281229400215, 
    0.10608724674159771, 
    0.09662558822765492
  ]
}