{
  "adv_t": [
    2,
    2,
    2,
    2,
    0,
    2,
    0
  ],
  "adv_w": [
    2,
    3,
    2,
    3,
    0,
    2,
    0
  ],
  "clfs": [
    "Nearest Neighbors",
    "RBF SVM",
    "Decision Tree",
    "Random Forest",
    "Neural Net",
    "Naive Bayes",
    "Linear SVM"
  ],
  "mean": [
    0.6275396825396826,
    0.7184523809523812,
    0.7280952380952386,
    0.7334523809523813,
    0.4053571428571431,
    0.6766666666666669,
    0.47976190476190467
  ],
  "parameters": {
    "cv_method": "k30",
    "db": "hayes",
    "repetition": 0
  },
  "std": [
    0.1848445840829828,
    0.21774725350422316,
    0.14829470882738033,
    0.16373457384814852,
    0.02052165400008894,
    0.15989455239771277,
    0.18535474227337098
  ]
}