{
  "adv_t": [
    3, 
    2, 
    1, 
    0, 
    4, 
    3, 
    2
  ], 
  "adv_w": [
    3, 
    2, 
    1, 
    0, 
    4, 
    4, 
    2
  ], 
  "clfs": [
    "Decision Tree", 
    "Naive Bayes", 
    "Linear SVM", 
    "Neural Net", 
    "RBF SVM", 
    "Random Forest", 
    "Nearest Neighbors"
  ], 
  "mean": [
    0.6861540865760274, 
    0.6527894983591187, 
    0.43861540865760273, 
    0.40376621347085484, 
    0.7276136896390061, 
    0.7086888576340054, 
    0.5953742772308173
  ], 
  "parameters": {
    "cv_method": "k2x5", 
    "db": "hayes", 
    "repetition": 2
  }, 
  "std": [
    0.05911985362521394, 
    0.07224483688017248, 
    0.04456778175042577, 
    0.004710780226828386, 
    0.06373795600740638, 
    0.04461332501803944, 
    0.06450581095193314
  ]
}