{
  "adv_t": [
    2,
    2,
    2,
    2,
    0,
    2,
    1
  ],
  "adv_w": [
    2,
    2,
    2,
    2,
    0,
    2,
    1
  ],
  "clfs": [
    "Nearest Neighbors",
    "RBF SVM",
    "Decision Tree",
    "Random Forest",
    "Neural Net",
    "Naive Bayes",
    "Linear SVM"
  ],
  "mean": [
    0.6817063492063493,
    0.7183333333333336,
    0.7086904761904763,
    0.7122619047619048,
    0.4053571428571431,
    0.6741666666666664,
    0.5101190476190476
  ],
  "parameters": {
    "cv_method": "k30",
    "db": "hayes",
    "repetition": 5
  },
  "std": [
    0.19026221646631286,
    0.1920268876806211,
    0.18100237782635425,
    0.20193400613488852,
    0.02052165400008894,
    0.1984893762619491,
    0.206603006680018
  ]
}