{
  "adv_t": [
    2,
    4,
    2,
    3,
    0,
    2,
    1
  ],
  "adv_w": [
    2,
    4,
    2,
    3,
    0,
    2,
    1
  ],
  "clfs": [
    "Nearest Neighbors",
    "RBF SVM",
    "Decision Tree",
    "Random Forest",
    "Neural Net",
    "Naive Bayes",
    "Linear SVM"
  ],
  "mean": [
    0.6322222222222224,
    0.7547385620915033,
    0.6685130718954249,
    0.7442401960784313,
    0.4061683006535947,
    0.7033905228758169,
    0.5134068627450981
  ],
  "parameters": {
    "cv_method": "k10",
    "db": "hayes",
    "repetition": 5
  },
  "std": [
    0.1327074785601488,
    0.07019465336933813,
    0.0692742821029442,
    0.13588795909441123,
    0.013184386279429533,
    0.07577242575543429,
    0.11186332567982246
  ]
}