{
  "adv_t": [
    3, 
    3, 
    1, 
    0, 
    3, 
    3, 
    2
  ], 
  "adv_w": [
    3, 
    3, 
    1, 
    0, 
    4, 
    3, 
    2
  ], 
  "clfs": [
    "Decision Tree", 
    "Naive Bayes", 
    "Linear SVM", 
    "Neural Net", 
    "RBF SVM", 
    "Random Forest", 
    "Nearest Neighbors"
  ], 
  "mean": [
    0.7250507891858102, 
    0.6970464135021097, 
    0.5015939990623536, 
    0.4050007813720894, 
    0.7461322081575246, 
    0.7226129082669168, 
    0.615158618534146
  ], 
  "parameters": {
    "cv_method": "k2x5", 
    "db": "hayes", 
    "repetition": 7
  }, 
  "std": [
    0.03590128269849225, 
    0.06173484351734346, 
    0.060551000957410984, 
    0.0036813600586164848, 
    0.04505688052009076, 
    0.04047537591728955, 
    0.06399895660719442
  ]
}