{
  "adv_t": [
    2,
    4,
    4,
    4,
    0,
    3,
    1
  ],
  "adv_w": [
    2,
    4,
    4,
    4,
    0,
    3,
    1
  ],
  "clfs": [
    "Nearest Neighbors",
    "RBF SVM",
    "Decision Tree",
    "Random Forest",
    "Neural Net",
    "Naive Bayes",
    "Linear SVM"
  ],
  "mean": [
    0.5811064228785747,
    0.726410376621347,
    0.7209095171120488,
    0.7159087357399594,
    0.40376621347085484,
    0.6428191904985153,
    0.48862322237849654
  ],
  "parameters": {
    "cv_method": "k2x5",
    "db": "hayes",
    "repetition": 5
  },
  "std": [
    0.08705690640245867,
    0.06716124495704218,
    0.06314386629227298,
    0.07057240937586348,
    0.004710780226828386,
    0.06541096992087125,
    0.037652158194396386
  ]
}