{
  "adv_t": [
    2, 
    2, 
    1, 
    0, 
    2, 
    2, 
    2
  ], 
  "adv_w": [
    2, 
    2, 
    1, 
    0, 
    3, 
    5, 
    2
  ], 
  "clfs": [
    "Decision Tree", 
    "Naive Bayes", 
    "Linear SVM", 
    "Neural Net", 
    "RBF SVM", 
    "Random Forest", 
    "Nearest Neighbors"
  ], 
  "mean": [
    0.689047619047619, 
    0.6617261904761905, 
    0.5015277777777778, 
    0.4075793650793652, 
    0.7338888888888888, 
    0.7649801587301587, 
    0.6537103174603173
  ], 
  "parameters": {
    "cv_method": "k20", 
    "db": "hayes", 
    "repetition": 3
  }, 
  "std": [
    0.15804385884926558, 
    0.23532260152226372, 
    0.16908905535637805, 
    0.025050803030893173, 
    0.1531961040398258, 
    0.18589038497894214, 
    0.21608496443690256
  ]
}