{
  "adv_t": [
    2,
    3,
    3,
    3,
    0,
    2,
    1
  ],
  "adv_w": [
    2,
    3,
    3,
    3,
    0,
    2,
    1
  ],
  "clfs": [
    "Nearest Neighbors",
    "RBF SVM",
    "Decision Tree",
    "Random Forest",
    "Neural Net",
    "Naive Bayes",
    "Linear SVM"
  ],
  "mean": [
    0.6246913580246914,
    0.7038443506797938,
    0.7196436943272386,
    0.7377090170339115,
    0.4050007813720894,
    0.6565244569463978,
    0.4964681981559619
  ],
  "parameters": {
    "cv_method": "k2x5",
    "db": "hayes",
    "repetition": 6
  },
  "std": [
    0.06449754018491512,
    0.031043934854437818,
    0.050301916853264544,
    0.06084423149571895,
    0.0036813600586164848,
    0.06857503362678978,
    0.045730702998804273
  ]
}