{
  "adv_t": [
    2, 
    2, 
    1, 
    0, 
    2, 
    3, 
    2
  ], 
  "adv_w": [
    3, 
    3, 
    0, 
    0, 
    3, 
    4, 
    2
  ], 
  "clfs": [
    "Decision Tree", 
    "Naive Bayes", 
    "Linear SVM", 
    "Neural Net", 
    "RBF SVM", 
    "Random Forest", 
    "Nearest Neighbors"
  ], 
  "mean": [
    0.7280158730158733, 
    0.7049603174603177, 
    0.4685714285714286, 
    0.4053571428571431, 
    0.7259126984126987, 
    0.7510317460317463, 
    0.6539285714285715
  ], 
  "parameters": {
    "cv_method": "k30", 
    "db": "hayes", 
    "repetition": 8
  }, 
  "std": [
    0.13390635040373414, 
    0.17900715404258496, 
    0.18536913740057526, 
    0.02052165400008894, 
    0.21199599596233745, 
    0.1880091500666139, 
    0.2044808353704059
  ]
}