{
  "adv_t": [
    3, 
    2, 
    0, 
    0, 
    4, 
    4, 
    2
  ], 
  "adv_w": [
    4, 
    2, 
    0, 
    0, 
    4, 
    4, 
    2
  ], 
  "clfs": [
    "Decision Tree", 
    "Naive Bayes", 
    "Linear SVM", 
    "Neural Net", 
    "RBF SVM", 
    "Random Forest", 
    "Nearest Neighbors"
  ], 
  "mean": [
    0.7228174603174603, 
    0.6351190476190476, 
    0.43007936507936506, 
    0.4075793650793652, 
    0.7210317460317459, 
    0.7342063492063492, 
    0.6490476190476189
  ], 
  "parameters": {
    "cv_method": "k20", 
    "db": "hayes", 
    "repetition": 6
  }, 
  "std": [
    0.1421030699129455, 
    0.16605082246554717, 
    0.12029040801278593, 
    0.025050803030893173, 
    0.12407739909176209, 
    0.1526200565950858, 
    0.13831198960521224
  ]
}