{
  "adv_t": [
    2,
    2,
    2,
    3,
    0,
    2,
    1
  ],
  "adv_w": [
    2,
    2,
    2,
    3,
    0,
    2,
    0
  ],
  "clfs": [
    "Nearest Neighbors",
    "RBF SVM",
    "Decision Tree",
    "Random Forest",
    "Neural Net",
    "Naive Bayes",
    "Linear SVM"
  ],
  "mean": [
    0.6794047619047618,
    0.7479761904761907,
    0.7130952380952382,
    0.7662698412698414,
    0.4053571428571431,
    0.6740476190476191,
    0.5058730158730158
  ],
  "parameters": {
    "cv_method": "k30",
    "db": "hayes",
    "repetition": 3
  },
  "std": [
    0.2346064489777444,
    0.19625649277088064,
    0.1495722652703993,
    0.14722666657007719,
    0.02052165400008894,
    0.15972446513263006,
    0.19068823719714223
  ]
}