{
  "adv_t": [
    5, 
    3, 
    1, 
    0, 
    5, 
    3, 
    2
  ], 
  "adv_w": [
    5, 
    3, 
    1, 
    0, 
    5, 
    3, 
    2
  ], 
  "clfs": [
    "Decision Tree", 
    "Naive Bayes", 
    "Linear SVM", 
    "Neural Net", 
    "RBF SVM", 
    "Random Forest", 
    "Nearest Neighbors"
  ], 
  "mean": [
    0.7387560556336928, 
    0.6687451164244413, 
    0.48884200656352556, 
    0.4050007813720894, 
    0.7551492420690733, 
    0.6911236130645413, 
    0.6061103297390218
  ], 
  "parameters": {
    "cv_method": "k2x5", 
    "db": "hayes", 
    "repetition": 8
  }, 
  "std": [
    0.037060441498807085, 
    0.037476261378261884, 
    0.037435938277748076, 
    0.0036813600586164848, 
    0.04087244463468513, 
    0.04765349155518463, 
    0.03994999944045003
  ]
}