{
  "adv_t": [
    2,
    2,
    2,
    2,
    0,
    2,
    0
  ],
  "adv_w": [
    2,
    2,
    2,
    2,
    0,
    2,
    0
  ],
  "clfs": [
    "Nearest Neighbors",
    "RBF SVM",
    "Decision Tree",
    "Random Forest",
    "Neural Net",
    "Naive Bayes",
    "Linear SVM"
  ],
  "mean": [
    0.6628968253968257,
    0.7398809523809525,
    0.7110714285714288,
    0.7167857142857144,
    0.4053571428571431,
    0.6882142857142859,
    0.49896825396825395
  ],
  "parameters": {
    "cv_method": "k30",
    "db": "hayes",
    "repetition": 4
  },
  "std": [
    0.18900656454839176,
    0.16657244287067222,
    0.1819637146667246,
    0.2072853892166263,
    0.02052165400008894,
    0.22243365962586045,
    0.196495294766381
  ]
}