{
  "adv_t": [
    2,
    2,
    2,
    2,
    0,
    2,
    0
  ],
  "adv_w": [
    2,
    2,
    2,
    2,
    0,
    2,
    0
  ],
  "clfs": [
    "Nearest Neighbors",
    "RBF SVM",
    "Decision Tree",
    "Random Forest",
    "Neural Net",
    "Naive Bayes",
    "Linear SVM"
  ],
  "mean": [
    0.6658531746031745,
    0.7318849206349205,
    0.719642857142857,
    0.7135119047619047,
    0.4075793650793652,
    0.6898015873015871,
    0.468670634920635
  ],
  "parameters": {
    "cv_method": "k20",
    "db": "hayes",
    "repetition": 4
  },
  "std": [
    0.1312302736732469,
    0.1556246050586875,
    0.16656034023372884,
    0.1602852227672478,
    0.025050803030893173,
    0.17043129133263285,
    0.19872366921610987
  ]
}