{
  "adv_t": [
    3, 
    2, 
    1, 
    0, 
    2, 
    4, 
    2
  ], 
  "adv_w": [
    4, 
    2, 
    0, 
    0, 
    3, 
    4, 
    2
  ], 
  "clfs": [
    "Decision Tree", 
    "Naive Bayes", 
    "Linear SVM", 
    "Neural Net", 
    "RBF SVM", 
    "Random Forest", 
    "Nearest Neighbors"
  ], 
  "mean": [
    0.7310714285714288, 
    0.6691269841269843, 
    0.49599206349206343, 
    0.4053571428571431, 
    0.723730158730159, 
    0.7751984126984129, 
    0.655357142857143
  ], 
  "parameters": {
    "cv_method": "k30", 
    "db": "hayes", 
    "repetition": 2
  }, 
  "std": [
    0.1547999037599237, 
    0.19117736637622398, 
    0.20241873580783384, 
    0.02052165400008894, 
    0.19837923636826368, 
    0.1904151388543145, 
    0.1899867351567955
  ]
}