{
  "adv_t": [
    2,
    2,
    2,
    3,
    0,
    2,
    1
  ],
  "adv_w": [
    2,
    2,
    2,
    5,
    0,
    2,
    1
  ],
  "clfs": [
    "Nearest Neighbors",
    "RBF SVM",
    "Decision Tree",
    "Random Forest",
    "Neural Net",
    "Naive Bayes",
    "Linear SVM"
  ],
  "mean": [
    0.6954761904761902,
    0.7392261904761902,
    0.7158333333333333,
    0.7784920634920633,
    0.4075793650793652,
    0.6976388888888889,
    0.5005753968253969
  ],
  "parameters": {
    "cv_method": "k20",
    "db": "hayes",
    "repetition": 5
  },
  "std": [
    0.15548299332259846,
    0.12495283451973888,
    0.15111477590980138,
    0.14720657693385616,
    0.025050803030893173,
    0.16756399423387497,
    0.1697281415626083
  ]
}