{
  "adv_t": [
    2,
    2,
    2,
    5,
    0,
    2,
    1
  ],
  "adv_w": [
    2,
    3,
    2,
    5,
    0,
    2,
    1
  ],
  "clfs": [
    "Nearest Neighbors",
    "RBF SVM",
    "Decision Tree",
    "Random Forest",
    "Neural Net",
    "Naive Bayes",
    "Linear SVM"
  ],
  "mean": [
    0.6899206349206348,
    0.7342261904761904,
    0.7017460317460316,
    0.7683531746031745,
    0.4075793650793652,
    0.6674603174603174,
    0.4736706349206349
  ],
  "parameters": {
    "cv_method": "k20",
    "db": "hayes",
    "repetition": 1
  },
  "std": [
    0.11762752273077064,
    0.16386695886135358,
    0.12429039010634649,
    0.10909047577961499,
    0.025050803030893173,
    0.1459993357845005,
    0.11564041460742996
  ]
}