{
  "adv_t": [
    2,
    3,
    2,
    3,
    0,
    2,
    0
  ],
  "adv_w": [
    2,
    4,
    2,
    4,
    0,
    2,
    0
  ],
  "clfs": [
    "Nearest Neighbors",
    "RBF SVM",
    "Decision Tree",
    "Random Forest",
    "Neural Net",
    "Naive Bayes",
    "Linear SVM"
  ],
  "mean": [
    0.6349206349206348,
    0.7319047619047618,
    0.6963690476190475,
    0.7249603174603174,
    0.4075793650793652,
    0.6538888888888887,
    0.44257936507936513
  ],
  "parameters": {
    "cv_method": "k20",
    "db": "hayes",
    "repetition": 8
  },
  "std": [
    0.17220369372398,
    0.15237781951666726,
    0.11287736235336758,
    0.13642320839091213,
    0.025050803030893173,
    0.15923997076251295,
    0.17098171031612555
  ]
}