{
  "adv_t": [
    2,
    4,
    3,
    4,
    0,
    2,
    1
  ],
  "adv_w": [
    2,
    4,
    3,
    4,
    0,
    2,
    1
  ],
  "clfs": [
    "Nearest Neighbors",
    "RBF SVM",
    "Decision Tree",
    "Random Forest",
    "Neural Net",
    "Naive Bayes",
    "Linear SVM"
  ],
  "mean": [
    0.5953742772308173,
    0.7324269417096421,
    0.6861540865760274,
    0.7363494295983747,
    0.40376621347085484,
    0.6527894983591187,
    0.4734958587279262
  ],
  "parameters": {
    "cv_method": "k2x5",
    "db": "hayes",
    "repetition": 2
  },
  "std": [
    0.06450581095193314,
    0.043937531394250565,
    0.05911985362521394,
    0.049569980951420595,
    0.004710780226828386,
    0.07224483688017248,
    0.04779417168746932
  ]
}