{
  "adv_t": [
    2, 
    2, 
    1, 
    0, 
    2, 
    4, 
    2
  ], 
  "adv_w": [
    2, 
    2, 
    1, 
    0, 
    2, 
    5, 
    2
  ], 
  "clfs": [
    "Decision Tree", 
    "Naive Bayes", 
    "Linear SVM", 
    "Neural Net", 
    "RBF SVM", 
    "Random Forest", 
    "Nearest Neighbors"
  ], 
  "mean": [
    0.696904761904762, 
    0.6542261904761905, 
    0.479563492063492, 
    0.4075793650793652, 
    0.70765873015873, 
    0.77140873015873, 
    0.6629761904761906
  ], 
  "parameters": {
    "cv_method": "k20", 
    "db": "hayes", 
    "repetition": 5
  }, 
  "std": [
    0.19611918370341444, 
    0.17640941614344088, 
    0.1226035007568971, 
    0.025050803030893173, 
    0.16309074586214906, 
    0.12826477212770737, 
    0.172209521993791
  ]
}