{
  "adv_t": [
    2,
    4,
    3,
    3,
    0,
    2,
    1
  ],
  "adv_w": [
    2,
    5,
    3,
    3,
    0,
    2,
    1
  ],
  "clfs": [
    "Nearest Neighbors",
    "RBF SVM",
    "Decision Tree",
    "Random Forest",
    "Neural Net",
    "Naive Bayes",
    "Linear SVM"
  ],
  "mean": [
    0.6438662290982966,
    0.7598999843725582,
    0.7323956868260666,
    0.7248007501172057,
    0.4050007813720894,
    0.6863103609939054,
    0.48498202844194405
  ],
  "parameters": {
    "cv_method": "k2x5",
    "db": "hayes",
    "repetition": 1
  },
  "std": [
    0.034814368378195806,
    0.04331256061889269,
    0.035024316682954255,
    0.046306594389716904,
    0.0036813600586164848,
    0.07855777667268775,
    0.03757172710645537
  ]
}