{
  "adv_t": [
    4, 
    3, 
    1, 
    0, 
    4, 
    4, 
    2
  ], 
  "adv_w": [
    4, 
    3, 
    1, 
    0, 
    4, 
    4, 
    2
  ], 
  "clfs": [
    "Decision Tree", 
    "Naive Bayes", 
    "Linear SVM", 
    "Neural Net", 
    "RBF SVM", 
    "Random Forest", 
    "Nearest Neighbors"
  ], 
  "mean": [
    0.7209095171120488, 
    0.6428191904985153, 
    0.5124863259884357, 
    0.40376621347085484, 
    0.7464135021097046, 
    0.7250820440693858, 
    0.5811064228785747
  ], 
  "parameters": {
    "cv_method": "k2x5", 
    "db": "hayes", 
    "repetition": 5
  }, 
  "std": [
    0.06314386629227298, 
    0.06541096992087125, 
    0.04964162649578201, 
    0.004710780226828386, 
    0.05938930723554589, 
    0.0678194884681462, 
    0.08705690640245867
  ]
}