{
  "adv_t": [
    2,
    2,
    2,
    3,
    0,
    2,
    0
  ],
  "adv_w": [
    2,
    2,
    2,
    3,
    0,
    2,
    0
  ],
  "clfs": [
    "Nearest Neighbors",
    "RBF SVM",
    "Decision Tree",
    "Random Forest",
    "Neural Net",
    "Naive Bayes",
    "Linear SVM"
  ],
  "mean": [
    0.6147222222222221,
    0.724920634920635,
    0.6763492063492063,
    0.7625992063492063,
    0.4075793650793652,
    0.6841666666666665,
    0.4584126984126985
  ],
  "parameters": {
    "cv_method": "k20",
    "db": "hayes",
    "repetition": 6
  },
  "std": [
    0.1671080551832246,
    0.1531708480586889,
    0.14499036169124438,
    0.15242907264390698,
    0.025050803030893173,
    0.14384376304050248,
    0.15368488638731329
  ]
}