{
  "adv_t": [
    2,
    5,
    4,
    3,
    0,
    3,
    1
  ],
  "adv_w": [
    2,
    5,
    3,
    3,
    0,
    3,
    1
  ],
  "clfs": [
    "Nearest Neighbors",
    "RBF SVM",
    "Decision Tree",
    "Random Forest",
    "Neural Net",
    "Naive Bayes",
    "Linear SVM"
  ],
  "mean": [
    0.603547429285826,
    0.7647757462103453,
    0.733630254727301,
    0.6962806688545083,
    0.4050007813720894,
    0.6738709173308329,
    0.4690576652601969
  ],
  "parameters": {
    "cv_method": "k2x5",
    "db": "hayes",
    "repetition": 3
  },
  "std": [
    0.050865739979278915,
    0.024834775518114246,
    0.055175235182744364,
    0.04973048513262318,
    0.0036813600586164848,
    0.06441221491628779,
    0.03815246098055414
  ]
}