{
  "adv_t": [
    3, 
    2, 
    1, 
    0, 
    3, 
    4, 
    2
  ], 
  "adv_w": [
    3, 
    2, 
    1, 
    0, 
    3, 
    4, 
    2
  ], 
  "clfs": [
    "Decision Tree", 
    "Naive Bayes", 
    "Linear SVM", 
    "Neural Net", 
    "RBF SVM", 
    "Random Forest", 
    "Nearest Neighbors"
  ], 
  "mean": [
    0.7196436943272386, 
    0.6565244569463978, 
    0.48365369588998275, 
    0.4050007813720894, 
    0.7062822315986873, 
    0.7515393030160962, 
    0.6246913580246914
  ], 
  "parameters": {
    "cv_method": "k2x5", 
    "db": "hayes", 
    "repetition": 6
  }, 
  "std": [
    0.050301916853264544, 
    0.06857503362678978, 
    0.04389042445407306, 
    0.0036813600586164848, 
    0.04304497449703282, 
    0.05334520081365573, 
    0.06449754018491512
  ]
}