{
  "adv_t": [
    2,
    2,
    2,
    2,
    0,
    2,
    1
  ],
  "adv_w": [
    2,
    2,
    2,
    2,
    0,
    2,
    0
  ],
  "clfs": [
    "Nearest Neighbors",
    "RBF SVM",
    "Decision Tree",
    "Random Forest",
    "Neural Net",
    "Naive Bayes",
    "Linear SVM"
  ],
  "mean": [
    0.6733730158730159,
    0.7356349206349206,
    0.7126984126984129,
    0.7283730158730161,
    0.4053571428571431,
    0.6940476190476192,
    0.47523809523809507
  ],
  "parameters": {
    "cv_method": "k30",
    "db": "hayes",
    "repetition": 2
  },
  "std": [
    0.23878727083668871,
    0.1798563332855731,
    0.18445462799034507,
    0.15727344530835694,
    0.02052165400008894,
    0.1999127477985036,
    0.1790165224716738
  ]
}