{
  "adv_t": [
    2, 
    2, 
    1, 
    0, 
    3, 
    4, 
    2
  ], 
  "adv_w": [
    2, 
    4, 
    1, 
    0, 
    3, 
    4, 
    2
  ], 
  "clfs": [
    "Decision Tree", 
    "Naive Bayes", 
    "Linear SVM", 
    "Neural Net", 
    "RBF SVM", 
    "Random Forest", 
    "Nearest Neighbors"
  ], 
  "mean": [
    0.6902287581699346, 
    0.7337581699346405, 
    0.49878267973856205, 
    0.4061683006535947, 
    0.7595098039215686, 
    0.7758496732026144, 
    0.6497140522875817
  ], 
  "parameters": {
    "cv_method": "k10", 
    "db": "hayes", 
    "repetition": 7
  }, 
  "std": [
    0.126035418583744, 
    0.11803354273819358, 
    0.09956747647247362, 
    0.013184386279429533, 
    0.07291910845218598, 
    0.07792508614738401, 
    0.10179698674023205
  ]
}