{
  "adv_t": [
    2,
    2,
    3,
    3,
    0,
    2,
    0
  ],
  "adv_w": [
    2,
    3,
    2,
    4,
    0,
    2,
    0
  ],
  "clfs": [
    "Nearest Neighbors",
    "RBF SVM",
    "Decision Tree",
    "Random Forest",
    "Neural Net",
    "Naive Bayes",
    "Linear SVM"
  ],
  "mean": [
    0.6511111111111113,
    0.7375396825396828,
    0.7403968253968256,
    0.7659523809523813,
    0.4053571428571431,
    0.6823015873015876,
    0.4695238095238095
  ],
  "parameters": {
    "cv_method": "k30",
    "db": "hayes",
    "repetition": 9
  },
  "std": [
    0.19765983053305097,
    0.1990866659532411,
    0.13273158154559114,
    0.17632262163784673,
    0.02052165400008894,
    0.15830994596626569,
    0.20347900705013836
  ]
}