{
  "adv_t": [
    4, 
    3, 
    1, 
    0, 
    4, 
    4, 
    2
  ], 
  "adv_w": [
    4, 
    3, 
    1, 
    0, 
    4, 
    3, 
    2
  ], 
  "clfs": [
    "Decision Tree", 
    "Naive Bayes", 
    "Linear SVM", 
    "Neural Net", 
    "RBF SVM", 
    "Random Forest", 
    "Nearest Neighbors"
  ], 
  "mean": [
    0.733630254727301, 
    0.6738709173308329, 
    0.48390373495858724, 
    0.4050007813720894, 
    0.7586341615877481, 
    0.7259728082512893, 
    0.603547429285826
  ], 
  "parameters": {
    "cv_method": "k2x5", 
    "db": "hayes", 
    "repetition": 3
  }, 
  "std": [
    0.055175235182744364, 
    0.06441221491628779, 
    0.02260772912624286, 
    0.0036813600586164848, 
    0.04305884089149584, 
    0.059868729715605244, 
    0.050865739979278915
  ]
}