{
  "adv_t": [
    2, 
    2, 
    1, 
    0, 
    2, 
    5, 
    2
  ], 
  "adv_w": [
    2, 
    2, 
    1, 
    0, 
    5, 
    6, 
    2
  ], 
  "clfs": [
    "Decision Tree", 
    "Naive Bayes", 
    "Linear SVM", 
    "Neural Net", 
    "RBF SVM", 
    "Random Forest", 
    "Nearest Neighbors"
  ], 
  "mean": [
    0.683531746031746, 
    0.6601190476190475, 
    0.5229563492063493, 
    0.4075793650793652, 
    0.7242261904761904, 
    0.7819047619047618, 
    0.6525992063492063
  ], 
  "parameters": {
    "cv_method": "k20", 
    "db": "hayes", 
    "repetition": 1
  }, 
  "std": [
    0.12329128761872818, 
    0.17019295894617323, 
    0.17367854759011825, 
    0.025050803030893173, 
    0.17975143747845213, 
    0.1585682863003104, 
    0.15845681743450923
  ]
}