{
  "adv_t": [
    2,
    0,
    3,
    3,
    1,
    3,
    4
  ],
  "adv_w": [
    2,
    0,
    3,
    3,
    1,
    5,
    5
  ],
  "clfs": [
    "Nearest Neighbors",
    "RBF SVM",
    "Decision Tree",
    "Random Forest",
    "Neural Net",
    "Naive Bayes",
    "Linear SVM"
  ],
  "mean": [
    0.653846153846154,
    0.5549450549450549,
    0.7967032967032966,
    0.7950549450549451,
    0.574175824175824,
    0.8403846153846155,
    0.8480769230769234
  ],
  "parameters": {
    "cv_method": "k20",
    "db": "heart",
    "repetition": 6
  },
  "std": [
    0.14227759830611805,
    0.016911731078326712,
    0.10092083294732573,
    0.12869840931344237,
    0.03754167290671234,
    0.09463981939771028,
    0.08895911704645668
  ]
}