{
  "adv_t": [
    2,
    0,
    3,
    3,
    0,
    4,
    4
  ],
  "adv_w": [
    2,
    0,
    3,
    4,
    0,
    5,
    5
  ],
  "clfs": [
    "Nearest Neighbors",
    "RBF SVM",
    "Decision Tree",
    "Random Forest",
    "Neural Net",
    "Naive Bayes",
    "Linear SVM"
  ],
  "mean": [
    0.6518518518518519,
    0.5555555555555555,
    0.7592592592592593,
    0.8111111111111111,
    0.5666666666666667,
    0.8444444444444444,
    0.8481481481481483
  ],
  "parameters": {
    "cv_method": "k10",
    "db": "heart",
    "repetition": 9
  },
  "std": [
    0.05843041761086041,
    1.1702778228589004e-16,
    0.11076764472176766,
    0.05907894377286615,
    0.0351364184463153,
    0.0693998485064454,
    0.07081298962814811
  ]
}