{
  "adv_t": [
    3, 
    3, 
    3, 
    0, 
    0, 
    3, 
    2
  ], 
  "adv_w": [
    3, 
    3, 
    3, 
    0, 
    0, 
    3, 
    2
  ], 
  "clfs": [
    "Decision Tree", 
    "Naive Bayes", 
    "Linear SVM", 
    "Neural Net", 
    "RBF SVM", 
    "Random Forest", 
    "Nearest Neighbors"
  ], 
  "mean": [
    0.7859890109890111, 
    0.843956043956044, 
    0.8453296703296704, 
    0.5587912087912087, 
    0.5549450549450549, 
    0.8112637362637363, 
    0.6434065934065932
  ], 
  "parameters": {
    "cv_method": "k20", 
    "db": "heart", 
    "repetition": 2
  }, 
  "std": [
    0.1265492154047674, 
    0.09184383162166815, 
    0.08886976565435127, 
    0.02117533629329232, 
    0.016911731078326712, 
    0.0972040474995981, 
    0.0927476502037704
  ]
}