{
  "adv_t": [
    1,
    0,
    3,
    3,
    0,
    3,
    3
  ],
  "adv_w": [
    1,
    0,
    3,
    3,
    0,
    3,
    3
  ],
  "clfs": [
    "Nearest Neighbors",
    "RBF SVM",
    "Decision Tree",
    "Random Forest",
    "Neural Net",
    "Naive Bayes",
    "Linear SVM"
  ],
  "mean": [
    0.6444444444444444,
    0.5555555555555555,
    0.7925925925925925,
    0.8222222222222222,
    0.5851851851851851,
    0.8407407407407407,
    0.8296296296296296
  ],
  "parameters": {
    "cv_method": "k10",
    "db": "heart",
    "repetition": 3
  },
  "std": [
    0.09105722920783099,
    1.1702778228589004e-16,
    0.09105722920783095,
    0.05997510025427715,
    0.07156235430217006,
    0.06060709979572142,
    0.068069376553532
  ]
}