{
  "adv_t": [
    3, 
    4, 
    4, 
    0, 
    0, 
    4, 
    2
  ], 
  "adv_w": [
    3, 
    4, 
    4, 
    0, 
    0, 
    4, 
    2
  ], 
  "clfs": [
    "Decision Tree", 
    "Naive Bayes", 
    "Linear SVM", 
    "Neural Net", 
    "RBF SVM", 
    "Random Forest", 
    "Nearest Neighbors"
  ], 
  "mean": [
    0.7444444444444445, 
    0.8303703703703704, 
    0.8229629629629629, 
    0.5866666666666667, 
    0.5555555555555555, 
    0.8059259259259258, 
    0.6496296296296297
  ], 
  "parameters": {
    "cv_method": "k2x5", 
    "db": "heart", 
    "repetition": 4
  }, 
  "std": [
    0.04265963590906417, 
    0.022481342498943298, 
    0.03669803704392934, 
    0.06973287153818808, 
    1.1702778228589004e-16, 
    0.03138814534730015, 
    0.034043643595504484
  ]
}