{
  "adv_t": [
    2,
    0,
    3,
    3,
    0,
    3,
    3
  ],
  "adv_w": [
    0,
    0,
    3,
    3,
    0,
    3,
    3
  ],
  "clfs": [
    "Nearest Neighbors",
    "RBF SVM",
    "Decision Tree",
    "Random Forest",
    "Neural Net",
    "Naive Bayes",
    "Linear SVM"
  ],
  "mean": [
    0.6532967032967033,
    0.5549450549450549,
    0.7997252747252749,
    0.8145604395604396,
    0.551098901098901,
    0.8453296703296704,
    0.841758241758242
  ],
  "parameters": {
    "cv_method": "k20",
    "db": "heart",
    "repetition": 0
  },
  "std": [
    0.12965537944028724,
    0.016911731078326712,
    0.1314514696545512,
    0.08900554432147827,
    0.026745736208386946,
    0.11207026193834504,
    0.0842499224608557
  ]
}