{
  "adv_t": [
    1,
    0,
    3,
    4,
    0,
    4,
    4
  ],
  "adv_w": [
    1,
    0,
    3,
    4,
    0,
    4,
    4
  ],
  "clfs": [
    "Nearest Neighbors",
    "RBF SVM",
    "Decision Tree",
    "Random Forest",
    "Neural Net",
    "Naive Bayes",
    "Linear SVM"
  ],
  "mean": [
    0.6385185185185185,
    0.5555555555555555,
    0.7348148148148148,
    0.8074074074074075,
    0.5940740740740741,
    0.8362962962962964,
    0.8059259259259258
  ],
  "parameters": {
    "cv_method": "k2x5",
    "db": "heart",
    "repetition": 0
  },
  "std": [
    0.025131872888887834,
    1.1702778228589004e-16,
    0.045501825184353355,
    0.017805191483772766,
    0.052703181706491894,
    0.02759473297965138,
    0.026316864384146613
  ]
}