{
  "adv_t": [
    3, 
    3, 
    4, 
    0, 
    0, 
    3, 
    1
  ], 
  "adv_w": [
    3, 
    4, 
    5, 
    0, 
    0, 
    3, 
    2
  ], 
  "clfs": [
    "Decision Tree", 
    "Naive Bayes", 
    "Linear SVM", 
    "Neural Net", 
    "RBF SVM", 
    "Random Forest", 
    "Nearest Neighbors"
  ], 
  "mean": [
    0.774074074074074, 
    0.837037037037037, 
    0.837037037037037, 
    0.5962962962962962, 
    0.5555555555555555, 
    0.8000000000000002, 
    0.6592592592592592
  ], 
  "parameters": {
    "cv_method": "k10", 
    "db": "heart", 
    "repetition": 3
  }, 
  "std": [
    0.08979306936280586, 
    0.08226336419238361, 
    0.07027283689263067, 
    0.07699983273833418, 
    1.1702778228589004e-16, 
    0.09594745297642199, 
    0.11422255314785558
  ]
}