{
  "adv_t": [
    3, 
    3, 
    3, 
    0, 
    0, 
    3, 
    1
  ], 
  "adv_w": [
    3, 
    3, 
    4, 
    0, 
    0, 
    3, 
    0
  ], 
  "clfs": [
    "Decision Tree", 
    "Naive Bayes", 
    "Linear SVM", 
    "Neural Net", 
    "RBF SVM", 
    "Random Forest", 
    "Nearest Neighbors"
  ], 
  "mean": [
    0.7925925925925928, 
    0.8407407407407408, 
    0.8518518518518519, 
    0.5666666666666667, 
    0.5555555555555555, 
    0.7814814814814817, 
    0.6518518518518519
  ], 
  "parameters": {
    "cv_method": "k30", 
    "db": "heart", 
    "repetition": 9
  }, 
  "std": [
    0.14511583820940954, 
    0.1562745652606663, 
    0.14393761163680097, 
    0.07352928655487301, 
    1.1292025708167404e-16, 
    0.15016192007992182, 
    0.16694315083129108
  ]
}