{
  "adv_t": [
    1,
    0,
    3,
    4,
    0,
    4,
    4
  ],
  "adv_w": [
    1,
    0,
    3,
    4,
    0,
    4,
    4
  ],
  "clfs": [
    "Nearest Neighbors",
    "RBF SVM",
    "Decision Tree",
    "Random Forest",
    "Neural Net",
    "Naive Bayes",
    "Linear SVM"
  ],
  "mean": [
    0.6333333333333332,
    0.5555555555555555,
    0.7444444444444446,
    0.8296296296296296,
    0.5925925925925926,
    0.8444444444444447,
    0.8444444444444444
  ],
  "parameters": {
    "cv_method": "k10",
    "db": "heart",
    "repetition": 7
  },
  "std": [
    0.09791298794517703,
    1.1702778228589004e-16,
    0.10247657268862782,
    0.05843041761086043,
    0.09402189019585071,
    0.05997510025427711,
    0.06246474390456055
  ]
}