{
  "adv_t": [
    1,
    0,
    3,
    3,
    1,
    3,
    3
  ],
  "adv_w": [
    1,
    0,
    3,
    3,
    1,
    3,
    3
  ],
  "clfs": [
    "Nearest Neighbors",
    "RBF SVM",
    "Decision Tree",
    "Random Forest",
    "Neural Net",
    "Naive Bayes",
    "Linear SVM"
  ],
  "mean": [
    0.6271978021978022,
    0.5549450549450549,
    0.8214285714285715,
    0.8002747252747255,
    0.5925824175824175,
    0.841758241758242,
    0.8373626373626376
  ],
  "parameters": {
    "cv_method": "k20",
    "db": "heart",
    "repetition": 2
  },
  "std": [
    0.1042398613009996,
    0.016911731078326712,
    0.08686661459654788,
    0.1034441897764326,
    0.07819885213042971,
    0.08883981284285576,
    0.09267052544319401
  ]
}