{
  "adv_t": [
    1,
    0,
    3,
    3,
    0,
    4,
    4
  ],
  "adv_w": [
    1,
    0,
    3,
    3,
    0,
    4,
    4
  ],
  "clfs": [
    "Nearest Neighbors",
    "RBF SVM",
    "Decision Tree",
    "Random Forest",
    "Neural Net",
    "Naive Bayes",
    "Linear SVM"
  ],
  "mean": [
    0.6370879120879122,
    0.5549450549450549,
    0.7601648351648352,
    0.8184065934065936,
    0.5815934065934065,
    0.8395604395604396,
    0.8376373626373625
  ],
  "parameters": {
    "cv_method": "k20",
    "db": "heart",
    "repetition": 9
  },
  "std": [
    0.14455408692440755,
    0.016911731078326712,
    0.09392864353436008,
    0.09537568289673666,
    0.08297048012786759,
    0.08265052871255933,
    0.09985204099286933
  ]
}