{
  "adv_t": [
    3, 
    4, 
    4, 
    0, 
    0, 
    3, 
    2
  ], 
  "adv_w": [
    3, 
    4, 
    4, 
    0, 
    0, 
    3, 
    2
  ], 
  "clfs": [
    "Decision Tree", 
    "Naive Bayes", 
    "Linear SVM", 
    "Neural Net", 
    "RBF SVM", 
    "Random Forest", 
    "Nearest Neighbors"
  ], 
  "mean": [
    0.777777777777778, 
    0.8407407407407409, 
    0.8370370370370374, 
    0.5629629629629629, 
    0.5555555555555555, 
    0.8037037037037038, 
    0.6407407407407408
  ], 
  "parameters": {
    "cv_method": "k30", 
    "db": "heart", 
    "repetition": 6
  }, 
  "std": [
    0.09677648230126504, 
    0.1358740474701958, 
    0.0999503211352897, 
    0.040572041296678955, 
    1.1292025708167404e-16, 
    0.12612485226784464, 
    0.17184381449474695
  ]
}