{
  "adv_t": [
    3, 
    5, 
    4, 
    1, 
    0, 
    4, 
    2
  ], 
  "adv_w": [
    3, 
    5, 
    5, 
    1, 
    0, 
    4, 
    1
  ], 
  "clfs": [
    "Decision Tree", 
    "Naive Bayes", 
    "Linear SVM", 
    "Neural Net", 
    "RBF SVM", 
    "Random Forest", 
    "Nearest Neighbors"
  ], 
  "mean": [
    0.7288888888888889, 
    0.8400000000000002, 
    0.837037037037037, 
    0.6007407407407407, 
    0.5555555555555555, 
    0.7999999999999999, 
    0.6437037037037037
  ], 
  "parameters": {
    "cv_method": "k2x5", 
    "db": "heart", 
    "repetition": 9
  }, 
  "std": [
    0.04447187082437306, 
    0.03316372027729545, 
    0.05432098765432095, 
    0.052662678624048144, 
    1.1702778228589004e-16, 
    0.019753086419753076, 
    0.026467016683183433
  ]
}