{
  "adv_t": [
    3, 
    5, 
    4, 
    0, 
    0, 
    4, 
    2
  ], 
  "adv_w": [
    3, 
    5, 
    4, 
    0, 
    0, 
    4, 
    2
  ], 
  "clfs": [
    "Decision Tree", 
    "Naive Bayes", 
    "Linear SVM", 
    "Neural Net", 
    "RBF SVM", 
    "Random Forest", 
    "Nearest Neighbors"
  ], 
  "mean": [
    0.7333333333333333, 
    0.8318518518518518, 
    0.82, 
    0.5985185185185184, 
    0.5555555555555555, 
    0.8, 
    0.6637037037037037
  ], 
  "parameters": {
    "cv_method": "k2x5", 
    "db": "heart", 
    "repetition": 8
  }, 
  "std": [
    0.02749513265595072, 
    0.02369598639804459, 
    0.03163000549116025, 
    0.07592743148161014, 
    1.1702778228589004e-16, 
    0.02636315617785508, 
    0.033710712426421756
  ]
}