{
  "adv_t": [
    3, 
    4, 
    4, 
    0, 
    0, 
    3, 
    2
  ], 
  "adv_w": [
    3, 
    4, 
    4, 
    0, 
    0, 
    4, 
    2
  ], 
  "clfs": [
    "Decision Tree", 
    "Naive Bayes", 
    "Linear SVM", 
    "Neural Net", 
    "RBF SVM", 
    "Random Forest", 
    "Nearest Neighbors"
  ], 
  "mean": [
    0.7593406593406595, 
    0.8414835164835166, 
    0.8343406593406595, 
    0.5626373626373625, 
    0.5549450549450549, 
    0.8076923076923078, 
    0.6596153846153847
  ], 
  "parameters": {
    "cv_method": "k20", 
    "db": "heart", 
    "repetition": 8
  }, 
  "std": [
    0.09318689503144702, 
    0.09712228164575959, 
    0.09937031232092111, 
    0.02407571681341391, 
    0.016911731078326712, 
    0.07190524756022865, 
    0.09635358911366051
  ]
}