{
  "adv_t": [
    2,
    0,
    3,
    4,
    0,
    4,
    4
  ],
  "adv_w": [
    2,
    0,
    3,
    4,
    0,
    4,
    4
  ],
  "clfs": [
    "Nearest Neighbors",
    "RBF SVM",
    "Decision Tree",
    "Random Forest",
    "Neural Net",
    "Naive Bayes",
    "Linear SVM"
  ],
  "mean": [
    0.6481481481481483,
    0.5555555555555555,
    0.7444444444444444,
    0.8185185185185185,
    0.5740740740740741,
    0.8407407407407407,
    0.8370370370370368
  ],
  "parameters": {
    "cv_method": "k10",
    "db": "heart",
    "repetition": 4
  },
  "std": [
    0.0501483852138022,
    1.1702778228589004e-16,
    0.059078943772866155,
    0.0808618414509275,
    0.04000457221239419,
    0.05803782357305266,
    0.08409573514037733
  ]
}