{
  "adv_t": [
    2,
    0,
    3,
    3,
    0,
    4,
    3
  ],
  "adv_w": [
    0,
    0,
    3,
    3,
    0,
    4,
    4
  ],
  "clfs": [
    "Nearest Neighbors",
    "RBF SVM",
    "Decision Tree",
    "Random Forest",
    "Neural Net",
    "Naive Bayes",
    "Linear SVM"
  ],
  "mean": [
    0.6444444444444445,
    0.5555555555555555,
    0.7740740740740742,
    0.8185185185185188,
    0.5629629629629629,
    0.8370370370370374,
    0.8333333333333336
  ],
  "parameters": {
    "cv_method": "k30",
    "db": "heart",
    "repetition": 1
  },
  "std": [
    0.17114046620865755,
    1.1292025708167404e-16,
    0.1030952777732054,
    0.11481687469828537,
    0.040572041296678955,
    0.12287645636061574,
    0.1391759485590128
  ]
}