{
  "adv_t": [
    2,
    0,
    3,
    3,
    0,
    4,
    4
  ],
  "adv_w": [
    1,
    0,
    3,
    3,
    0,
    4,
    4
  ],
  "clfs": [
    "Nearest Neighbors",
    "RBF SVM",
    "Decision Tree",
    "Random Forest",
    "Neural Net",
    "Naive Bayes",
    "Linear SVM"
  ],
  "mean": [
    0.6407407407407408,
    0.5555555555555555,
    0.7703703703703707,
    0.792592592592593,
    0.5666666666666667,
    0.8333333333333337,
    0.8370370370370374
  ],
  "parameters": {
    "cv_method": "k30",
    "db": "heart",
    "repetition": 4
  },
  "std": [
    0.17912167651195204,
    1.1292025708167404e-16,
    0.1302757116006806,
    0.14802037913071964,
    0.044730877770716514,
    0.11206487204758366,
    0.12287645636061573
  ]
}