{
  "adv_t": [
    1,
    0,
    3,
    3,
    0,
    3,
    3
  ],
  "adv_w": [
    0,
    0,
    3,
    3,
    0,
    3,
    3
  ],
  "clfs": [
    "Nearest Neighbors",
    "RBF SVM",
    "Decision Tree",
    "Random Forest",
    "Neural Net",
    "Naive Bayes",
    "Linear SVM"
  ],
  "mean": [
    0.6518518518518519,
    0.5555555555555555,
    0.7814814814814818,
    0.803703703703704,
    0.5703703703703703,
    0.8407407407407411,
    0.8333333333333337
  ],
  "parameters": {
    "cv_method": "k30",
    "db": "heart",
    "repetition": 6
  },
  "std": [
    0.17442561172553356,
    1.1292025708167404e-16,
    0.12200724155986269,
    0.11181133128827236,
    0.056379584822769425,
    0.1079367762427308,
    0.11942105268589041
  ]
}