{
  "adv_t": [
    2,
    0,
    3,
    3,
    0,
    3,
    3
  ],
  "adv_w": [
    2,
    0,
    3,
    3,
    0,
    3,
    4
  ],
  "clfs": [
    "Nearest Neighbors",
    "RBF SVM",
    "Decision Tree",
    "Random Forest",
    "Neural Net",
    "Naive Bayes",
    "Linear SVM"
  ],
  "mean": [
    0.6481481481481484,
    0.5555555555555555,
    0.7740740740740744,
    0.8407407407407411,
    0.5518518518518517,
    0.8370370370370371,
    0.8481481481481483
  ],
  "parameters": {
    "cv_method": "k30",
    "db": "heart",
    "repetition": 5
  },
  "std": [
    0.1240831280888589,
    1.1292025708167404e-16,
    0.16630441688296674,
    0.12612485226784464,
    0.09447636752950157,
    0.1360306145059712,
    0.1352459668462484
  ]
}