{
  "adv_t": [
    3, 
    5, 
    4, 
    0, 
    0, 
    4, 
    2
  ], 
  "adv_w": [
    3, 
    4, 
    4, 
    0, 
    0, 
    4, 
    2
  ], 
  "clfs": [
    "Decision Tree", 
    "Naive Bayes", 
    "Linear SVM", 
    "Neural Net", 
    "RBF SVM", 
    "Random Forest", 
    "Nearest Neighbors"
  ], 
  "mean": [
    0.7177777777777777, 
    0.8362962962962962, 
    0.8200000000000001, 
    0.5666666666666667, 
    0.5555555555555555, 
    0.7985185185185186, 
    0.6488888888888888
  ], 
  "parameters": {
    "cv_method": "k2x5", 
    "db": "heart", 
    "repetition": 7
  }, 
  "std": [
    0.03669803704392934, 
    0.026696371201531878, 
    0.026142540113711452, 
    0.024998094730020473, 
    1.1702778228589004e-16, 
    0.02488810502390942, 
    0.0298755228884033
  ]
}