{
  "adv_t": [
    3, 
    3, 
    3, 
    1, 
    0, 
    3, 
    2
  ], 
  "adv_w": [
    3, 
    3, 
    3, 
    1, 
    0, 
    3, 
    0
  ], 
  "clfs": [
    "Decision Tree", 
    "Naive Bayes", 
    "Linear SVM", 
    "Neural Net", 
    "RBF SVM", 
    "Random Forest", 
    "Nearest Neighbors"
  ], 
  "mean": [
    0.8000000000000004, 
    0.8370370370370374, 
    0.8444444444444447, 
    0.5777777777777777, 
    0.5555555555555555, 
    0.8259259259259262, 
    0.6481481481481483
  ], 
  "parameters": {
    "cv_method": "k30", 
    "db": "heart", 
    "repetition": 4
  }, 
  "std": [
    0.12852107645199576, 
    0.11574010216937508, 
    0.10357591104431087, 
    0.053803799790166904, 
    1.1292025708167404e-16, 
    0.12612485226784462, 
    0.20021983093841517
  ]
}