{
  "adv_t": [
    2,
    0,
    3,
    3,
    0,
    3,
    4
  ],
  "adv_w": [
    2,
    0,
    3,
    3,
    0,
    5,
    5
  ],
  "clfs": [
    "Nearest Neighbors",
    "RBF SVM",
    "Decision Tree",
    "Random Forest",
    "Neural Net",
    "Naive Bayes",
    "Linear SVM"
  ],
  "mean": [
    0.6592592592592595,
    0.5555555555555555,
    0.7777777777777781,
    0.7962962962962966,
    0.5592592592592592,
    0.8333333333333337,
    0.8407407407407411
  ],
  "parameters": {
    "cv_method": "k30",
    "db": "heart",
    "repetition": 7
  },
  "std": [
    0.15143230832467997,
    1.1292025708167404e-16,
    0.1544018519510336,
    0.11332406743480741,
    0.07982171136490422,
    0.11580138896327517,
    0.1358740474701958
  ]
}