{
  "adv_t": [
    2,
    0,
    3,
    3,
    0,
    3,
    3
  ],
  "adv_w": [
    1,
    0,
    3,
    3,
    0,
    3,
    3
  ],
  "clfs": [
    "Nearest Neighbors",
    "RBF SVM",
    "Decision Tree",
    "Random Forest",
    "Neural Net",
    "Naive Bayes",
    "Linear SVM"
  ],
  "mean": [
    0.6592592592592594,
    0.5555555555555555,
    0.8074074074074077,
    0.7962962962962965,
    0.5740740740740741,
    0.8444444444444447,
    0.8407407407407409
  ],
  "parameters": {
    "cv_method": "k30",
    "db": "heart",
    "repetition": 3
  },
  "std": [
    0.1302757116006806,
    1.1292025708167404e-16,
    0.14274966055368943,
    0.12746783443323503,
    0.07765909573069395,
    0.10760759958033381,
    0.11181133128827236
  ]
}