{
  "adv_t": [
    3, 
    3, 
    3, 
    0, 
    0, 
    3, 
    1
  ], 
  "adv_w": [
    3, 
    5, 
    5, 
    0, 
    0, 
    3, 
    1
  ], 
  "clfs": [
    "Decision Tree", 
    "Naive Bayes", 
    "Linear SVM", 
    "Neural Net", 
    "RBF SVM", 
    "Random Forest", 
    "Nearest Neighbors"
  ], 
  "mean": [
    0.7814814814814814, 
    0.8370370370370368, 
    0.8333333333333334, 
    0.6037037037037036, 
    0.5555555555555555, 
    0.7925925925925925, 
    0.6444444444444445
  ], 
  "parameters": {
    "cv_method": "k10", 
    "db": "heart", 
    "repetition": 1
  }, 
  "std": [
    0.07293360734687372, 
    0.060983155729523286, 
    0.08597770541471679, 
    0.083823433070459, 
    1.1702778228589004e-16, 
    0.06343324730205004, 
    0.07448445989628816
  ]
}