{
  "adv_t": [
    3, 
    5, 
    4, 
    0, 
    0, 
    4, 
    2
  ], 
  "adv_w": [
    3, 
    5, 
    5, 
    0, 
    0, 
    4, 
    2
  ], 
  "clfs": [
    "Decision Tree", 
    "Naive Bayes", 
    "Linear SVM", 
    "Neural Net", 
    "RBF SVM", 
    "Random Forest", 
    "Nearest Neighbors"
  ], 
  "mean": [
    0.7318518518518519, 
    0.8392592592592593, 
    0.8148148148148147, 
    0.5725925925925925, 
    0.5555555555555555, 
    0.7851851851851851, 
    0.6437037037037038
  ], 
  "parameters": {
    "cv_method": "k2x5", 
    "db": "heart", 
    "repetition": 5
  }, 
  "std": [
    0.044690675937772914, 
    0.02660486666084142, 
    0.036954640857026586, 
    0.036297136128689865, 
    1.1702778228589004e-16, 
    0.027495132655950733, 
    0.02165250495643827
  ]
}