{
  "adv_t": [
    1,
    0,
    3,
    4,
    0,
    5,
    4
  ],
  "adv_w": [
    1,
    0,
    2,
    4,
    0,
    4,
    4
  ],
  "clfs": [
    "Nearest Neighbors",
    "RBF SVM",
    "Decision Tree",
    "Random Forest",
    "Neural Net",
    "Naive Bayes",
    "Linear SVM"
  ],
  "mean": [
    0.6637037037037037,
    0.5555555555555555,
    0.7288888888888889,
    0.7903703703703704,
    0.5999999999999999,
    0.8318518518518518,
    0.8192592592592594
  ],
  "parameters": {
    "cv_method": "k2x5",
    "db": "heart",
    "repetition": 8
  },
  "std": [
    0.033710712426421756,
    1.1702778228589004e-16,
    0.03715208468899562,
    0.03257949605934961,
    0.08365962640048105,
    0.02369598639804459,
    0.02686710223947741
  ]
}