{
  "adv_t": [
    1,
    0,
    3,
    3,
    0,
    3,
    3
  ],
  "adv_w": [
    0,
    0,
    2,
    3,
    0,
    3,
    3
  ],
  "clfs": [
    "Nearest Neighbors",
    "RBF SVM",
    "Decision Tree",
    "Random Forest",
    "Neural Net",
    "Naive Bayes",
    "Linear SVM"
  ],
  "mean": [
    0.6444444444444443,
    0.5555555555555555,
    0.7851851851851852,
    0.8148148148148149,
    0.6,
    0.8481481481481481,
    0.8333333333333334
  ],
  "parameters": {
    "cv_method": "k10",
    "db": "heart",
    "repetition": 6
  },
  "std": [
    0.08764562641629062,
    1.1702778228589004e-16,
    0.05737753105492467,
    0.04938271604938273,
    0.0693998485064454,
    0.06160481456728221,
    0.05310077325334958
  ]
}