{
  "adv_t": [
    1,
    0,
    3,
    4,
    0,
    5,
    4
  ],
  "adv_w": [
    1,
    0,
    3,
    4,
    0,
    6,
    4
  ],
  "clfs": [
    "Nearest Neighbors",
    "RBF SVM",
    "Decision Tree",
    "Random Forest",
    "Neural Net",
    "Naive Bayes",
    "Linear SVM"
  ],
  "mean": [
    0.6281481481481481,
    0.5555555555555555,
    0.7496296296296295,
    0.8037037037037038,
    0.5962962962962962,
    0.8400000000000001,
    0.8177777777777779
  ],
  "parameters": {
    "cv_method": "k2x5",
    "db": "heart",
    "repetition": 6
  },
  "std": [
    0.03625512067748672,
    1.1702778228589004e-16,
    0.04128702215521674,
    0.013181578088927521,
    0.07209284602793299,
    0.02347627520791055,
    0.024985897561824226
  ]
}