{
  "adv_t": [
    3, 
    3, 
    3, 
    0, 
    0, 
    3, 
    2
  ], 
  "adv_w": [
    2, 
    3, 
    3, 
    0, 
    0, 
    3, 
    2
  ], 
  "clfs": [
    "Decision Tree", 
    "Naive Bayes", 
    "Linear SVM", 
    "Neural Net", 
    "RBF SVM", 
    "Random Forest", 
    "Nearest Neighbors"
  ], 
  "mean": [
    0.7888888888888888, 
    0.8370370370370372, 
    0.8333333333333334, 
    0.5740740740740741, 
    0.5555555555555555, 
    0.8111111111111111, 
    0.674074074074074
  ], 
  "parameters": {
    "cv_method": "k10", 
    "db": "heart", 
    "repetition": 8
  }, 
  "std": [
    0.11718644419836334, 
    0.05576093723770973, 
    0.09279812579242537, 
    0.04000457221239419, 
    1.1702778228589004e-16, 
    0.08633152462739306, 
    0.09038521095171916
  ]
}