{
  "adv_t": [
    1, 
    3, 
    3, 
    0, 
    0, 
    3, 
    1
  ], 
  "adv_w": [
    2, 
    3, 
    3, 
    0, 
    0, 
    3, 
    0
  ], 
  "clfs": [
    "Decision Tree", 
    "Naive Bayes", 
    "Linear SVM", 
    "Neural Net", 
    "RBF SVM", 
    "Random Forest", 
    "Nearest Neighbors"
  ], 
  "mean": [
    0.7333333333333333, 
    0.8407407407407408, 
    0.8407407407407407, 
    0.6074074074074074, 
    0.5555555555555555, 
    0.8481481481481481, 
    0.6481481481481481
  ], 
  "parameters": {
    "cv_method": "k10", 
    "db": "heart", 
    "repetition": 0
  }, 
  "std": [
    0.12196631145904661, 
    0.08382343307045906, 
    0.08738438700832782, 
    0.07847036336825035, 
    1.1702778228589004e-16, 
    0.0616048145672822, 
    0.08418630677151762
  ]
}