{
  "adv_t": [
    3, 
    4, 
    4, 
    0, 
    0, 
    4, 
    2
  ], 
  "adv_w": [
    3, 
    4, 
    4, 
    0, 
    0, 
    4, 
    1
  ], 
  "clfs": [
    "Decision Tree", 
    "Naive Bayes", 
    "Linear SVM", 
    "Neural Net", 
    "RBF SVM", 
    "Random Forest", 
    "Nearest Neighbors"
  ], 
  "mean": [
    0.7555555555555559, 
    0.8370370370370374, 
    0.8407407407407408, 
    0.5740740740740741, 
    0.5555555555555555, 
    0.8259259259259263, 
    0.6444444444444445
  ], 
  "parameters": {
    "cv_method": "k30", 
    "db": "heart", 
    "repetition": 8
  }, 
  "std": [
    0.14115017409663216, 
    0.15086901198319172, 
    0.14496908357398275, 
    0.05896318116724803, 
    1.1292025708167404e-16, 
    0.12270310599493064, 
    0.16609095970747997
  ]
}