{
  "adv_t": [
    3, 
    5, 
    4, 
    0, 
    0, 
    4, 
    1
  ], 
  "adv_w": [
    3, 
    5, 
    4, 
    0, 
    0, 
    4, 
    1
  ], 
  "clfs": [
    "Decision Tree", 
    "Naive Bayes", 
    "Linear SVM", 
    "Neural Net", 
    "RBF SVM", 
    "Random Forest", 
    "Nearest Neighbors"
  ], 
  "mean": [
    0.7311111111111112, 
    0.8400000000000001, 
    0.8125925925925926, 
    0.5985185185185184, 
    0.5555555555555555, 
    0.8096296296296297, 
    0.6281481481481481
  ], 
  "parameters": {
    "cv_method": "k2x5", 
    "db": "heart", 
    "repetition": 6
  }, 
  "std": [
    0.03612878115744527, 
    0.02347627520791055, 
    0.027283671301849412, 
    0.075444120195428, 
    1.1702778228589004e-16, 
    0.016764686614091785, 
    0.03625512067748672
  ]
}