{
  "adv_t": [
    2, 
    3, 
    3, 
    0, 
    0, 
    3, 
    2
  ], 
  "adv_w": [
    2, 
    3, 
    3, 
    0, 
    0, 
    3, 
    2
  ], 
  "clfs": [
    "Decision Tree", 
    "Naive Bayes", 
    "Linear SVM", 
    "Neural Net", 
    "RBF SVM", 
    "Random Forest", 
    "Nearest Neighbors"
  ], 
  "mean": [
    0.7447802197802197, 
    0.8365384615384617, 
    0.8304945054945054, 
    0.5587912087912087, 
    0.5549450549450549, 
    0.8151098901098901, 
    0.6601648351648352
  ], 
  "parameters": {
    "cv_method": "k20", 
    "db": "heart", 
    "repetition": 7
  }, 
  "std": [
    0.12275057690007177, 
    0.12475864750230989, 
    0.12985589989867458, 
    0.03273001358979379, 
    0.016911731078326712, 
    0.11500909727676228, 
    0.15050780855490936
  ]
}