{
  "adv_t": [
    0,
    0,
    2,
    3,
    0,
    3,
    3
  ],
  "adv_w": [
    0,
    0,
    2,
    3,
    0,
    3,
    3
  ],
  "clfs": [
    "Nearest Neighbors",
    "RBF SVM",
    "Decision Tree",
    "Random Forest",
    "Neural Net",
    "Naive Bayes",
    "Linear SVM"
  ],
  "mean": [
    0.6407407407407406,
    0.5555555555555555,
    0.774074074074074,
    0.8037037037037038,
    0.5888888888888888,
    0.837037037037037,
    0.8444444444444447
  ],
  "parameters": {
    "cv_method": "k10",
    "db": "heart",
    "repetition": 5
  },
  "std": [
    0.12954141619333012,
    1.1702778228589004e-16,
    0.12277590015261053,
    0.09570887626328055,
    0.05644014543537017,
    0.08936770899187092,
    0.07768954430890014
  ]
}