{
  "adv_t": [
    1,
    0,
    3,
    3,
    0,
    4,
    3
  ],
  "adv_w": [
    0,
    0,
    3,
    3,
    0,
    4,
    3
  ],
  "clfs": [
    "Nearest Neighbors",
    "RBF SVM",
    "Decision Tree",
    "Random Forest",
    "Neural Net",
    "Naive Bayes",
    "Linear SVM"
  ],
  "mean": [
    0.6481481481481481,
    0.5555555555555555,
    0.7777777777777779,
    0.8185185185185185,
    0.5851851851851851,
    0.8444444444444444,
    0.837037037037037
  ],
  "parameters": {
    "cv_method": "k10",
    "db": "heart",
    "repetition": 8
  },
  "std": [
    0.12127705373079323,
    1.1702778228589004e-16,
    0.07808092988070074,
    0.05367176572662754,
    0.06485889153858614,
    0.03403468827676597,
    0.06343324730205002
  ]
}