{
  "adv_t": [
    2,
    0,
    3,
    4,
    1,
    5,
    4
  ],
  "adv_w": [
    1,
    0,
    3,
    4,
    1,
    5,
    4
  ],
  "clfs": [
    "Nearest Neighbors",
    "RBF SVM",
    "Decision Tree",
    "Random Forest",
    "Neural Net",
    "Naive Bayes",
    "Linear SVM"
  ],
  "mean": [
    0.6437037037037037,
    0.5555555555555555,
    0.7274074074074075,
    0.7977777777777778,
    0.6014814814814814,
    0.8400000000000002,
    0.8333333333333334
  ],
  "parameters": {
    "cv_method": "k2x5",
    "db": "heart",
    "repetition": 9
  },
  "std": [
    0.026467016683183433,
    1.1702778228589004e-16,
    0.045902024843939765,
    0.025908283238666018,
    0.05441070032924176,
    0.03316372027729545,
    0.05512867546115087
  ]
}