{
  "adv_t": [
    3, 
    4, 
    4, 
    0, 
    0, 
    4, 
    2
  ], 
  "adv_w": [
    3, 
    4, 
    4, 
    0, 
    0, 
    4, 
    2
  ], 
  "clfs": [
    "Decision Tree", 
    "Naive Bayes", 
    "Linear SVM", 
    "Neural Net", 
    "RBF SVM", 
    "Random Forest", 
    "Nearest Neighbors"
  ], 
  "mean": [
    0.7407407407407407, 
    0.8481481481481481, 
    0.8333333333333334, 
    0.548148148148148, 
    0.5555555555555555, 
    0.8000000000000002, 
    0.6592592592592592
  ], 
  "parameters": {
    "cv_method": "k10", 
    "db": "heart", 
    "repetition": 2
  }, 
  "std": [
    0.05237828008789241, 
    0.07081298962814807, 
    0.08235595101312551, 
    0.023424278964210215, 
    1.1702778228589004e-16, 
    0.05576093723770971, 
    0.06246474390456057
  ]
}