{
  "adv_t": [
    3, 
    3, 
    3, 
    0, 
    0, 
    3, 
    2
  ], 
  "adv_w": [
    2, 
    4, 
    3, 
    0, 
    0, 
    3, 
    2
  ], 
  "clfs": [
    "Decision Tree", 
    "Naive Bayes", 
    "Linear SVM", 
    "Neural Net", 
    "RBF SVM", 
    "Random Forest", 
    "Nearest Neighbors"
  ], 
  "mean": [
    0.7574175824175826, 
    0.8365384615384617, 
    0.8324175824175825, 
    0.5623626373626373, 
    0.5549450549450549, 
    0.8109890109890111, 
    0.6549450549450548
  ], 
  "parameters": {
    "cv_method": "k20", 
    "db": "heart", 
    "repetition": 0
  }, 
  "std": [
    0.11757775540342838, 
    0.08565782052591961, 
    0.10641557375486366, 
    0.049954854125138365, 
    0.016911731078326712, 
    0.09959591419955686, 
    0.10965272219457013
  ]
}