{
  "adv_t": [
    3, 
    3, 
    3, 
    1, 
    0, 
    3, 
    2
  ], 
  "adv_w": [
    3, 
    3, 
    4, 
    1, 
    0, 
    3, 
    2
  ], 
  "clfs": [
    "Decision Tree", 
    "Naive Bayes", 
    "Linear SVM", 
    "Neural Net", 
    "RBF SVM", 
    "Random Forest", 
    "Nearest Neighbors"
  ], 
  "mean": [
    0.7980769230769232, 
    0.8362637362637365, 
    0.847802197802198, 
    0.5848901098901098, 
    0.5549450549450549, 
    0.7983516483516484, 
    0.6469780219780218
  ], 
  "parameters": {
    "cv_method": "k20", 
    "db": "heart", 
    "repetition": 5
  }, 
  "std": [
    0.10556670160694072, 
    0.10070963861883674, 
    0.10490575786105061, 
    0.06661674246159204, 
    0.016911731078326712, 
    0.10970342731855594, 
    0.12263920500864285
  ]
}