{
  "adv_t": [
    2,
    0,
    2,
    3,
    0,
    3,
    3
  ],
  "adv_w": [
    0,
    0,
    2,
    3,
    0,
    4,
    4
  ],
  "clfs": [
    "Nearest Neighbors",
    "RBF SVM",
    "Decision Tree",
    "Random Forest",
    "Neural Net",
    "Naive Bayes",
    "Linear SVM"
  ],
  "mean": [
    0.6444444444444446,
    0.5555555555555555,
    0.7481481481481486,
    0.8111111111111113,
    0.5518518518518518,
    0.8370370370370372,
    0.8407407407407409
  ],
  "parameters": {
    "cv_method": "k30",
    "db": "heart",
    "repetition": 0
  },
  "std": [
    0.17844701619938627,
    1.1292025708167404e-16,
    0.14274966055368937,
    0.13098181819041366,
    0.020286020648339502,
    0.15641071272246462,
    0.13270392095620445
  ]
}