{
  "adv_t": [
    1,
    0,
    3,
    3,
    0,
    4,
    4
  ],
  "adv_w": [
    1,
    0,
    3,
    4,
    0,
    4,
    4
  ],
  "clfs": [
    "Nearest Neighbors",
    "RBF SVM",
    "Decision Tree",
    "Random Forest",
    "Neural Net",
    "Naive Bayes",
    "Linear SVM"
  ],
  "mean": [
    0.6321428571428572,
    0.5549450549450549,
    0.7431318681318682,
    0.8142857142857144,
    0.5766483516483516,
    0.8480769230769232,
    0.8445054945054945
  ],
  "parameters": {
    "cv_method": "k20",
    "db": "heart",
    "repetition": 4
  },
  "std": [
    0.13858306884795382,
    0.016911731078326712,
    0.12358138118361364,
    0.09774726981547639,
    0.07413511296300124,
    0.07479233118915542,
    0.0957850483362684
  ]
}