{
  "adv_t": [
    3, 
    3, 
    5, 
    1, 
    0, 
    3, 
    2
  ], 
  "adv_w": [
    3, 
    4, 
    5, 
    1, 
    0, 
    3, 
    2
  ], 
  "clfs": [
    "Decision Tree", 
    "Naive Bayes", 
    "Linear SVM", 
    "Neural Net", 
    "RBF SVM", 
    "Random Forest", 
    "Nearest Neighbors"
  ], 
  "mean": [
    0.7814814814814814, 
    0.8444444444444443, 
    0.8518518518518519, 
    0.6, 
    0.5555555555555555, 
    0.7962962962962964, 
    0.674074074074074
  ], 
  "parameters": {
    "cv_method": "k10", 
    "db": "heart", 
    "repetition": 5
  }, 
  "std": [
    0.07081298962814807, 
    0.09369711585684086, 
    0.057906367405227484, 
    0.07156235430217005, 
    1.1702778228589004e-16, 
    0.05310077325334955, 
    0.08517623857116217
  ]
}