{
  "adv_t": [
    2,
    0,
    3,
    4,
    0,
    5,
    5
  ],
  "adv_w": [
    2,
    0,
    3,
    4,
    0,
    6,
    5
  ],
  "clfs": [
    "Nearest Neighbors",
    "RBF SVM",
    "Decision Tree",
    "Random Forest",
    "Neural Net",
    "Naive Bayes",
    "Linear SVM"
  ],
  "mean": [
    0.6488888888888888,
    0.5555555555555555,
    0.7444444444444445,
    0.7925925925925925,
    0.5659259259259259,
    0.8362962962962962,
    0.8207407407407408
  ],
  "parameters": {
    "cv_method": "k2x5",
    "db": "heart",
    "repetition": 7
  },
  "std": [
    0.0298755228884033,
    1.1702778228589004e-16,
    0.04488804682147615,
    0.02469135802469136,
    0.022951012421969865,
    0.026696371201531878,
    0.023888171106069774
  ]
}