{
  "adv_t": [
    3, 
    3, 
    4, 
    0, 
    0, 
    3, 
    1
  ], 
  "adv_w": [
    3, 
    4, 
    4, 
    0, 
    0, 
    3, 
    1
  ], 
  "clfs": [
    "Decision Tree", 
    "Naive Bayes", 
    "Linear SVM", 
    "Neural Net", 
    "RBF SVM", 
    "Random Forest", 
    "Nearest Neighbors"
  ], 
  "mean": [
    0.7662087912087914, 
    0.8395604395604398, 
    0.8395604395604398, 
    0.5884615384615384, 
    0.5549450549450549, 
    0.7991758241758242, 
    0.6472527472527472
  ], 
  "parameters": {
    "cv_method": "k20", 
    "db": "heart", 
    "repetition": 9
  }, 
  "std": [
    0.13091853727396188, 
    0.10997105174032575, 
    0.08987117302769404, 
    0.09231836397592628, 
    0.016911731078326712, 
    0.1222317064574224, 
    0.1510171186215466
  ]
}