{
  "adv_t": [
    2,
    0,
    3,
    4,
    0,
    5,
    5
  ],
  "adv_w": [
    2,
    0,
    3,
    4,
    0,
    5,
    5
  ],
  "clfs": [
    "Nearest Neighbors",
    "RBF SVM",
    "Decision Tree",
    "Random Forest",
    "Neural Net",
    "Naive Bayes",
    "Linear SVM"
  ],
  "mean": [
    0.6437037037037038,
    0.5555555555555555,
    0.742962962962963,
    0.7844444444444445,
    0.5725925925925925,
    0.8392592592592593,
    0.8185185185185185
  ],
  "parameters": {
    "cv_method": "k2x5",
    "db": "heart",
    "repetition": 5
  },
  "std": [
    0.02165250495643827,
    1.1702778228589004e-16,
    0.037616860540470434,
    0.026002239243260786,
    0.036297136128689865,
    0.02660486666084142,
    0.041500583491287935
  ]
}