{
  "adv_t": [
    1,
    0,
    3,
    4,
    1,
    4,
    4
  ],
  "adv_w": [
    1,
    0,
    3,
    4,
    0,
    4,
    4
  ],
  "clfs": [
    "Nearest Neighbors",
    "RBF SVM",
    "Decision Tree",
    "Random Forest",
    "Neural Net",
    "Naive Bayes",
    "Linear SVM"
  ],
  "mean": [
    0.6333333333333333,
    0.5555555555555555,
    0.762962962962963,
    0.8185185185185186,
    0.6037037037037037,
    0.8481481481481481,
    0.8333333333333333
  ],
  "parameters": {
    "cv_method": "k10",
    "db": "heart",
    "repetition": 2
  },
  "std": [
    0.10097829652680755,
    1.1702778228589004e-16,
    0.05576093723770971,
    0.06636879039859564,
    0.08738438700832782,
    0.07081298962814812,
    0.08048398031114384
  ]
}