{
  "adv_t": [
    3, 
    4, 
    4, 
    1, 
    0, 
    3, 
    2
  ], 
  "adv_w": [
    3, 
    4, 
    5, 
    1, 
    0, 
    4, 
    2
  ], 
  "clfs": [
    "Decision Tree", 
    "Naive Bayes", 
    "Linear SVM", 
    "Neural Net", 
    "RBF SVM", 
    "Random Forest", 
    "Nearest Neighbors"
  ], 
  "mean": [
    0.7598901098901101, 
    0.8387362637362639, 
    0.8505494505494505, 
    0.5881868131868131, 
    0.5549450549450549, 
    0.815934065934066, 
    0.6549450549450548
  ], 
  "parameters": {
    "cv_method": "k20", 
    "db": "heart", 
    "repetition": 6
  }, 
  "std": [
    0.11486843698739058, 
    0.10534672208545134, 
    0.08999484820193847, 
    0.07511455351471477, 
    0.016911731078326712, 
    0.11528818025252809, 
    0.10422957178359286
  ]
}