{
  "adv_t": [
    1,
    0,
    3,
    3,
    0,
    3,
    3
  ],
  "adv_w": [
    1,
    0,
    3,
    3,
    0,
    3,
    4
  ],
  "clfs": [
    "Nearest Neighbors",
    "RBF SVM",
    "Decision Tree",
    "Random Forest",
    "Neural Net",
    "Naive Bayes",
    "Linear SVM"
  ],
  "mean": [
    0.6486263736263737,
    0.5549450549450549,
    0.7739010989010989,
    0.8079670329670332,
    0.5887362637362636,
    0.841758241758242,
    0.840934065934066
  ],
  "parameters": {
    "cv_method": "k20",
    "db": "heart",
    "repetition": 5
  },
  "std": [
    0.13297772758352602,
    0.016911731078326712,
    0.13225645301549185,
    0.1042429098518488,
    0.07890681391424884,
    0.10623774236588075,
    0.10117988747096067
  ]
}