{
  "adv_t": [
    2,
    0,
    3,
    3,
    0,
    3,
    3
  ],
  "adv_w": [
    2,
    0,
    3,
    3,
    0,
    4,
    4
  ],
  "clfs": [
    "Nearest Neighbors",
    "RBF SVM",
    "Decision Tree",
    "Random Forest",
    "Neural Net",
    "Naive Bayes",
    "Linear SVM"
  ],
  "mean": [
    0.6565934065934066,
    0.5549450549450549,
    0.7681318681318681,
    0.8107142857142857,
    0.5664835164835165,
    0.843131868131868,
    0.843131868131868
  ],
  "parameters": {
    "cv_method": "k20",
    "db": "heart",
    "repetition": 1
  },
  "std": [
    0.1382274683867409,
    0.016911731078326712,
    0.12812302860262773,
    0.12672487460082438,
    0.05631321476100377,
    0.11007034092312956,
    0.11248349602927685
  ]
}