{
  "adv_t": [
    3, 
    3, 
    3, 
    0, 
    0, 
    3, 
    1
  ], 
  "adv_w": [
    3, 
    3, 
    4, 
    0, 
    0, 
    3, 
    1
  ], 
  "clfs": [
    "Decision Tree", 
    "Naive Bayes", 
    "Linear SVM", 
    "Neural Net", 
    "RBF SVM", 
    "Random Forest", 
    "Nearest Neighbors"
  ], 
  "mean": [
    0.7884615384615384, 
    0.8321428571428573, 
    0.8467032967032969, 
    0.5796703296703296, 
    0.5549450549450549, 
    0.8057692307692308, 
    0.6541208791208791
  ], 
  "parameters": {
    "cv_method": "k20", 
    "db": "heart", 
    "repetition": 1
  }, 
  "std": [
    0.10745568366884552, 
    0.11110483909077265, 
    0.11256010271914028, 
    0.10103884604507726, 
    0.016911731078326712, 
    0.10385808775883701, 
    0.16106617416169405
  ]
}