{
  "adv_t": [
    2,
    0,
    3,
    3,
    0,
    3,
    3
  ],
  "adv_w": [
    1,
    0,
    3,
    3,
    0,
    3,
    3
  ],
  "clfs": [
    "Nearest Neighbors",
    "RBF SVM",
    "Decision Tree",
    "Random Forest",
    "Neural Net",
    "Naive Bayes",
    "Linear SVM"
  ],
  "mean": [
    0.6518518518518521,
    0.5555555555555555,
    0.8037037037037039,
    0.8148148148148149,
    0.5666666666666667,
    0.8407407407407409,
    0.8444444444444447
  ],
  "parameters": {
    "cv_method": "k30",
    "db": "heart",
    "repetition": 8
  },
  "std": [
    0.14802037913071964,
    1.1292025708167404e-16,
    0.1562745652606663,
    0.155318191461388,
    0.060858061945018464,
    0.14787650702888158,
    0.15329501436901302
  ]
}