{
  "adv_t": [
    3, 
    3, 
    3, 
    0, 
    0, 
    3, 
    1
  ], 
  "adv_w": [
    3, 
    3, 
    4, 
    0, 
    0, 
    3, 
    1
  ], 
  "clfs": [
    "Decision Tree", 
    "Naive Bayes", 
    "Linear SVM", 
    "Neural Net", 
    "RBF SVM", 
    "Random Forest", 
    "Nearest Neighbors"
  ], 
  "mean": [
    0.7777472527472529, 
    0.8376373626373628, 
    0.8420329670329672, 
    0.5739010989010989, 
    0.5549450549450549, 
    0.8173076923076925, 
    0.6593406593406594
  ], 
  "parameters": {
    "cv_method": "k20", 
    "db": "heart", 
    "repetition": 4
  }, 
  "std": [
    0.12343472066843525, 
    0.10250603405885934, 
    0.0845375130846669, 
    0.07631077049466777, 
    0.016911731078326712, 
    0.134207547825707, 
    0.1253954143512431
  ]
}