{
  "adv_t": [
    3, 
    3, 
    3, 
    0, 
    0, 
    3, 
    1
  ], 
  "adv_w": [
    3, 
    3, 
    3, 
    0, 
    0, 
    3, 
    2
  ], 
  "clfs": [
    "Decision Tree", 
    "Naive Bayes", 
    "Linear SVM", 
    "Neural Net", 
    "RBF SVM", 
    "Random Forest", 
    "Nearest Neighbors"
  ], 
  "mean": [
    0.778846153846154, 
    0.8428571428571429, 
    0.8453296703296704, 
    0.562087912087912, 
    0.5549450549450549, 
    0.8461538461538461, 
    0.6456043956043956
  ], 
  "parameters": {
    "cv_method": "k20", 
    "db": "heart", 
    "repetition": 3
  }, 
  "std": [
    0.11607624108352774, 
    0.1235366939042107, 
    0.11509196134520784, 
    0.03942444976983831, 
    0.016911731078326712, 
    0.09877248883511826, 
    0.14629163306362716
  ]
}