{
  "adv_t": [
    2,
    0,
    3,
    4,
    0,
    4,
    4
  ],
  "adv_w": [
    2,
    0,
    3,
    4,
    0,
    4,
    4
  ],
  "clfs": [
    "Nearest Neighbors",
    "RBF SVM",
    "Decision Tree",
    "Random Forest",
    "Neural Net",
    "Naive Bayes",
    "Linear SVM"
  ],
  "mean": [
    0.6496296296296297,
    0.5555555555555555,
    0.7488888888888889,
    0.8088888888888889,
    0.5792592592592591,
    0.8303703703703704,
    0.8222222222222223
  ],
  "parameters": {
    "cv_method": "k2x5",
    "db": "heart",
    "repetition": 4
  },
  "std": [
    0.034043643595504484,
    1.1702778228589004e-16,
    0.05403403444612123,
    0.030799933095333677,
    0.0682304030340306,
    0.022481342498943298,
    0.03728313301368272
  ]
}