{
  "adv_t": [
    3, 
    4, 
    4, 
    0, 
    0, 
    4, 
    1
  ], 
  "adv_w": [
    3, 
    4, 
    4, 
    0, 
    0, 
    4, 
    1
  ], 
  "clfs": [
    "Decision Tree", 
    "Naive Bayes", 
    "Linear SVM", 
    "Neural Net", 
    "RBF SVM", 
    "Random Forest", 
    "Nearest Neighbors"
  ], 
  "mean": [
    0.737037037037037, 
    0.8229629629629628, 
    0.8222222222222223, 
    0.5925925925925926, 
    0.5555555555555555, 
    0.8103703703703704, 
    0.6503703703703705
  ], 
  "parameters": {
    "cv_method": "k2x5", 
    "db": "heart", 
    "repetition": 2
  }, 
  "std": [
    0.04105750406991579, 
    0.034293443072526755, 
    0.03200365776991536, 
    0.051081878680437516, 
    1.1702778228589004e-16, 
    0.03316372027729544, 
    0.03773821861638084
  ]
}