{
  "adv_t": [
    0,
    0,
    3,
    3,
    0,
    3,
    3
  ],
  "adv_w": [
    0,
    0,
    3,
    3,
    0,
    4,
    4
  ],
  "clfs": [
    "Nearest Neighbors",
    "RBF SVM",
    "Decision Tree",
    "Random Forest",
    "Neural Net",
    "Naive Bayes",
    "Linear SVM"
  ],
  "mean": [
    0.6483516483516484,
    0.5549450549450549,
    0.8002747252747253,
    0.7810439560439559,
    0.5697802197802196,
    0.8307692307692307,
    0.8368131868131871
  ],
  "parameters": {
    "cv_method": "k20",
    "db": "heart",
    "repetition": 8
  },
  "std": [
    0.1656716772999117,
    0.016911731078326712,
    0.1329753377997192,
    0.10487811236453932,
    0.04852943286540965,
    0.12046566864816989,
    0.10517803650009115
  ]
}