{
  "adv_t": [
    3, 
    3, 
    3, 
    0, 
    0, 
    3, 
    2
  ], 
  "adv_w": [
    3, 
    4, 
    3, 
    0, 
    0, 
    3, 
    2
  ], 
  "clfs": [
    "Decision Tree", 
    "Naive Bayes", 
    "Linear SVM", 
    "Neural Net", 
    "RBF SVM", 
    "Random Forest", 
    "Nearest Neighbors"
  ], 
  "mean": [
    0.7814814814814818, 
    0.8407407407407409, 
    0.8444444444444448, 
    0.5666666666666665, 
    0.5555555555555555, 
    0.8259259259259262, 
    0.6407407407407408
  ], 
  "parameters": {
    "cv_method": "k30", 
    "db": "heart", 
    "repetition": 7
  }, 
  "std": [
    0.13524596684624843, 
    0.11918316190645689, 
    0.11888512902709422, 
    0.044730877770716534, 
    1.1292025708167404e-16, 
    0.11918316190645688, 
    0.16681559969781026
  ]
}