{
  "adv_t": [
    2, 
    3, 
    3, 
    0, 
    0, 
    3, 
    0
  ], 
  "adv_w": [
    1, 
    3, 
    3, 
    0, 
    0, 
    2, 
    0
  ], 
  "clfs": [
    "Decision Tree", 
    "Naive Bayes", 
    "Linear SVM", 
    "Neural Net", 
    "RBF SVM", 
    "Random Forest", 
    "Nearest Neighbors"
  ], 
  "mean": [
    0.7592592592592593, 
    0.8444444444444444, 
    0.8444444444444444, 
    0.5962962962962963, 
    0.5555555555555555, 
    0.8148148148148147, 
    0.6370370370370371
  ], 
  "parameters": {
    "cv_method": "k10", 
    "db": "heart", 
    "repetition": 6
  }, 
  "std": [
    0.12001371663718258, 
    0.0648588915385862, 
    0.07156235430217009, 
    0.056440145435370175, 
    1.1702778228589004e-16, 
    0.09876543209876544, 
    0.09205605867806045
  ]
}