{
  "adv_t": [
    2,
    0,
    3,
    4,
    1,
    4,
    4
  ],
  "adv_w": [
    2,
    0,
    3,
    4,
    0,
    4,
    4
  ],
  "clfs": [
    "Nearest Neighbors",
    "RBF SVM",
    "Decision Tree",
    "Random Forest",
    "Neural Net",
    "Naive Bayes",
    "Linear SVM"
  ],
  "mean": [
    0.6592592592592594,
    0.5555555555555555,
    0.7555555555555559,
    0.8111111111111114,
    0.5703703703703703,
    0.8407407407407409,
    0.8370370370370372
  ],
  "parameters": {
    "cv_method": "k30",
    "db": "heart",
    "repetition": 9
  },
  "std": [
    0.1797148617425615,
    1.1292025708167404e-16,
    0.13810121472574785,
    0.11726266303191626,
    0.048241387272811645,
    0.1358740474701958,
    0.14511583820940954
  ]
}