{
  "adv_t": [
    3, 
    4, 
    4, 
    1, 
    0, 
    3, 
    2
  ], 
  "adv_w": [
    3, 
    4, 
    5, 
    1, 
    0, 
    3, 
    2
  ], 
  "clfs": [
    "Decision Tree", 
    "Naive Bayes", 
    "Linear SVM", 
    "Neural Net", 
    "RBF SVM", 
    "Random Forest", 
    "Nearest Neighbors"
  ], 
  "mean": [
    0.777777777777778, 
    0.8407407407407409, 
    0.8407407407407409, 
    0.5666666666666667, 
    0.5555555555555555, 
    0.8111111111111113, 
    0.6518518518518519
  ], 
  "parameters": {
    "cv_method": "k30", 
    "db": "heart", 
    "repetition": 3
  }, 
  "std": [
    0.11301058393680172, 
    0.09080001712854184, 
    0.09537331518473052, 
    0.0339031751810405, 
    1.1292025708167404e-16, 
    0.12083856288502938, 
    0.14511583820940951
  ]
}