{
  "adv_t": [
    3, 
    3, 
    3, 
    0, 
    0, 
    3, 
    2
  ], 
  "adv_w": [
    3, 
    4, 
    3, 
    0, 
    0, 
    3, 
    0
  ], 
  "clfs": [
    "Decision Tree", 
    "Naive Bayes", 
    "Linear SVM", 
    "Neural Net", 
    "RBF SVM", 
    "Random Forest", 
    "Nearest Neighbors"
  ], 
  "mean": [
    0.792592592592593, 
    0.8444444444444448, 
    0.8444444444444448, 
    0.5555555555555555, 
    0.5555555555555555, 
    0.8148148148148152, 
    0.6444444444444444
  ], 
  "parameters": {
    "cv_method": "k30", 
    "db": "heart", 
    "repetition": 5
  }, 
  "std": [
    0.10813380124925072, 
    0.1114935945524402, 
    0.11888512902709422, 
    0.029179207302160566, 
    1.1292025708167404e-16, 
    0.11792636233449612, 
    0.16088304640013132
  ]
}