{
  "adv_t": [
    3, 
    6, 
    4, 
    1, 
    0, 
    4, 
    1
  ], 
  "adv_w": [
    3, 
    6, 
    4, 
    0, 
    0, 
    4, 
    1
  ], 
  "clfs": [
    "Decision Tree", 
    "Naive Bayes", 
    "Linear SVM", 
    "Neural Net", 
    "RBF SVM", 
    "Random Forest", 
    "Nearest Neighbors"
  ], 
  "mean": [
    0.7392592592592593, 
    0.8362962962962964, 
    0.805925925925926, 
    0.6029629629629629, 
    0.5555555555555555, 
    0.8103703703703704, 
    0.6385185185185185
  ], 
  "parameters": {
    "cv_method": "k2x5", 
    "db": "heart", 
    "repetition": 0
  }, 
  "std": [
    0.04158130258769558, 
    0.02759473297965138, 
    0.031193307056501255, 
    0.06590326516722267, 
    1.1702778228589004e-16, 
    0.024740691456543888, 
    0.025131872888887834
  ]
}