{
  "adv_t": [
    1,
    0,
    3,
    3,
    0,
    3,
    3
  ],
  "adv_w": [
    1,
    0,
    2,
    3,
    0,
    4,
    4
  ],
  "clfs": [
    "Nearest Neighbors",
    "RBF SVM",
    "Decision Tree",
    "Random Forest",
    "Neural Net",
    "Naive Bayes",
    "Linear SVM"
  ],
  "mean": [
    0.6481481481481481,
    0.5555555555555555,
    0.7592592592592593,
    0.8,
    0.5962962962962963,
    0.8407407407407407,
    0.837037037037037
  ],
  "parameters": {
    "cv_method": "k10",
    "db": "heart",
    "repetition": 1
  },
  "std": [
    0.08235595101312551,
    1.1702778228589004e-16,
    0.06355327247522838,
    0.04684855792842043,
    0.0897930693628058,
    0.06307180135528295,
    0.07847036336825035
  ]
}