{
  "adv_t": [
    3, 
    3, 
    4, 
    0, 
    0, 
    3, 
    2
  ], 
  "adv_w": [
    3, 
    4, 
    4, 
    0, 
    0, 
    3, 
    1
  ], 
  "clfs": [
    "Decision Tree", 
    "Naive Bayes", 
    "Linear SVM", 
    "Neural Net", 
    "RBF SVM", 
    "Random Forest", 
    "Nearest Neighbors"
  ], 
  "mean": [
    0.7851851851851852, 
    0.8370370370370374, 
    0.8481481481481483, 
    0.5666666666666665, 
    0.5555555555555555, 
    0.8185185185185188, 
    0.648148148148148
  ], 
  "parameters": {
    "cv_method": "k30", 
    "db": "heart", 
    "repetition": 0
  }, 
  "std": [
    0.14859447454652708, 
    0.11936162444001776, 
    0.12879681389930261, 
    0.06085806194501846, 
    1.1292025708167404e-16, 
    0.14140128650667028, 
    0.17768995276374772
  ]
}