{
  "adv_t": [
    2,
    0,
    3,
    3,
    1,
    3,
    4
  ],
  "adv_w": [
    2,
    0,
    3,
    4,
    1,
    4,
    4
  ],
  "clfs": [
    "Nearest Neighbors",
    "RBF SVM",
    "Decision Tree",
    "Random Forest",
    "Neural Net",
    "Naive Bayes",
    "Linear SVM"
  ],
  "mean": [
    0.6444444444444446,
    0.5555555555555555,
    0.792592592592593,
    0.8333333333333336,
    0.5740740740740741,
    0.8333333333333336,
    0.8407407407407409
  ],
  "parameters": {
    "cv_method": "k30",
    "db": "heart",
    "repetition": 2
  },
  "std": [
    0.16863461398934143,
    1.1292025708167404e-16,
    0.11200154066527354,
    0.10819939652446693,
    0.051237004153046016,
    0.11206487204758361,
    0.10793677624273079
  ]
}