{
  "adv_t": [
    0,
    0,
    3,
    3,
    0,
    3,
    3
  ],
  "adv_w": [
    0,
    0,
    3,
    3,
    0,
    3,
    4
  ],
  "clfs": [
    "Nearest Neighbors",
    "RBF SVM",
    "Decision Tree",
    "Random Forest",
    "Neural Net",
    "Naive Bayes",
    "Linear SVM"
  ],
  "mean": [
    0.6420329670329672,
    0.5549450549450549,
    0.7843406593406594,
    0.8365384615384617,
    0.5739010989010989,
    0.8321428571428571,
    0.8475274725274726
  ],
  "parameters": {
    "cv_method": "k20",
    "db": "heart",
    "repetition": 7
  },
  "std": [
    0.15724045188390473,
    0.016911731078326712,
    0.10837408568983044,
    0.0756709418016423,
    0.06891458363380795,
    0.10776539050639825,
    0.11076681800322867
  ]
}