{
  "adv_t": [
    3, 
    4, 
    4, 
    1, 
    0, 
    3, 
    1
  ], 
  "adv_w": [
    3, 
    5, 
    5, 
    1, 
    0, 
    3, 
    1
  ], 
  "clfs": [
    "Decision Tree", 
    "Naive Bayes", 
    "Linear SVM", 
    "Neural Net", 
    "RBF SVM", 
    "Random Forest", 
    "Nearest Neighbors"
  ], 
  "mean": [
    0.7814814814814814, 
    0.8407407407407408, 
    0.8444444444444444, 
    0.5925925925925924, 
    0.5555555555555555, 
    0.8037037037037038, 
    0.6296296296296295
  ], 
  "parameters": {
    "cv_method": "k10", 
    "db": "heart", 
    "repetition": 7
  }, 
  "std": [
    0.061604814567282215, 
    0.07620394746672084, 
    0.08517623857116219, 
    0.06295085819250348, 
    1.1702778228589004e-16, 
    0.09080580517744835, 
    0.11042310999998962
  ]
}