{
  "adv_t": [
    3, 
    3, 
    3, 
    0, 
    0, 
    3, 
    1
  ], 
  "adv_w": [
    2, 
    3, 
    3, 
    0, 
    0, 
    3, 
    0
  ], 
  "clfs": [
    "Decision Tree", 
    "Naive Bayes", 
    "Linear SVM", 
    "Neural Net", 
    "RBF SVM", 
    "Random Forest", 
    "Nearest Neighbors"
  ], 
  "mean": [
    0.7777777777777777, 
    0.8333333333333334, 
    0.8296296296296297, 
    0.5814814814814814, 
    0.5555555555555555, 
    0.8074074074074072, 
    0.6444444444444444
  ], 
  "parameters": {
    "cv_method": "k10", 
    "db": "heart", 
    "repetition": 9
  }, 
  "std": [
    0.052378280087892415, 
    0.05589743912430506, 
    0.05576093723770966, 
    0.039235181684125174, 
    1.1702778228589004e-16, 
    0.04552861460391549, 
    0.0893677089918709
  ]
}