{
  "adv_t": [
    3, 
    5, 
    5, 
    0, 
    0, 
    3, 
    2
  ], 
  "adv_w": [
    3, 
    5, 
    5, 
    0, 
    0, 
    3, 
    2
  ], 
  "clfs": [
    "Decision Tree", 
    "Naive Bayes", 
    "Linear SVM", 
    "Neural Net", 
    "RBF SVM", 
    "Random Forest", 
    "Nearest Neighbors"
  ], 
  "mean": [
    0.7888888888888893, 
    0.8444444444444449, 
    0.8481481481481484, 
    0.5666666666666665, 
    0.5555555555555555, 
    0.7888888888888893, 
    0.6518518518518519
  ], 
  "parameters": {
    "cv_method": "k30", 
    "db": "heart", 
    "repetition": 2
  }, 
  "std": [
    0.1316302469959814, 
    0.09500061616165488, 
    0.11104723579044778, 
    0.053406718350046956, 
    1.1292025708167404e-16, 
    0.12499467847335805, 
    0.14802037913071966
  ]
}