{
  "adv_t": [
    3, 
    5, 
    4, 
    0, 
    0, 
    4, 
    2
  ], 
  "adv_w": [
    3, 
    5, 
    4, 
    0, 
    0, 
    3, 
    1
  ], 
  "clfs": [
    "Decision Tree", 
    "Naive Bayes", 
    "Linear SVM", 
    "Neural Net", 
    "RBF SVM", 
    "Random Forest", 
    "Nearest Neighbors"
  ], 
  "mean": [
    0.7488888888888889, 
    0.837037037037037, 
    0.8229629629629631, 
    0.5785185185185184, 
    0.5555555555555555, 
    0.7985185185185185, 
    0.6459259259259259
  ], 
  "parameters": {
    "cv_method": "k2x5", 
    "db": "heart", 
    "repetition": 3
  }, 
  "std": [
    0.03653152966487362, 
    0.023939159789710264, 
    0.022750912592176667, 
    0.043954778551790696, 
    1.1702778228589004e-16, 
    0.02257605817414806, 
    0.011475506210984919
  ]
}