{
  "adv_t": [
    3, 
    3, 
    3, 
    0, 
    0, 
    3, 
    2
  ], 
  "adv_w": [
    3, 
    4, 
    4, 
    0, 
    0, 
    3, 
    2
  ], 
  "clfs": [
    "Decision Tree", 
    "Naive Bayes", 
    "Linear SVM", 
    "Neural Net", 
    "RBF SVM", 
    "Random Forest", 
    "Nearest Neighbors"
  ], 
  "mean": [
    0.7814814814814817, 
    0.8370370370370374, 
    0.8444444444444447, 
    0.5666666666666667, 
    0.5555555555555555, 
    0.8111111111111114, 
    0.6592592592592593
  ], 
  "parameters": {
    "cv_method": "k30", 
    "db": "heart", 
    "repetition": 1
  }, 
  "std": [
    0.14140128650667025, 
    0.11574010216937508, 
    0.10760759958033383, 
    0.05340671835004696, 
    1.1292025708167404e-16, 
    0.12083856288502938, 
    0.1542179306803311
  ]
}