{
  "adv_t": [
    3, 
    3, 
    3, 
    1, 
    0, 
    3, 
    1
  ], 
  "adv_w": [
    3, 
    4, 
    4, 
    0, 
    0, 
    3, 
    0
  ], 
  "clfs": [
    "Decision Tree", 
    "Naive Bayes", 
    "Linear SVM", 
    "Neural Net", 
    "RBF SVM", 
    "Random Forest", 
    "Nearest Neighbors"
  ], 
  "mean": [
    0.7851851851851851, 
    0.8370370370370368, 
    0.8333333333333334, 
    0.5703703703703703, 
    0.5555555555555555, 
    0.825925925925926, 
    0.6407407407407407
  ], 
  "parameters": {
    "cv_method": "k10", 
    "db": "heart", 
    "repetition": 4
  }, 
  "std": [
    0.07962723702023258, 
    0.07027283689263071, 
    0.06590789044463775, 
    0.02589651476963336, 
    1.1702778228589004e-16, 
    0.08562242412049238, 
    0.14612820473012642
  ]
}