{
  "adv_t": [
    3, 
    5, 
    4, 
    0, 
    0, 
    4, 
    2
  ], 
  "adv_w": [
    3, 
    5, 
    4, 
    0, 
    0, 
    4, 
    2
  ], 
  "clfs": [
    "Decision Tree", 
    "Naive Bayes", 
    "Linear SVM", 
    "Neural Net", 
    "RBF SVM", 
    "Random Forest", 
    "Nearest Neighbors"
  ], 
  "mean": [
    0.7266666666666668, 
    0.8422222222222222, 
    0.8148148148148147, 
    0.5807407407407407, 
    0.5555555555555555, 
    0.7859259259259259, 
    0.6437037037037038
  ], 
  "parameters": {
    "cv_method": "k2x5", 
    "db": "heart", 
    "repetition": 1
  }, 
  "std": [
    0.037356645670695465, 
    0.018820581728552624, 
    0.04375319789301074, 
    0.03334704793310445, 
    1.1702778228589004e-16, 
    0.03246702335521282, 
    0.01926875359518682
  ]
}