{
  "adv_t": [
    1,
    0,
    3,
    3,
    0,
    3,
    4
  ],
  "adv_w": [
    1,
    0,
    3,
    3,
    0,
    3,
    4
  ],
  "clfs": [
    "Nearest Neighbors",
    "RBF SVM",
    "Decision Tree",
    "Random Forest",
    "Neural Net",
    "Naive Bayes",
    "Linear SVM"
  ],
  "mean": [
    0.6445054945054944,
    0.5549450549450549,
    0.7516483516483518,
    0.8217032967032967,
    0.5656593406593406,
    0.8368131868131868,
    0.8480769230769232
  ],
  "parameters": {
    "cv_method": "k20",
    "db": "heart",
    "repetition": 3
  },
  "std": [
    0.13335507336264746,
    0.016911731078326712,
    0.11285193065782485,
    0.10447129763269088,
    0.04335458224719933,
    0.10164405286894328,
    0.0938948048238801
  ]
}