{
  "adv_t": [
    2,
    0,
    3,
    3,
    0,
    4,
    5
  ],
  "adv_w": [
    2,
    0,
    3,
    3,
    0,
    4,
    5
  ],
  "clfs": [
    "Nearest Neighbors",
    "RBF SVM",
    "Decision Tree",
    "Random Forest",
    "Neural Net",
    "Naive Bayes",
    "Linear SVM"
  ],
  "mean": [
    0.6407407407407406,
    0.5555555555555555,
    0.7740740740740741,
    0.8037037037037036,
    0.5592592592592591,
    0.837037037037037,
    0.8481481481481481
  ],
  "parameters": {
    "cv_method": "k10",
    "db": "heart",
    "repetition": 0
  },
  "std": [
    0.09246905338801978,
    1.1702778228589004e-16,
    0.07293360734687372,
    0.042944511434385386,
    0.027328325458245265,
    0.06343324730205002,
    0.05075260442245544
  ]
}