{
  "adv_t": [
    0,
    0,
    0,
    0,
    0,
    0,
    0
  ],
  "adv_w": [
    0,
    0,
    0,
    0,
    0,
    0,
    0
  ],
  "clfs": [
    "Nearest Neighbors",
    "RBF SVM",
    "Decision Tree",
    "Random Forest",
    "Neural Net",
    "Naive Bayes",
    "Linear SVM"
  ],
  "mean": [
    0.8523856209150328,
    0.8967460317460316,
    0.903688141923436,
    0.9116900093370683,
    0.8545098039215686,
    0.8891409897292251,
    0.8518160597572362
  ],
  "parameters": {
    "cv_method": "k10",
    "db": "ionosphere",
    "repetition": 5
  },
  "std": [
    0.04847067372428665,
    0.04242930191603617,
    0.048798676120156405,
    0.055524467759189816,
    0.0622883780176045,
    0.037936589517990386,
    0.06388320795161552
  ]
}