{
  "adv_t": [
    0,
    0,
    0,
    2,
    0,
    0,
    0
  ],
  "adv_w": [
    0,
    0,
    0,
    4,
    1,
    0,
    0
  ],
  "clfs": [
    "Nearest Neighbors",
    "RBF SVM",
    "Decision Tree",
    "Random Forest",
    "Neural Net",
    "Naive Bayes",
    "Linear SVM"
  ],
  "mean": [
    0.8474164724164723,
    0.8939588189588189,
    0.8746503496503498,
    0.9111693861693861,
    0.8778749028749027,
    0.8880730380730381,
    0.8622766122766122
  ],
  "parameters": {
    "cv_method": "k30",
    "db": "ionosphere",
    "repetition": 6
  },
  "std": [
    0.09152506022276208,
    0.09119556861859898,
    0.08363503197806635,
    0.09042872496917705,
    0.08552358115576436,
    0.07896497417823574,
    0.09767880640361783
  ]
}