{
  "adv_t": [
    2, 
    4, 
    0, 
    0, 
    2, 
    6, 
    0
  ], 
  "adv_w": [
    2, 
    3, 
    0, 
    0, 
    1, 
    6, 
    0
  ], 
  "clfs": [
    "Decision Tree", 
    "Naive Bayes", 
    "Linear SVM", 
    "Neural Net", 
    "RBF SVM", 
    "Random Forest", 
    "Nearest Neighbors"
  ], 
  "mean": [
    0.8700974025974026, 
    0.8843474025974027, 
    0.8563896103896106, 
    0.8501363636363637, 
    0.8654999999999999, 
    0.909392857142857, 
    0.845
  ], 
  "parameters": {
    "cv_method": "k2x5", 
    "db": "ionosphere", 
    "repetition": 7
  }, 
  "std": [
    0.026633730784935986, 
    0.023777809703002944, 
    0.024467917724438803, 
    0.0196261798187483, 
    0.01787371132187181, 
    0.013636338297921895, 
    0.017495498407705437
  ]
}