{
  "adv_t": [
    0,
    1,
    0,
    2,
    0,
    1,
    0
  ],
  "adv_w": [
    0,
    2,
    0,
    3,
    1,
    2,
    0
  ],
  "clfs": [
    "Nearest Neighbors",
    "RBF SVM",
    "Decision Tree",
    "Random Forest",
    "Neural Net",
    "Naive Bayes",
    "Linear SVM"
  ],
  "mean": [
    0.8452356381148952,
    0.8913312693498454,
    0.8794203646370831,
    0.9119367045063642,
    0.8770983832129344,
    0.892277261781906,
    0.8574389404884762
  ],
  "parameters": {
    "cv_method": "k20",
    "db": "ionosphere",
    "repetition": 6
  },
  "std": [
    0.08497182076680095,
    0.0679549953158794,
    0.05735709201625154,
    0.06768529168672394,
    0.0842873336667521,
    0.07742526880640813,
    0.06450551333022475
  ]
}