{
  "adv_t": [
    0, 
    0, 
    0, 
    0, 
    0, 
    1, 
    0
  ], 
  "adv_w": [
    0, 
    0, 
    0, 
    0, 
    1, 
    2, 
    0
  ], 
  "clfs": [
    "Decision Tree", 
    "Naive Bayes", 
    "Linear SVM", 
    "Neural Net", 
    "RBF SVM", 
    "Random Forest", 
    "Nearest Neighbors"
  ], 
  "mean": [
    0.8822153422772618, 
    0.8913484692122463, 
    0.860543515651875, 
    0.843042655658755, 
    0.8896456828345375, 
    0.9028035775713796, 
    0.8490884072927418
  ], 
  "parameters": {
    "cv_method": "k20", 
    "db": "ionosphere", 
    "repetition": 8
  }, 
  "std": [
    0.07914096429069038, 
    0.0852957862114397, 
    0.06799645453054223, 
    0.07721286395902287, 
    0.05191493209352438, 
    0.05080155554055199, 
    0.08227006364167654
  ]
}