{
  "adv_t": [
    3, 
    2, 
    1, 
    0, 
    3, 
    6, 
    0
  ], 
  "adv_w": [
    3, 
    2, 
    1, 
    0, 
    3, 
    6, 
    0
  ], 
  "clfs": [
    "Decision Tree", 
    "Naive Bayes", 
    "Linear SVM", 
    "Neural Net", 
    "RBF SVM", 
    "Random Forest", 
    "Nearest Neighbors"
  ], 
  "mean": [
    0.8803831168831169, 
    0.8735454545454544, 
    0.8564025974025975, 
    0.8467142857142858, 
    0.8746688311688311, 
    0.9065876623376623, 
    0.8359058441558445
  ], 
  "parameters": {
    "cv_method": "k2x5", 
    "db": "ionosphere", 
    "repetition": 4
  }, 
  "std": [
    0.030645084785187834, 
    0.034170386980747654, 
    0.0139971160426056, 
    0.01897070880548742, 
    0.028952843267969392, 
    0.01765458679191333, 
    0.02692191072864556
  ]
}