{
  "adv_t": [
    0,
    0,
    0,
    4,
    0,
    0,
    0
  ],
  "adv_w": [
    0,
    0,
    0,
    4,
    0,
    0,
    0
  ],
  "clfs": [
    "Nearest Neighbors",
    "RBF SVM",
    "Decision Tree",
    "Random Forest",
    "Neural Net",
    "Naive Bayes",
    "Linear SVM"
  ],
  "mean": [
    0.8489422084623323,
    0.8910560715514277,
    0.8591589267285864,
    0.9082301341589268,
    0.8599243206054353,
    0.8811317509459926,
    0.8619367045063641
  ],
  "parameters": {
    "cv_method": "k20",
    "db": "ionosphere",
    "repetition": 3
  },
  "std": [
    0.0850941058064895,
    0.08305821998668271,
    0.07959471916575185,
    0.07186138251149272,
    0.048234382552092336,
    0.08440913740765485,
    0.06881413807680556
  ]
}