{
  "adv_t": [
    0, 
    0, 
    0, 
    0, 
    0, 
    3, 
    0
  ], 
  "adv_w": [
    0, 
    0, 
    0, 
    0, 
    0, 
    1, 
    0
  ], 
  "clfs": [
    "Decision Tree", 
    "Naive Bayes", 
    "Linear SVM", 
    "Neural Net", 
    "RBF SVM", 
    "Random Forest", 
    "Nearest Neighbors"
  ], 
  "mean": [
    0.8834313725490196, 
    0.8856349206349206, 
    0.8571988795518207, 
    0.8541036414565826, 
    0.8950280112044817, 
    0.9171661998132589, 
    0.8433986928104575
  ], 
  "parameters": {
    "cv_method": "k10", 
    "db": "ionosphere", 
    "repetition": 2
  }, 
  "std": [
    0.045278456225505255, 
    0.03664248469999893, 
    0.041057537624610105, 
    0.04546062126474995, 
    0.05466008031901187, 
    0.05032720182667718, 
    0.059307458291567555
  ]
}