{
  "adv_t": [
    2, 
    2, 
    0, 
    0, 
    2, 
    6, 
    0
  ], 
  "adv_w": [
    0, 
    0, 
    0, 
    0, 
    1, 
    4, 
    0
  ], 
  "clfs": [
    "Decision Tree", 
    "Naive Bayes", 
    "Linear SVM", 
    "Neural Net", 
    "RBF SVM", 
    "Random Forest", 
    "Nearest Neighbors"
  ], 
  "mean": [
    0.8786168831168831, 
    0.8808603896103895, 
    0.8541753246753245, 
    0.8489902597402598, 
    0.8757629870129868, 
    0.9117142857142857, 
    0.8421558441558441
  ], 
  "parameters": {
    "cv_method": "k2x5", 
    "db": "ionosphere", 
    "repetition": 5
  }, 
  "std": [
    0.01987223531461027, 
    0.026363984005626638, 
    0.030163726655156993, 
    0.019876344473742508, 
    0.020743076259372918, 
    0.019598463303853467, 
    0.0254397669647484
  ]
}