{
  "adv_t": [
    3, 
    5, 
    1, 
    0, 
    3, 
    5, 
    0
  ], 
  "adv_w": [
    3, 
    3, 
    1, 
    0, 
    3, 
    5, 
    0
  ], 
  "clfs": [
    "Decision Tree", 
    "Naive Bayes", 
    "Linear SVM", 
    "Neural Net", 
    "RBF SVM", 
    "Random Forest", 
    "Nearest Neighbors"
  ], 
  "mean": [
    0.867805194805195, 
    0.8900097402597401, 
    0.8490162337662339, 
    0.8444545454545453, 
    0.871224025974026, 
    0.901448051948052, 
    0.8353181818181818
  ], 
  "parameters": {
    "cv_method": "k2x5", 
    "db": "ionosphere", 
    "repetition": 6
  }, 
  "std": [
    0.01874436504470458, 
    0.025852375883547638, 
    0.018716806103080817, 
    0.029828633576583483, 
    0.018063033504424068, 
    0.023427079986315383, 
    0.01105216085445995
  ]
}