{
  "adv_t": [
    1, 
    1, 
    0, 
    0, 
    1, 
    4, 
    0
  ], 
  "adv_w": [
    2, 
    2, 
    0, 
    0, 
    1, 
    5, 
    0
  ], 
  "clfs": [
    "Decision Tree", 
    "Naive Bayes", 
    "Linear SVM", 
    "Neural Net", 
    "RBF SVM", 
    "Random Forest", 
    "Nearest Neighbors"
  ], 
  "mean": [
    0.8862487100103202, 
    0.8891726866185072, 
    0.8667354661162714, 
    0.8651874785001722, 
    0.8953818369453046, 
    0.92046783625731, 
    0.8461472308221536
  ], 
  "parameters": {
    "cv_method": "k20", 
    "db": "ionosphere", 
    "repetition": 7
  }, 
  "std": [
    0.0444584539094427, 
    0.053835967713340066, 
    0.0716014081128173, 
    0.06490535730756607, 
    0.05786154146649645, 
    0.06432381584238259, 
    0.06355687547314001
  ]
}