{
  "adv_t": [
    0, 
    0, 
    0, 
    0, 
    0, 
    4, 
    0
  ], 
  "adv_w": [
    0, 
    0, 
    0, 
    1, 
    1, 
    5, 
    0
  ], 
  "clfs": [
    "Decision Tree", 
    "Naive Bayes", 
    "Linear SVM", 
    "Neural Net", 
    "RBF SVM", 
    "Random Forest", 
    "Nearest Neighbors"
  ], 
  "mean": [
    0.8719094304388422, 
    0.8834313725490197, 
    0.8517320261437907, 
    0.8687254901960785, 
    0.8859617180205417, 
    0.9172502334267041, 
    0.8429878618113913
  ], 
  "parameters": {
    "cv_method": "k10", 
    "db": "ionosphere", 
    "repetition": 7
  }, 
  "std": [
    0.05848427196019187, 
    0.06257410015846554, 
    0.07228898848372622, 
    0.045281076884168645, 
    0.04457445370328039, 
    0.034273783277402416, 
    0.048243003701935246
  ]
}