{
  "adv_t": [
    0,
    0,
    0,
    2,
    0,
    0,
    0
  ],
  "adv_w": [
    0,
    0,
    0,
    5,
    0,
    1,
    0
  ],
  "clfs": [
    "Nearest Neighbors",
    "RBF SVM",
    "Decision Tree",
    "Random Forest",
    "Neural Net",
    "Naive Bayes",
    "Linear SVM"
  ],
  "mean": [
    0.8487908496732025,
    0.8914285714285715,
    0.8688888888888888,
    0.9201120448179271,
    0.8659430438842202,
    0.8857142857142856,
    0.8610457516339869
  ],
  "parameters": {
    "cv_method": "k10",
    "db": "ionosphere",
    "repetition": 8
  },
  "std": [
    0.05904060044968673,
    0.036241219289237105,
    0.045003690262157156,
    0.0680267513816448,
    0.030092043096788867,
    0.05070253933797231,
    0.0615197079027541
  ]
}