{
  "adv_t": [
    0,
    0,
    0,
    2,
    0,
    0,
    0
  ],
  "adv_w": [
    0,
    0,
    0,
    1,
    0,
    0,
    0
  ],
  "clfs": [
    "Nearest Neighbors",
    "RBF SVM",
    "Decision Tree",
    "Random Forest",
    "Neural Net",
    "Naive Bayes",
    "Linear SVM"
  ],
  "mean": [
    0.8565187478500175,
    0.894745442036464,
    0.8780443756449949,
    0.9108445132438941,
    0.8579119367045065,
    0.8857929136566909,
    0.859623323013416
  ],
  "parameters": {
    "cv_method": "k20",
    "db": "ionosphere",
    "repetition": 8
  },
  "std": [
    0.07917743168127211,
    0.05641037288588123,
    0.06595134730004297,
    0.04038159076183097,
    0.06707407571464821,
    0.0804020683585709,
    0.08316384167809406
  ]
}