{
  "adv_t": [
    0,
    0,
    0,
    1,
    0,
    0,
    0
  ],
  "adv_w": [
    0,
    0,
    0,
    1,
    0,
    0,
    0
  ],
  "clfs": [
    "Nearest Neighbors",
    "RBF SVM",
    "Decision Tree",
    "Random Forest",
    "Neural Net",
    "Naive Bayes",
    "Linear SVM"
  ],
  "mean": [
    0.8480963480963478,
    0.8955322455322453,
    0.8703962703962703,
    0.908061383061383,
    0.8592463092463092,
    0.8882478632478633,
    0.8592463092463091
  ],
  "parameters": {
    "cv_method": "k30",
    "db": "ionosphere",
    "repetition": 2
  },
  "std": [
    0.08747423452926054,
    0.07283553257757364,
    0.08813709875459584,
    0.0751109592589213,
    0.0870273553657658,
    0.09094395179141103,
    0.08691128840377789
  ]
}