{
  "adv_t": [
    0, 
    0, 
    0, 
    0, 
    0, 
    2, 
    0
  ], 
  "adv_w": [
    0, 
    0, 
    0, 
    0, 
    0, 
    3, 
    0
  ], 
  "clfs": [
    "Decision Tree", 
    "Naive Bayes", 
    "Linear SVM", 
    "Neural Net", 
    "RBF SVM", 
    "Random Forest", 
    "Nearest Neighbors"
  ], 
  "mean": [
    0.8692208462332301, 
    0.8899552803577573, 
    0.8560543515651876, 
    0.8373409012727899, 
    0.8918214654282768, 
    0.911480908152735, 
    0.8441348469212249
  ], 
  "parameters": {
    "cv_method": "k20", 
    "db": "ionosphere", 
    "repetition": 0
  }, 
  "std": [
    0.0729116428187344, 
    0.05628987620003851, 
    0.07193465416253579, 
    0.06606748558782272, 
    0.06854935885555587, 
    0.05811325478905607, 
    0.06745558954221678
  ]
}