{
  "adv_t": [
    0,
    0,
    0,
    3,
    0,
    0,
    0
  ],
  "adv_w": [
    0,
    0,
    0,
    4,
    0,
    1,
    0
  ],
  "clfs": [
    "Nearest Neighbors",
    "RBF SVM",
    "Decision Tree",
    "Random Forest",
    "Neural Net",
    "Naive Bayes",
    "Linear SVM"
  ],
  "mean": [
    0.854267040149393,
    0.8797572362278243,
    0.8858870214752569,
    0.9116153127917833,
    0.8576143790849672,
    0.8919281045751635,
    0.8539355742296918
  ],
  "parameters": {
    "cv_method": "k10",
    "db": "ionosphere",
    "repetition": 3
  },
  "std": [
    0.06503185937918993,
    0.08027671075184423,
    0.07017588926885411,
    0.038843935505689535,
    0.04345355364328124,
    0.04906123867650544,
    0.061731489664296035
  ]
}