{
  "adv_t": [
    0, 
    0, 
    0, 
    0, 
    0, 
    4, 
    0
  ], 
  "adv_w": [
    0, 
    0, 
    0, 
    0, 
    0, 
    5, 
    0
  ], 
  "clfs": [
    "Decision Tree", 
    "Naive Bayes", 
    "Linear SVM", 
    "Neural Net", 
    "RBF SVM", 
    "Random Forest", 
    "Nearest Neighbors"
  ], 
  "mean": [
    0.8764763014763016, 
    0.8883644133644133, 
    0.8643162393162391, 
    0.8643550893550892, 
    0.888092463092463, 
    0.9206876456876459, 
    0.8468531468531466
  ], 
  "parameters": {
    "cv_method": "k30", 
    "db": "ionosphere", 
    "repetition": 2
  }, 
  "std": [
    0.09461604356633199, 
    0.09634670738977556, 
    0.09662880933770915, 
    0.08988905293682221, 
    0.08089238286445659, 
    0.06624086114776168, 
    0.107380791506231
  ]
}