{
  "adv_t": [
    0, 
    0, 
    0, 
    0, 
    0, 
    4, 
    0
  ], 
  "adv_w": [
    0, 
    1, 
    0, 
    0, 
    1, 
    5, 
    0
  ], 
  "clfs": [
    "Decision Tree", 
    "Naive Bayes", 
    "Linear SVM", 
    "Neural Net", 
    "RBF SVM", 
    "Random Forest", 
    "Nearest Neighbors"
  ], 
  "mean": [
    0.8775541795665637, 
    0.895218438252494, 
    0.864559683522532, 
    0.8623925008599933, 
    0.8924406604747162, 
    0.9263329893360854, 
    0.8500171998624013
  ], 
  "parameters": {
    "cv_method": "k20", 
    "db": "ionosphere", 
    "repetition": 3
  }, 
  "std": [
    0.06295752866507197, 
    0.06711194258276736, 
    0.06597679260507537, 
    0.06701342783914277, 
    0.06239575573472603, 
    0.06962231957521023, 
    0.07750596667949422
  ]
}