{
  "adv_t": [
    1, 
    2, 
    0, 
    0, 
    1, 
    5, 
    0
  ], 
  "adv_w": [
    2, 
    2, 
    0, 
    0, 
    1, 
    5, 
    0
  ], 
  "clfs": [
    "Decision Tree", 
    "Naive Bayes", 
    "Linear SVM", 
    "Neural Net", 
    "RBF SVM", 
    "Random Forest", 
    "Nearest Neighbors"
  ], 
  "mean": [
    0.882038961038961, 
    0.884366883116883, 
    0.8597759740259739, 
    0.8496136363636364, 
    0.8689383116883118, 
    0.9082727272727272, 
    0.8393019480519481
  ], 
  "parameters": {
    "cv_method": "k2x5", 
    "db": "ionosphere", 
    "repetition": 3
  }, 
  "std": [
    0.04259364039891974, 
    0.021783427890164086, 
    0.030912654439770433, 
    0.03136844394601899, 
    0.013214893303197675, 
    0.012634221569056884, 
    0.01622433528364916
  ]
}