{
  "adv_t": [
    0,
    2,
    2,
    6,
    0,
    3,
    0
  ],
  "adv_w": [
    0,
    1,
    2,
    6,
    0,
    3,
    0
  ],
  "clfs": [
    "Nearest Neighbors",
    "RBF SVM",
    "Decision Tree",
    "Random Forest",
    "Neural Net",
    "Naive Bayes",
    "Linear SVM"
  ],
  "mean": [
    0.845,
    0.8700616883116883,
    0.8769383116883116,
    0.9054123376623375,
    0.8501363636363637,
    0.8843474025974027,
    0.8541103896103894
  ],
  "parameters": {
    "cv_method": "k2x5",
    "db": "ionosphere",
    "repetition": 7
  },
  "std": [
    0.017495498407705437,
    0.017354080527679627,
    0.028521503220693478,
    0.01546381191448463,
    0.0196261798187483,
    0.023777809703002944,
    0.023632826234195305
  ]
}