{
  "adv_t": [
    0,
    1,
    0,
    3,
    0,
    0,
    0
  ],
  "adv_w": [
    0,
    2,
    2,
    3,
    0,
    0,
    0
  ],
  "clfs": [
    "Nearest Neighbors",
    "RBF SVM",
    "Decision Tree",
    "Random Forest",
    "Neural Net",
    "Naive Bayes",
    "Linear SVM"
  ],
  "mean": [
    0.8515565875472998,
    0.8942896456828346,
    0.8865411076711389,
    0.9010835913312695,
    0.8600705194358447,
    0.8867045063639493,
    0.8577485380116959
  ],
  "parameters": {
    "cv_method": "k20",
    "db": "ionosphere",
    "repetition": 7
  },
  "std": [
    0.07886914977988234,
    0.06692400630553294,
    0.07052268751503349,
    0.0812779234597048,
    0.06547640009526137,
    0.07489493865599539,
    0.07910475319219032
  ]
}