{
  "adv_t": [
    0,
    2,
    3,
    5,
    0,
    5,
    1
  ],
  "adv_w": [
    0,
    2,
    3,
    5,
    0,
    5,
    1
  ],
  "clfs": [
    "Nearest Neighbors",
    "RBF SVM",
    "Decision Tree",
    "Random Forest",
    "Neural Net",
    "Naive Bayes",
    "Linear SVM"
  ],
  "mean": [
    0.8353181818181818,
    0.8644025974025974,
    0.867224025974026,
    0.9014220779220781,
    0.8444545454545453,
    0.8900097402597401,
    0.8507240259740259
  ],
  "parameters": {
    "cv_method": "k2x5",
    "db": "ionosphere",
    "repetition": 6
  },
  "std": [
    0.01105216085445995,
    0.019393517842898438,
    0.020527523048518258,
    0.018405758597546864,
    0.029828633576583483,
    0.025852375883547638,
    0.01940798816927635
  ]
}