{
  "adv_t": [
    0, 
    2, 
    0, 
    0, 
    2, 
    4, 
    0
  ], 
  "adv_w": [
    0, 
    2, 
    0, 
    0, 
    2, 
    6, 
    0
  ], 
  "clfs": [
    "Decision Tree", 
    "Naive Bayes", 
    "Linear SVM", 
    "Neural Net", 
    "RBF SVM", 
    "Random Forest", 
    "Nearest Neighbors"
  ], 
  "mean": [
    0.8504079254079252, 
    0.8890054390054389, 
    0.866025641025641, 
    0.8667443667443668, 
    0.8928321678321678, 
    0.917871017871018, 
    0.8480963480963482
  ], 
  "parameters": {
    "cv_method": "k30", 
    "db": "ionosphere", 
    "repetition": 5
  }, 
  "std": [
    0.08193457900793902, 
    0.08561992866665791, 
    0.09281832179012839, 
    0.07658044772368096, 
    0.0715456791467459, 
    0.05997538190993634, 
    0.09605549348192653
  ]
}