{
  "adv_t": [
    0,
    0,
    0,
    3,
    0,
    0,
    0
  ],
  "adv_w": [
    0,
    1,
    1,
    5,
    0,
    1,
    0
  ],
  "clfs": [
    "Nearest Neighbors",
    "RBF SVM",
    "Decision Tree",
    "Random Forest",
    "Neural Net",
    "Naive Bayes",
    "Linear SVM"
  ],
  "mean": [
    0.8521929824561406,
    0.8916752665978673,
    0.8918042655658756,
    0.9289473684210527,
    0.8716890264877882,
    0.8890264877880979,
    0.8636480908152736
  ],
  "parameters": {
    "cv_method": "k20",
    "db": "ionosphere",
    "repetition": 1
  },
  "std": [
    0.07265460950578619,
    0.06133668379433408,
    0.05268827408393816,
    0.066427666891699,
    0.061879459266353694,
    0.07634123818280117,
    0.07960570439741693
  ]
}