{
  "adv_t": [
    0, 
    0, 
    0, 
    0, 
    0, 
    1, 
    0
  ], 
  "adv_w": [
    0, 
    0, 
    0, 
    0, 
    0, 
    2, 
    0
  ], 
  "clfs": [
    "Decision Tree", 
    "Naive Bayes", 
    "Linear SVM", 
    "Neural Net", 
    "RBF SVM", 
    "Random Forest", 
    "Nearest Neighbors"
  ], 
  "mean": [
    0.8710698314413486, 
    0.8857585139318888, 
    0.865823873409013, 
    0.8563811489508085, 
    0.8945992432060546, 
    0.9168902648778812, 
    0.8450722394220849
  ], 
  "parameters": {
    "cv_method": "k20", 
    "db": "ionosphere", 
    "repetition": 4
  }, 
  "std": [
    0.06228431429822322, 
    0.05257787519771258, 
    0.0803255362008271, 
    0.09394712049999937, 
    0.06495931058715508, 
    0.04403948317118334, 
    0.06458988287879149
  ]
}