{
  "adv_t": [
    0,
    0,
    0,
    2,
    0,
    0,
    0
  ],
  "adv_w": [
    0,
    0,
    0,
    2,
    0,
    0,
    0
  ],
  "clfs": [
    "Nearest Neighbors",
    "RBF SVM",
    "Decision Tree",
    "Random Forest",
    "Neural Net",
    "Naive Bayes",
    "Linear SVM"
  ],
  "mean": [
    0.8487908496732025,
    0.8854621848739497,
    0.8714145658263306,
    0.9256582633053222,
    0.871577964519141,
    0.8948599439775912,
    0.8656956115779646
  ],
  "parameters": {
    "cv_method": "k10",
    "db": "ionosphere",
    "repetition": 0
  },
  "std": [
    0.059913458107471555,
    0.053617865840033474,
    0.06558850853946127,
    0.04360395391375321,
    0.05545771264668345,
    0.053123543808911475,
    0.045670502113706386
  ]
}