{
  "adv_t": [
    0, 
    0, 
    0, 
    0, 
    0, 
    3, 
    0
  ], 
  "adv_w": [
    0, 
    0, 
    0, 
    0, 
    0, 
    4, 
    0
  ], 
  "clfs": [
    "Decision Tree", 
    "Naive Bayes", 
    "Linear SVM", 
    "Neural Net", 
    "RBF SVM", 
    "Random Forest", 
    "Nearest Neighbors"
  ], 
  "mean": [
    0.8883239962651727, 
    0.8942950513538749, 
    0.866591970121382, 
    0.8661811391223155, 
    0.8976377217553688, 
    0.9114472455648928, 
    0.8606302521008404
  ], 
  "parameters": {
    "cv_method": "k10", 
    "db": "ionosphere", 
    "repetition": 0
  }, 
  "std": [
    0.04478629776851045, 
    0.042613336392016844, 
    0.060571555345399306, 
    0.05488829047562256, 
    0.049360039901014535, 
    0.028912270047009164, 
    0.05948513274897972
  ]
}