{
  "adv_t": [
    0,
    0,
    0,
    2,
    0,
    0,
    0
  ],
  "adv_w": [
    0,
    0,
    0,
    4,
    0,
    0,
    0
  ],
  "clfs": [
    "Nearest Neighbors",
    "RBF SVM",
    "Decision Tree",
    "Random Forest",
    "Neural Net",
    "Naive Bayes",
    "Linear SVM"
  ],
  "mean": [
    0.852356381148951,
    0.8944530443756451,
    0.8716890264877882,
    0.9063639490884075,
    0.8636480908152736,
    0.892733058135535,
    0.8679910560715516
  ],
  "parameters": {
    "cv_method": "k20",
    "db": "ionosphere",
    "repetition": 9
  },
  "std": [
    0.0720541329054153,
    0.06590250163107521,
    0.062463686765637357,
    0.07129056913936034,
    0.05973691070903111,
    0.07754069853399917,
    0.08073175846643062
  ]
}