{
  "adv_t": [
    0,
    1,
    0,
    3,
    0,
    0,
    0
  ],
  "adv_w": [
    0,
    2,
    0,
    5,
    0,
    1,
    0
  ],
  "clfs": [
    "Nearest Neighbors",
    "RBF SVM",
    "Decision Tree",
    "Random Forest",
    "Neural Net",
    "Naive Bayes",
    "Linear SVM"
  ],
  "mean": [
    0.8488927738927736,
    0.897960372960373,
    0.8790598290598288,
    0.9196192696192697,
    0.8491452991452989,
    0.8879370629370628,
    0.8578088578088577
  ],
  "parameters": {
    "cv_method": "k30",
    "db": "ionosphere",
    "repetition": 9
  },
  "std": [
    0.09498904152498996,
    0.0802569608054896,
    0.0774066849134923,
    0.08184617432406317,
    0.11022310357397332,
    0.08198701473897176,
    0.09758437080933689
  ]
}