{
  "adv_t": [
    0,
    0,
    0,
    2,
    0,
    0,
    0
  ],
  "adv_w": [
    0,
    0,
    0,
    2,
    0,
    0,
    0
  ],
  "clfs": [
    "Nearest Neighbors",
    "RBF SVM",
    "Decision Tree",
    "Random Forest",
    "Neural Net",
    "Naive Bayes",
    "Linear SVM"
  ],
  "mean": [
    0.8456099456099455,
    0.8914335664335665,
    0.874184149184149,
    0.9137334887334888,
    0.8697746697746696,
    0.8911810411810414,
    0.8592851592851593
  ],
  "parameters": {
    "cv_method": "k30",
    "db": "ionosphere",
    "repetition": 1
  },
  "std": [
    0.08660126841172705,
    0.09665814054152728,
    0.10769701269807362,
    0.07133605273868972,
    0.08874671597586277,
    0.0911198339527328,
    0.08078420820954106
  ]
}