{
  "adv_t": [
    0,
    1,
    0,
    3,
    0,
    0,
    0
  ],
  "adv_w": [
    0,
    0,
    0,
    2,
    0,
    1,
    0
  ],
  "clfs": [
    "Nearest Neighbors",
    "RBF SVM",
    "Decision Tree",
    "Random Forest",
    "Neural Net",
    "Naive Bayes",
    "Linear SVM"
  ],
  "mean": [
    0.8471445221445221,
    0.8917249417249418,
    0.8702797202797204,
    0.9121017871017872,
    0.8753302253302253,
    0.8895881895881897,
    0.866239316239316
  ],
  "parameters": {
    "cv_method": "k30",
    "db": "ionosphere",
    "repetition": 4
  },
  "std": [
    0.0976400536822553,
    0.07309319905249653,
    0.0798938817529639,
    0.05185138474881663,
    0.08831539960326902,
    0.07794203812872512,
    0.08160370068600188
  ]
}