{
  "adv_t": [
    0, 
    1, 
    0, 
    0, 
    1, 
    3, 
    0
  ], 
  "adv_w": [
    1, 
    2, 
    0, 
    0, 
    1, 
    4, 
    0
  ], 
  "clfs": [
    "Decision Tree", 
    "Naive Bayes", 
    "Linear SVM", 
    "Neural Net", 
    "RBF SVM", 
    "Random Forest", 
    "Nearest Neighbors"
  ], 
  "mean": [
    0.8799999999999999, 
    0.8888982259570495, 
    0.8595704948646125, 
    0.8740336134453781, 
    0.894607843137255, 
    0.9089962651727358, 
    0.8488702147525675
  ], 
  "parameters": {
    "cv_method": "k10", 
    "db": "ionosphere", 
    "repetition": 3
  }, 
  "std": [
    0.05362482994333457, 
    0.033820741815824944, 
    0.05118089494718521, 
    0.04677797532272874, 
    0.044210008486384546, 
    0.02867877821387351, 
    0.03790929397741019
  ]
}