{
  "adv_t": [
    0,
    3,
    0,
    4,
    0,
    1,
    0
  ],
  "adv_w": [
    0,
    3,
    0,
    4,
    0,
    3,
    0
  ],
  "clfs": [
    "Nearest Neighbors",
    "RBF SVM",
    "Decision Tree",
    "Random Forest",
    "Neural Net",
    "Naive Bayes",
    "Linear SVM"
  ],
  "mean": [
    0.8521929824561406,
    0.894762641898865,
    0.862702098383213,
    0.9058909528723772,
    0.8566563467492262,
    0.8894994840041281,
    0.8538785689714483
  ],
  "parameters": {
    "cv_method": "k20",
    "db": "ionosphere",
    "repetition": 5
  },
  "std": [
    0.060023493331060954,
    0.05665834891238423,
    0.09168610822218548,
    0.06762898397451483,
    0.07544276104884165,
    0.06810451617404811,
    0.08481784859194322
  ]
}