{
  "adv_t": [
    0,
    2,
    0,
    5,
    0,
    1,
    0
  ],
  "adv_w": [
    0,
    2,
    0,
    6,
    1,
    2,
    0
  ],
  "clfs": [
    "Nearest Neighbors",
    "RBF SVM",
    "Decision Tree",
    "Random Forest",
    "Neural Net",
    "Naive Bayes",
    "Linear SVM"
  ],
  "mean": [
    0.8430578898225957,
    0.8972315592903829,
    0.8625116713352007,
    0.9230438842203549,
    0.8715732959850607,
    0.8884873949579835,
    0.8635667600373482
  ],
  "parameters": {
    "cv_method": "k10",
    "db": "ionosphere",
    "repetition": 9
  },
  "std": [
    0.051635220646427546,
    0.03694919220958565,
    0.05613339285082723,
    0.04529413914033919,
    0.045200055129033155,
    0.03309905573213546,
    0.04053719323312245
  ]
}