{
  "adv_t": [
    0,
    1,
    2,
    3,
    0,
    2,
    1
  ],
  "adv_w": [
    0,
    1,
    1,
    2,
    0,
    2,
    1
  ],
  "clfs": [
    "Nearest Neighbors",
    "RBF SVM",
    "Decision Tree",
    "Random Forest",
    "Neural Net",
    "Naive Bayes",
    "Linear SVM"
  ],
  "mean": [
    0.8307467532467532,
    0.8774577922077922,
    0.8820487012987013,
    0.8951883116883119,
    0.8574967532467532,
    0.8894902597402599,
    0.8614772727272728
  ],
  "parameters": {
    "cv_method": "k2x5",
    "db": "ionosphere",
    "repetition": 1
  },
  "std": [
    0.029109017471336703,
    0.02555295900389401,
    0.01822136398438784,
    0.02806273007745215,
    0.02832330874916282,
    0.027150420842823604,
    0.035897673758855185
  ]
}