{
  "adv_t": [
    0,
    0,
    0,
    1,
    0,
    0,
    0
  ],
  "adv_w": [
    0,
    0,
    0,
    2,
    0,
    1,
    0
  ],
  "clfs": [
    "Nearest Neighbors",
    "RBF SVM",
    "Decision Tree",
    "Random Forest",
    "Neural Net",
    "Naive Bayes",
    "Linear SVM"
  ],
  "mean": [
    0.8517199862401104,
    0.892277261781906,
    0.8763501891984866,
    0.9031131750945993,
    0.8551513587891298,
    0.8888802889576886,
    0.8591675266597868
  ],
  "parameters": {
    "cv_method": "k20",
    "db": "ionosphere",
    "repetition": 4
  },
  "std": [
    0.07927801938489125,
    0.07835790719680576,
    0.08736193319424491,
    0.07332322672301086,
    0.09567060018887533,
    0.07571507124085144,
    0.06620827939498615
  ]
}