{
  "adv_t": [
    0,
    0,
    0,
    1,
    0,
    0,
    0
  ],
  "adv_w": [
    0,
    0,
    0,
    1,
    0,
    0,
    0
  ],
  "clfs": [
    "Nearest Neighbors",
    "RBF SVM",
    "Decision Tree",
    "Random Forest",
    "Neural Net",
    "Naive Bayes",
    "Linear SVM"
  ],
  "mean": [
    0.8520590520590522,
    0.8903846153846153,
    0.8773892773892774,
    0.9036519036519036,
    0.8685508935508934,
    0.8885003885003885,
    0.8641414141414141
  ],
  "parameters": {
    "cv_method": "k30",
    "db": "ionosphere",
    "repetition": 7
  },
  "std": [
    0.09365509951120363,
    0.09684504207577102,
    0.08948467123397268,
    0.11392883959928778,
    0.09490314201667019,
    0.10752529235869267,
    0.08848413940986197
  ]
}