{
  "adv_t": [
    0,
    1,
    1,
    6,
    0,
    2,
    0
  ],
  "adv_w": [
    0,
    1,
    2,
    5,
    0,
    2,
    0
  ],
  "clfs": [
    "Nearest Neighbors",
    "RBF SVM",
    "Decision Tree",
    "Random Forest",
    "Neural Net",
    "Naive Bayes",
    "Linear SVM"
  ],
  "mean": [
    0.8393019480519481,
    0.8683636363636363,
    0.8798019480519479,
    0.9082532467532467,
    0.8496136363636364,
    0.884366883116883,
    0.8592012987012986
  ],
  "parameters": {
    "cv_method": "k2x5",
    "db": "ionosphere",
    "repetition": 3
  },
  "std": [
    0.01622433528364916,
    0.014915541854205565,
    0.04003766325858268,
    0.010984809033260335,
    0.03136844394601899,
    0.021783427890164086,
    0.03252222737915971
  ]
}