{
  "adv_t": [
    3, 
    2, 
    0, 
    0, 
    2, 
    3, 
    0
  ], 
  "adv_w": [
    3, 
    2, 
    0, 
    0, 
    2, 
    4, 
    0
  ], 
  "clfs": [
    "Decision Tree", 
    "Naive Bayes", 
    "Linear SVM", 
    "Neural Net", 
    "RBF SVM", 
    "Random Forest", 
    "Nearest Neighbors"
  ], 
  "mean": [
    0.8999253034547152, 
    0.8888188608776844, 
    0.8491129785247432, 
    0.8625116713352007, 
    0.8943697478991597, 
    0.9145518207282912, 
    0.8431512605042016
  ], 
  "parameters": {
    "cv_method": "k10", 
    "db": "ionosphere", 
    "repetition": 5
  }, 
  "std": [
    0.03671273116686984, 
    0.05122273501793437, 
    0.03551483294902987, 
    0.05650212188333978, 
    0.060266012232794826, 
    0.03341617605876595, 
    0.05024628257013384
  ]
}