{
  "adv_t": [
    0,
    2,
    2,
    6,
    0,
    2,
    0
  ],
  "adv_w": [
    0,
    2,
    2,
    6,
    0,
    2,
    1
  ],
  "clfs": [
    "Nearest Neighbors",
    "RBF SVM",
    "Decision Tree",
    "Random Forest",
    "Neural Net",
    "Naive Bayes",
    "Linear SVM"
  ],
  "mean": [
    0.8324577922077921,
    0.8718181818181817,
    0.8717500000000001,
    0.9002857142857144,
    0.8421590909090909,
    0.8763441558441558,
    0.8523961038961039
  ],
  "parameters": {
    "cv_method": "k2x5",
    "db": "ionosphere",
    "repetition": 9
  },
  "std": [
    0.02676042599178186,
    0.02686267966489725,
    0.02374997694451462,
    0.019805566197165964,
    0.0339220729845487,
    0.028548848974985257,
    0.04043152384170879
  ]
}