{
  "adv_t": [
    0, 
    1, 
    0, 
    0, 
    1, 
    2, 
    0
  ], 
  "adv_w": [
    1, 
    1, 
    0, 
    0, 
    1, 
    5, 
    0
  ], 
  "clfs": [
    "Decision Tree", 
    "Naive Bayes", 
    "Linear SVM", 
    "Neural Net", 
    "RBF SVM", 
    "Random Forest", 
    "Nearest Neighbors"
  ], 
  "mean": [
    0.8826883384932922, 
    0.8891898864809082, 
    0.8631922944616445, 
    0.876496388028896, 
    0.8899724802201583, 
    0.9125730994152047, 
    0.8452356381148951
  ], 
  "parameters": {
    "cv_method": "k20", 
    "db": "ionosphere", 
    "repetition": 5
  }, 
  "std": [
    0.07622197079649407, 
    0.0720181117324824, 
    0.07205918926635078, 
    0.07226274967284796, 
    0.0877883385525553, 
    0.07077876965286801, 
    0.07827843370718099
  ]
}