{
  "adv_t": [
    0, 
    1, 
    0, 
    0, 
    1, 
    4, 
    0
  ], 
  "adv_w": [
    1, 
    1, 
    0, 
    0, 
    1, 
    5, 
    0
  ], 
  "clfs": [
    "Decision Tree", 
    "Naive Bayes", 
    "Linear SVM", 
    "Neural Net", 
    "RBF SVM", 
    "Random Forest", 
    "Nearest Neighbors"
  ], 
  "mean": [
    0.8724747474747473, 
    0.8951048951048951, 
    0.8573620823620823, 
    0.8620046620046619, 
    0.8913947163947165, 
    0.9167249417249418, 
    0.8488150738150736
  ], 
  "parameters": {
    "cv_method": "k30", 
    "db": "ionosphere", 
    "repetition": 4
  }, 
  "std": [
    0.09479973257636556, 
    0.08185290819250489, 
    0.1139474783069739, 
    0.08448690147426878, 
    0.07501685753176268, 
    0.061894917650163694, 
    0.09532101433451888
  ]
}