{
  "adv_t": [
    0,
    0,
    0,
    1,
    0,
    0,
    0
  ],
  "adv_w": [
    0,
    0,
    0,
    3,
    0,
    0,
    0
  ],
  "clfs": [
    "Nearest Neighbors",
    "RBF SVM",
    "Decision Tree",
    "Random Forest",
    "Neural Net",
    "Naive Bayes",
    "Linear SVM"
  ],
  "mean": [
    0.8520590520590521,
    0.8946775446775445,
    0.8671328671328669,
    0.9181235431235433,
    0.8667443667443667,
    0.8896076146076146,
    0.8550893550893549
  ],
  "parameters": {
    "cv_method": "k30",
    "db": "ionosphere",
    "repetition": 8
  },
  "std": [
    0.09212973888435873,
    0.08072130111360737,
    0.10636523486747197,
    0.09767394092439143,
    0.09286196199874809,
    0.091638810481272,
    0.10109642044720522
  ]
}