{
  "adv_t": [
    0, 
    1, 
    0, 
    0, 
    0, 
    3, 
    0
  ], 
  "adv_w": [
    0, 
    1, 
    0, 
    0, 
    1, 
    5, 
    0
  ], 
  "clfs": [
    "Decision Tree", 
    "Naive Bayes", 
    "Linear SVM", 
    "Neural Net", 
    "RBF SVM", 
    "Random Forest", 
    "Nearest Neighbors"
  ], 
  "mean": [
    0.8706876456876457, 
    0.8863053613053612, 
    0.8575951825951826, 
    0.8541569541569541, 
    0.8889471639471639, 
    0.9074397824397825, 
    0.845066045066045
  ], 
  "parameters": {
    "cv_method": "k30", 
    "db": "ionosphere", 
    "repetition": 6
  }, 
  "std": [
    0.10025089778118382, 
    0.08240774361906834, 
    0.10196504322997081, 
    0.07937867772118787, 
    0.11472086350988037, 
    0.07112901346499319, 
    0.09281105238522828
  ]
}