{
  "adv_t": [
    0, 
    1, 
    0, 
    0, 
    0, 
    4, 
    0
  ], 
  "adv_w": [
    1, 
    1, 
    0, 
    0, 
    0, 
    5, 
    0
  ], 
  "clfs": [
    "Decision Tree", 
    "Naive Bayes", 
    "Linear SVM", 
    "Neural Net", 
    "RBF SVM", 
    "Random Forest", 
    "Nearest Neighbors"
  ], 
  "mean": [
    0.8752493980048162, 
    0.888716890264878, 
    0.8634846921224633, 
    0.8599243206054353, 
    0.8924320605435158, 
    0.9173460612315102, 
    0.8518833849329207
  ], 
  "parameters": {
    "cv_method": "k20", 
    "db": "ionosphere", 
    "repetition": 2
  }, 
  "std": [
    0.06041502584790421, 
    0.07658015403030216, 
    0.08732976081600748, 
    0.06440277603857317, 
    0.0945520000934572, 
    0.07660063527352291, 
    0.059512132859359135
  ]
}