{
  "adv_t": [
    0,
    3,
    3,
    6,
    0,
    3,
    0
  ],
  "adv_w": [
    0,
    3,
    3,
    6,
    0,
    3,
    1
  ],
  "clfs": [
    "Nearest Neighbors",
    "RBF SVM",
    "Decision Tree",
    "Random Forest",
    "Neural Net",
    "Naive Bayes",
    "Linear SVM"
  ],
  "mean": [
    0.8381818181818181,
    0.879801948051948,
    0.8820487012987013,
    0.9151136363636363,
    0.8421688311688312,
    0.8797759740259741,
    0.854724025974026
  ],
  "parameters": {
    "cv_method": "k2x5",
    "db": "ionosphere",
    "repetition": 0
  },
  "std": [
    0.026605425440709082,
    0.02169354652717068,
    0.021821002413794727,
    0.018802799013575764,
    0.0096194625866593,
    0.022544100288240883,
    0.03148684585402964
  ]
}