{
  "adv_t": [
    3, 
    3, 
    1, 
    1, 
    3, 
    4, 
    0
  ], 
  "adv_w": [
    2, 
    3, 
    1, 
    0, 
    3, 
    4, 
    0
  ], 
  "clfs": [
    "Decision Tree", 
    "Naive Bayes", 
    "Linear SVM", 
    "Neural Net", 
    "RBF SVM", 
    "Random Forest", 
    "Nearest Neighbors"
  ], 
  "mean": [
    0.8757597402597403, 
    0.8832175324675324, 
    0.8558441558441559, 
    0.853542207792208, 
    0.8746071428571428, 
    0.8945876623376623, 
    0.8387727272727273
  ], 
  "parameters": {
    "cv_method": "k2x5", 
    "db": "ionosphere", 
    "repetition": 8
  }, 
  "std": [
    0.03058000047788322, 
    0.023460799474696183, 
    0.016560436175595383, 
    0.0206344243133986, 
    0.026905264498166694, 
    0.023884087544725666, 
    0.016726832426782894
  ]
}