{
  "adv_t": [
    0,
    0,
    0,
    0,
    0,
    0,
    0
  ],
  "adv_w": [
    0,
    0,
    0,
    0,
    0,
    0,
    0
  ],
  "clfs": [
    "Nearest Neighbors",
    "RBF SVM",
    "Decision Tree",
    "Random Forest",
    "Neural Net",
    "Naive Bayes",
    "Linear SVM"
  ],
  "mean": [
    0.8339962651727356,
    0.8946218487394958,
    0.8946965452847806,
    0.8894724556489262,
    0.8463305322128851,
    0.8918347338935574,
    0.8572782446311857
  ],
  "parameters": {
    "cv_method": "k10",
    "db": "ionosphere",
    "repetition": 2
  },
  "std": [
    0.06052865931165327,
    0.042046955788874546,
    0.0505488026848953,
    0.049312829976229954,
    0.06253849560772459,
    0.05610651970822907,
    0.04562181302710546
  ]
}