{
  "adv_t": [
    0, 
    0, 
    0, 
    0, 
    0, 
    1, 
    0
  ], 
  "adv_w": [
    0, 
    0, 
    0, 
    0, 
    0, 
    3, 
    0
  ], 
  "clfs": [
    "Decision Tree", 
    "Naive Bayes", 
    "Linear SVM", 
    "Neural Net", 
    "RBF SVM", 
    "Random Forest", 
    "Nearest Neighbors"
  ], 
  "mean": [
    0.8785353535353534, 
    0.8896853146853148, 
    0.8617521367521367, 
    0.8726884226884226, 
    0.9009518259518262, 
    0.9162004662004664, 
    0.848038073038073
  ], 
  "parameters": {
    "cv_method": "k30", 
    "db": "ionosphere", 
    "repetition": 3
  }, 
  "std": [
    0.09014714773951651, 
    0.08402237277066056, 
    0.1071868586641958, 
    0.09667020446453374, 
    0.07438998629478179, 
    0.0701713611727939, 
    0.08846149918964911
  ]
}