{
  "adv_t": [
    0,
    1,
    1,
    3,
    0,
    1,
    0
  ],
  "adv_w": [
    0,
    2,
    1,
    5,
    1,
    1,
    0
  ],
  "clfs": [
    "Nearest Neighbors",
    "RBF SVM",
    "Decision Tree",
    "Random Forest",
    "Neural Net",
    "Naive Bayes",
    "Linear SVM"
  ],
  "mean": [
    0.8347338935574229,
    0.894612511671335,
    0.8804014939309057,
    0.9119281045751635,
    0.8662698412698413,
    0.8920821661998133,
    0.8526283846872083
  ],
  "parameters": {
    "cv_method": "k10",
    "db": "ionosphere",
    "repetition": 4
  },
  "std": [
    0.038824068843145224,
    0.06342495293731387,
    0.03762496583144635,
    0.048609089563306875,
    0.043430535291633356,
    0.0337400082400263,
    0.07201306945130692
  ]
}