{
  "adv_t": [
    0,
    1,
    0,
    4,
    0,
    1,
    0
  ],
  "adv_w": [
    0,
    1,
    0,
    4,
    0,
    1,
    0
  ],
  "clfs": [
    "Nearest Neighbors",
    "RBF SVM",
    "Decision Tree",
    "Random Forest",
    "Neural Net",
    "Naive Bayes",
    "Linear SVM"
  ],
  "mean": [
    0.8467460317460317,
    0.8941316526610643,
    0.8460924369747899,
    0.9085901027077499,
    0.868062558356676,
    0.8860410830999065,
    0.8577777777777775
  ],
  "parameters": {
    "cv_method": "k10",
    "db": "ionosphere",
    "repetition": 1
  },
  "std": [
    0.07258059377127324,
    0.05097386039844725,
    0.06394102421882025,
    0.044727761862888446,
    0.05860133153317828,
    0.032457001823815564,
    0.04368906107541265
  ]
}