{
  "adv_t": [
    0, 
    1, 
    0, 
    0, 
    1, 
    3, 
    0
  ], 
  "adv_w": [
    2, 
    1, 
    0, 
    0, 
    1, 
    5, 
    0
  ], 
  "clfs": [
    "Decision Tree", 
    "Naive Bayes", 
    "Linear SVM", 
    "Neural Net", 
    "RBF SVM", 
    "Random Forest", 
    "Nearest Neighbors"
  ], 
  "mean": [
    0.8796638655462183, 
    0.8876750700280113, 
    0.8625910364145657, 
    0.8432306255835667, 
    0.8939589169000934, 
    0.9139775910364145, 
    0.8573622782446313
  ], 
  "parameters": {
    "cv_method": "k10", 
    "db": "ionosphere", 
    "repetition": 8
  }, 
  "std": [
    0.06279188635379623, 
    0.06607261415806193, 
    0.0696071492377367, 
    0.04596974650773117, 
    0.04607665863041579, 
    0.03902625935698052, 
    0.0580878716271712
  ]
}