{
  "adv_t": [
    1, 
    2, 
    0, 
    0, 
    1, 
    4, 
    0
  ], 
  "adv_w": [
    1, 
    3, 
    0, 
    0, 
    1, 
    3, 
    0
  ], 
  "clfs": [
    "Decision Tree", 
    "Naive Bayes", 
    "Linear SVM", 
    "Neural Net", 
    "RBF SVM", 
    "Random Forest", 
    "Nearest Neighbors"
  ], 
  "mean": [
    0.8655422077922079, 
    0.8894902597402599, 
    0.8614772727272728, 
    0.8574967532467532, 
    0.8774707792207794, 
    0.8940454545454545, 
    0.8307467532467532
  ], 
  "parameters": {
    "cv_method": "k2x5", 
    "db": "ionosphere", 
    "repetition": 1
  }, 
  "std": [
    0.025174216578802207, 
    0.027150420842823604, 
    0.036607300035177676, 
    0.02832330874916282, 
    0.021492043006984724, 
    0.02767397999689685, 
    0.029109017471336703
  ]
}