{
  "adv_t": [
    1, 
    0, 
    0, 
    0, 
    1, 
    3, 
    0
  ], 
  "adv_w": [
    1, 
    1, 
    0, 
    0, 
    1, 
    6, 
    0
  ], 
  "clfs": [
    "Decision Tree", 
    "Naive Bayes", 
    "Linear SVM", 
    "Neural Net", 
    "RBF SVM", 
    "Random Forest", 
    "Nearest Neighbors"
  ], 
  "mean": [
    0.8941434468524253, 
    0.88624871001032, 
    0.8656776745786035, 
    0.8686016511867907, 
    0.8930684554523566, 
    0.9196852425180599, 
    0.8520467836257313
  ], 
  "parameters": {
    "cv_method": "k20", 
    "db": "ionosphere", 
    "repetition": 9
  }, 
  "std": [
    0.05132927813040398, 
    0.06781464053644763, 
    0.0754119429762802, 
    0.05701235785914594, 
    0.07189609836117333, 
    0.05111753400944497, 
    0.04934423764698865
  ]
}