{
  "adv_t": [
    0,
    1,
    0,
    3,
    0,
    1,
    0
  ],
  "adv_w": [
    0,
    0,
    0,
    3,
    0,
    1,
    0
  ],
  "clfs": [
    "Nearest Neighbors",
    "RBF SVM",
    "Decision Tree",
    "Random Forest",
    "Neural Net",
    "Naive Bayes",
    "Linear SVM"
  ],
  "mean": [
    0.839313725490196,
    0.888734827264239,
    0.8744397759103639,
    0.9083380018674136,
    0.8623482726423901,
    0.8885667600373482,
    0.8627591036414566
  ],
  "parameters": {
    "cv_method": "k10",
    "db": "ionosphere",
    "repetition": 7
  },
  "std": [
    0.06309438342933835,
    0.04761571672216373,
    0.050068979061259455,
    0.04748913907803103,
    0.054792501270119115,
    0.04005952547007267,
    0.05309383895786499
  ]
}