{
  "adv_t": [
    0, 
    0, 
    0, 
    0, 
    0, 
    2, 
    0
  ], 
  "adv_w": [
    0, 
    0, 
    0, 
    0, 
    0, 
    3, 
    0
  ], 
  "clfs": [
    "Decision Tree", 
    "Naive Bayes", 
    "Linear SVM", 
    "Neural Net", 
    "RBF SVM", 
    "Random Forest", 
    "Nearest Neighbors"
  ], 
  "mean": [
    0.8834887334887335, 
    0.8895493395493393, 
    0.8639277389277388, 
    0.8704933954933954, 
    0.8942501942501939, 
    0.923076923076923, 
    0.8514180264180264
  ], 
  "parameters": {
    "cv_method": "k30", 
    "db": "ionosphere", 
    "repetition": 8
  }, 
  "std": [
    0.08423155682907556, 
    0.09926418380215354, 
    0.07735402317810482, 
    0.07926792034188532, 
    0.09987082395613836, 
    0.07857339836862046, 
    0.0947511000507699
  ]
}