{
  "adv_t": [
    0,
    0,
    0,
    1,
    0,
    0,
    0
  ],
  "adv_w": [
    0,
    0,
    0,
    3,
    0,
    0,
    0
  ],
  "clfs": [
    "Nearest Neighbors",
    "RBF SVM",
    "Decision Tree",
    "Random Forest",
    "Neural Net",
    "Naive Bayes",
    "Linear SVM"
  ],
  "mean": [
    0.8504273504273503,
    0.8951048951048951,
    0.8604312354312353,
    0.9148407148407148,
    0.8844211344211345,
    0.8907342657342657,
    0.8546620046620045
  ],
  "parameters": {
    "cv_method": "k30",
    "db": "ionosphere",
    "repetition": 3
  },
  "std": [
    0.0804557333114236,
    0.07564294840555687,
    0.09010024962091742,
    0.08085752348204377,
    0.08749886337012816,
    0.08002805192736905,
    0.10086277820589434
  ]
}