{
  "adv_t": [
    0,
    1,
    0,
    4,
    0,
    1,
    0
  ],
  "adv_w": [
    0,
    0,
    0,
    4,
    0,
    1,
    0
  ],
  "clfs": [
    "Nearest Neighbors",
    "RBF SVM",
    "Decision Tree",
    "Random Forest",
    "Neural Net",
    "Naive Bayes",
    "Linear SVM"
  ],
  "mean": [
    0.8419848641210873,
    0.8939800481596147,
    0.8740110079119369,
    0.9134760921912626,
    0.8686016511867907,
    0.8882438940488478,
    0.8605607155142762
  ],
  "parameters": {
    "cv_method": "k20",
    "db": "ionosphere",
    "repetition": 2
  },
  "std": [
    0.08070717609253725,
    0.07039648764670839,
    0.05887606109047241,
    0.05600774386932395,
    0.08034833965756498,
    0.06112334014209261,
    0.08526445582008893
  ]
}