{
  "adv_t": [
    0, 
    1, 
    0, 
    0, 
    0, 
    2, 
    0
  ], 
  "adv_w": [
    0, 
    2, 
    0, 
    1, 
    0, 
    3, 
    0
  ], 
  "clfs": [
    "Decision Tree", 
    "Naive Bayes", 
    "Linear SVM", 
    "Neural Net", 
    "RBF SVM", 
    "Random Forest", 
    "Nearest Neighbors"
  ], 
  "mean": [
    0.8860364145658265, 
    0.8917553688141926, 
    0.866185807656396, 
    0.8805648926237163, 
    0.8914285714285715, 
    0.9060550887021478, 
    0.8433940242763771
  ], 
  "parameters": {
    "cv_method": "k10", 
    "db": "ionosphere", 
    "repetition": 4
  }, 
  "std": [
    0.05735815279544951, 
    0.03471685090023382, 
    0.03244406185264699, 
    0.03581235336488268, 
    0.062123559280889945, 
    0.02949774795203419, 
    0.04347149963013431
  ]
}