{
  "adv_t": [
    0,
    0,
    0,
    4,
    0,
    0,
    0
  ],
  "adv_w": [
    0,
    0,
    0,
    4,
    0,
    0,
    0
  ],
  "clfs": [
    "Nearest Neighbors",
    "RBF SVM",
    "Decision Tree",
    "Random Forest",
    "Neural Net",
    "Naive Bayes",
    "Linear SVM"
  ],
  "mean": [
    0.8499611499611499,
    0.8902097902097901,
    0.8695221445221445,
    0.9183760683760684,
    0.8717948717948718,
    0.8870240870240871,
    0.861946386946387
  ],
  "parameters": {
    "cv_method": "k30",
    "db": "ionosphere",
    "repetition": 0
  },
  "std": [
    0.07779556333136885,
    0.10184853615511182,
    0.07303469086150821,
    0.07040951932832565,
    0.09982804824146117,
    0.0852345995892004,
    0.10452026350378765
  ]
}