{
  "adv_t": [
    0,
    0,
    0,
    4,
    0,
    0,
    0
  ],
  "adv_w": [
    0,
    0,
    0,
    4,
    0,
    1,
    0
  ],
  "clfs": [
    "Nearest Neighbors",
    "RBF SVM",
    "Decision Tree",
    "Random Forest",
    "Neural Net",
    "Naive Bayes",
    "Linear SVM"
  ],
  "mean": [
    0.8487762237762235,
    0.8918220668220668,
    0.8461732711732712,
    0.9188228438228438,
    0.8634615384615383,
    0.8853341103341104,
    0.8641414141414143
  ],
  "parameters": {
    "cv_method": "k30",
    "db": "ionosphere",
    "repetition": 5
  },
  "std": [
    0.08599032502464775,
    0.08497477907510881,
    0.11292950413192665,
    0.0983533296630599,
    0.07897271738380508,
    0.08277388430436582,
    0.11027228248587549
  ]
}