{
  "adv_t": [
    0,
    0,
    0,
    2,
    0,
    0,
    0
  ],
  "adv_w": [
    0,
    0,
    0,
    1,
    0,
    1,
    0
  ],
  "clfs": [
    "Nearest Neighbors",
    "RBF SVM",
    "Decision Tree",
    "Random Forest",
    "Neural Net",
    "Naive Bayes",
    "Linear SVM"
  ],
  "mean": [
    0.849105607155143,
    0.893980048159615,
    0.8840901272789818,
    0.9229532163742691,
    0.866279669762642,
    0.8884072927416582,
    0.8684382524939801
  ],
  "parameters": {
    "cv_method": "k20",
    "db": "ionosphere",
    "repetition": 0
  },
  "std": [
    0.06568885357333658,
    0.07539317100049825,
    0.07470169634514737,
    0.06959045208794261,
    0.059888587030203215,
    0.04675344967688128,
    0.0824656281861727
  ]
}