{
  "adv_t": [
    1, 
    1, 
    0, 
    0, 
    0, 
    1, 
    0
  ], 
  "adv_w": [
    1, 
    1, 
    0, 
    0, 
    0, 
    2, 
    0
  ], 
  "clfs": [
    "Decision Tree", 
    "Naive Bayes", 
    "Linear SVM", 
    "Neural Net", 
    "RBF SVM", 
    "Random Forest", 
    "Nearest Neighbors"
  ], 
  "mean": [
    0.8918394024276379, 
    0.8912651727357609, 
    0.8605555555555554, 
    0.8628384687208216, 
    0.8850606909430437, 
    0.9053968253968254, 
    0.8487021475256771
  ], 
  "parameters": {
    "cv_method": "k10", 
    "db": "ionosphere", 
    "repetition": 1
  }, 
  "std": [
    0.03154892029765457, 
    0.04599553381400305, 
    0.05975321373696975, 
    0.053392806002448764, 
    0.05488017967541629, 
    0.047943307877420974, 
    0.03446032330577033
  ]
}