{
  "adv_t": [
    0, 
    0, 
    0, 
    0, 
    0, 
    1, 
    0
  ], 
  "adv_w": [
    0, 
    0, 
    0, 
    0, 
    0, 
    1, 
    0
  ], 
  "clfs": [
    "Decision Tree", 
    "Naive Bayes", 
    "Linear SVM", 
    "Neural Net", 
    "RBF SVM", 
    "Random Forest", 
    "Nearest Neighbors"
  ], 
  "mean": [
    0.8825421396628828, 
    0.8888974888200896, 
    0.8596319229446167, 
    0.8765049879600966, 
    0.8893532851737188, 
    0.9107155142758859, 
    0.8487960096319231
  ], 
  "parameters": {
    "cv_method": "k20", 
    "db": "ionosphere", 
    "repetition": 6
  }, 
  "std": [
    0.08355772014581514, 
    0.08445237483003706, 
    0.09898652194976126, 
    0.07863629618014197, 
    0.06143564328773452, 
    0.06329504838633061, 
    0.0788564433560946
  ]
}