{
  "adv_t": [
    0, 
    0, 
    0, 
    0, 
    0, 
    3, 
    0
  ], 
  "adv_w": [
    2, 
    0, 
    0, 
    0, 
    0, 
    4, 
    0
  ], 
  "clfs": [
    "Decision Tree", 
    "Naive Bayes", 
    "Linear SVM", 
    "Neural Net", 
    "RBF SVM", 
    "Random Forest", 
    "Nearest Neighbors"
  ], 
  "mean": [
    0.8949088407292743, 
    0.8894822841417271, 
    0.8661162710698317, 
    0.8716890264877882, 
    0.8945992432060546, 
    0.9210698314413486, 
    0.8548245614035089
  ], 
  "parameters": {
    "cv_method": "k20", 
    "db": "ionosphere", 
    "repetition": 1
  }, 
  "std": [
    0.05812257063400544, 
    0.07206366352575758, 
    0.06211218529731241, 
    0.07320963488060853, 
    0.06439772780695871, 
    0.06495989303797864, 
    0.0711948884896956
  ]
}