{
  "adv_t": [
    0, 
    0, 
    0, 
    0, 
    0, 
    0, 
    0
  ], 
  "adv_w": [
    0, 
    0, 
    0, 
    0, 
    0, 
    1, 
    0
  ], 
  "clfs": [
    "Decision Tree", 
    "Naive Bayes", 
    "Linear SVM", 
    "Neural Net", 
    "RBF SVM", 
    "Random Forest", 
    "Nearest Neighbors"
  ], 
  "mean": [
    0.8629953379953376, 
    0.8884032634032634, 
    0.8625679875679875, 
    0.8639665889665888, 
    0.8956099456099457, 
    0.911169386169386, 
    0.8497086247086245
  ], 
  "parameters": {
    "cv_method": "k30", 
    "db": "ionosphere", 
    "repetition": 0
  }, 
  "std": [
    0.09200847791012083, 
    0.0931916960541439, 
    0.10006871146813286, 
    0.09592707733866235, 
    0.07407594457318634, 
    0.09685765700566396, 
    0.08185596257271562
  ]
}