{
  "adv_t": [
    0, 
    0, 
    0, 
    0, 
    0, 
    0, 
    0
  ], 
  "adv_w": [
    0, 
    0, 
    0, 
    0, 
    0, 
    1, 
    0
  ], 
  "clfs": [
    "Decision Tree", 
    "Naive Bayes", 
    "Linear SVM", 
    "Neural Net", 
    "RBF SVM", 
    "Random Forest", 
    "Nearest Neighbors"
  ], 
  "mean": [
    0.8839122315592904, 
    0.8811344537815128, 
    0.863734827264239, 
    0.8632352941176471, 
    0.8948646125116714, 
    0.9181419234360412, 
    0.8524649859943978
  ], 
  "parameters": {
    "cv_method": "k10", 
    "db": "ionosphere", 
    "repetition": 9
  }, 
  "std": [
    0.053954064318282036, 
    0.047661414027221405, 
    0.08469443632935593, 
    0.08745536716116979, 
    0.05435643194463128, 
    0.054345627891709936, 
    0.06430150128205894
  ]
}