{
  "adv_t": [
    0,
    3,
    1,
    5,
    0,
    3,
    0
  ],
  "adv_w": [
    0,
    3,
    1,
    5,
    0,
    3,
    1
  ],
  "clfs": [
    "Nearest Neighbors",
    "RBF SVM",
    "Decision Tree",
    "Random Forest",
    "Neural Net",
    "Naive Bayes",
    "Linear SVM"
  ],
  "mean": [
    0.8319220779220778,
    0.878659090909091,
    0.8723766233766233,
    0.9093928571428572,
    0.8495681818181817,
    0.8866428571428573,
    0.8546850649350649
  ],
  "parameters": {
    "cv_method": "k2x5",
    "db": "ionosphere",
    "repetition": 2
  },
  "std": [
    0.02528970371805562,
    0.020642310563078532,
    0.039206650671400736,
    0.022943784458383593,
    0.033128648031896524,
    0.028174748582952127,
    0.026578451916470222
  ]
}