{
  "adv_t": [
    1, 
    1, 
    0, 
    0, 
    1, 
    5, 
    0
  ], 
  "adv_w": [
    0, 
    1, 
    0, 
    0, 
    2, 
    4, 
    0
  ], 
  "clfs": [
    "Decision Tree", 
    "Naive Bayes", 
    "Linear SVM", 
    "Neural Net", 
    "RBF SVM", 
    "Random Forest", 
    "Nearest Neighbors"
  ], 
  "mean": [
    0.8666558441558442, 
    0.8763441558441558, 
    0.8575162337662338, 
    0.8421590909090909, 
    0.8718149350649348, 
    0.9025811688311688, 
    0.8324577922077921
  ], 
  "parameters": {
    "cv_method": "k2x5", 
    "db": "ionosphere", 
    "repetition": 9
  }, 
  "std": [
    0.013318751865425995, 
    0.028548848974985257, 
    0.03668840187579104, 
    0.0339220729845487, 
    0.028559174574409218, 
    0.015642285607405066, 
    0.02676042599178186
  ]
}