{
  "adv_t": [
    1, 
    0, 
    0, 
    0, 
    0, 
    5, 
    0
  ], 
  "adv_w": [
    1, 
    0, 
    0, 
    0, 
    0, 
    5, 
    0
  ], 
  "clfs": [
    "Decision Tree", 
    "Naive Bayes", 
    "Linear SVM", 
    "Neural Net", 
    "RBF SVM", 
    "Random Forest", 
    "Nearest Neighbors"
  ], 
  "mean": [
    0.8876262626262629, 
    0.8810994560994561, 
    0.8641219891219891, 
    0.870707070707071, 
    0.889957264957265, 
    0.9211538461538462, 
    0.8518648018648018
  ], 
  "parameters": {
    "cv_method": "k30", 
    "db": "ionosphere", 
    "repetition": 7
  }, 
  "std": [
    0.08266436820737116, 
    0.10699087964693368, 
    0.09050708873704917, 
    0.08861823392199951, 
    0.10529168431352591, 
    0.07210649260452756, 
    0.08240846122975774
  ]
}