{
  "adv_t": [
    0,
    1,
    1,
    3,
    0,
    3,
    1
  ],
  "adv_w": [
    0,
    1,
    0,
    3,
    0,
    2,
    0
  ],
  "clfs": [
    "Nearest Neighbors",
    "RBF SVM",
    "Decision Tree",
    "Random Forest",
    "Neural Net",
    "Naive Bayes",
    "Linear SVM"
  ],
  "mean": [
    0.8387727272727273,
    0.8740357142857142,
    0.8723311688311688,
    0.8957175324675324,
    0.853542207792208,
    0.8832175324675324,
    0.8569837662337662
  ],
  "parameters": {
    "cv_method": "k2x5",
    "db": "ionosphere",
    "repetition": 8
  },
  "std": [
    0.016726832426782894,
    0.025890907094983817,
    0.03047965993878039,
    0.02450837542508734,
    0.0206344243133986,
    0.023460799474696183,
    0.017071195776769032
  ]
}