{
  "adv_t": [
    3, 
    3, 
    1, 
    0, 
    3, 
    6, 
    0
  ], 
  "adv_w": [
    3, 
    3, 
    1, 
    1, 
    3, 
    6, 
    0
  ], 
  "clfs": [
    "Decision Tree", 
    "Naive Bayes", 
    "Linear SVM", 
    "Neural Net", 
    "RBF SVM", 
    "Random Forest", 
    "Nearest Neighbors"
  ], 
  "mean": [
    0.8848928571428573, 
    0.8866428571428573, 
    0.8518376623376623, 
    0.8495681818181817, 
    0.8763766233766234, 
    0.9071363636363635, 
    0.8319220779220778
  ], 
  "parameters": {
    "cv_method": "k2x5", 
    "db": "ionosphere", 
    "repetition": 2
  }, 
  "std": [
    0.031506204763615174, 
    0.028174748582952127, 
    0.0249863214767528, 
    0.033128648031896524, 
    0.02082012118300106, 
    0.020390804047743242, 
    0.02528970371805562
  ]
}