{
  "adv_t": [
    3, 
    3, 
    0, 
    0, 
    3, 
    6, 
    0
  ], 
  "adv_w": [
    3, 
    2, 
    1, 
    0, 
    3, 
    6, 
    0
  ], 
  "clfs": [
    "Decision Tree", 
    "Naive Bayes", 
    "Linear SVM", 
    "Neural Net", 
    "RBF SVM", 
    "Random Forest", 
    "Nearest Neighbors"
  ], 
  "mean": [
    0.8809318181818183, 
    0.8797759740259741, 
    0.8535844155844154, 
    0.8421688311688312, 
    0.8815064935064936, 
    0.9145422077922076, 
    0.8381818181818181
  ], 
  "parameters": {
    "cv_method": "k2x5", 
    "db": "ionosphere", 
    "repetition": 0
  }, 
  "std": [
    0.021254992733115204, 
    0.022544100288240883, 
    0.030521829911720953, 
    0.0096194625866593, 
    0.01931432352608719, 
    0.016475583156077573, 
    0.026605425440709082
  ]
}