{
  "adv_t": [
    0, 
    0, 
    0, 
    0, 
    0, 
    0, 
    0
  ], 
  "adv_w": [
    0, 
    0, 
    0, 
    0, 
    0, 
    0, 
    0
  ], 
  "clfs": [
    "Decision Tree", 
    "Naive Bayes", 
    "Linear SVM", 
    "Neural Net", 
    "RBF SVM", 
    "Random Forest", 
    "Nearest Neighbors"
  ], 
  "mean": [
    0.8724358974358973, 
    0.8890831390831392, 
    0.8617521367521367, 
    0.8645687645687645, 
    0.8892579642579642, 
    0.9050310800310799, 
    0.8552641802641803
  ], 
  "parameters": {
    "cv_method": "k30", 
    "db": "ionosphere", 
    "repetition": 1
  }, 
  "std": [
    0.09178011957268975, 
    0.08084558892613551, 
    0.08187374772198142, 
    0.07448502410986212, 
    0.08711702615410609, 
    0.08257045054077607, 
    0.08392550052180177
  ]
}