{
  "adv_t": [
    0, 
    0, 
    0, 
    0, 
    0, 
    4, 
    0
  ], 
  "adv_w": [
    0, 
    0, 
    0, 
    0, 
    0, 
    5, 
    0
  ], 
  "clfs": [
    "Decision Tree", 
    "Naive Bayes", 
    "Linear SVM", 
    "Neural Net", 
    "RBF SVM", 
    "Random Forest", 
    "Nearest Neighbors"
  ], 
  "mean": [
    0.86013986013986, 
    0.8852564102564102, 
    0.8608585858585858, 
    0.8699494949494949, 
    0.8971639471639469, 
    0.919755244755245, 
    0.8564491064491064
  ], 
  "parameters": {
    "cv_method": "k30", 
    "db": "ionosphere", 
    "repetition": 9
  }, 
  "std": [
    0.10789175791513665, 
    0.09184185268100468, 
    0.07904423632319758, 
    0.09307643825957158, 
    0.08492022367447039, 
    0.07700891167243197, 
    0.09172625839187297
  ]
}