{
  "adv_t": [
    0,
    0,
    0,
    1,
    0,
    0,
    0
  ],
  "adv_w": [
    0,
    0,
    0,
    0,
    0,
    0,
    0
  ],
  "clfs": [
    "Nearest Neighbors",
    "RBF SVM",
    "Decision Tree",
    "Random Forest",
    "Neural Net",
    "Naive Bayes",
    "Linear SVM"
  ],
  "mean": [
    0.8514845938375348,
    0.8944491129785247,
    0.8774556489262372,
    0.9083380018674136,
    0.862922502334267,
    0.8889775910364145,
    0.8624229691876751
  ],
  "parameters": {
    "cv_method": "k10",
    "db": "ionosphere",
    "repetition": 6
  },
  "std": [
    0.05314433311276145,
    0.04614576374020216,
    0.044195869386510246,
    0.031174990187666732,
    0.04571040739478088,
    0.03127211241424725,
    0.06861537259979957
  ]
}