{
  "adv_t": [
    0, 
    0, 
    0, 
    0, 
    0, 
    6, 
    0
  ], 
  "adv_w": [
    0, 
    1, 
    0, 
    0, 
    1, 
    6, 
    0
  ], 
  "clfs": [
    "Decision Tree", 
    "Naive Bayes", 
    "Linear SVM", 
    "Neural Net", 
    "RBF SVM", 
    "Random Forest", 
    "Nearest Neighbors"
  ], 
  "mean": [
    0.8804014939309057, 
    0.8890616246498599, 
    0.8639775910364145, 
    0.8581839402427637, 
    0.8946965452847806, 
    0.9319467787114848, 
    0.8466619981325862
  ], 
  "parameters": {
    "cv_method": "k10", 
    "db": "ionosphere", 
    "repetition": 6
  }, 
  "std": [
    0.05434618757372301, 
    0.05679828538980044, 
    0.05807045985089869, 
    0.05858725295201622, 
    0.05266422911116945, 
    0.03838503590508225, 
    0.07493796656831839
  ]
}