{
  "adv_t": [
    1, 
    1, 
    1, 
    0, 
    1, 
    1, 
    1
  ], 
  "adv_w": [
    1, 
    1, 
    1, 
    0, 
    1, 
    1, 
    1
  ], 
  "clfs": [
    "Decision Tree", 
    "Naive Bayes", 
    "Linear SVM", 
    "Neural Net", 
    "RBF SVM", 
    "Random Forest", 
    "Nearest Neighbors"
  ], 
  "mean": [
    0.9472222222222223, 
    0.95, 
    0.95, 
    0.3333333333333332, 
    0.9583333333333334, 
    0.9583333333333334, 
    0.9583333333333334
  ], 
  "parameters": {
    "cv_method": "k20", 
    "db": "iris", 
    "repetition": 7
  }, 
  "std": [
    0.06857644672068033, 
    0.08994258510841462, 
    0.08994258510841462, 
    1.1390647892519134e-16, 
    0.06714013159769025, 
    0.06714013159769025, 
    0.06714013159769025
  ]
}