{
  "adv_t": [
    1, 
    1, 
    1, 
    0, 
    1, 
    1, 
    1
  ], 
  "adv_w": [
    1, 
    1, 
    1, 
    0, 
    1, 
    1, 
    1
  ], 
  "clfs": [
    "Decision Tree", 
    "Naive Bayes", 
    "Linear SVM", 
    "Neural Net", 
    "RBF SVM", 
    "Random Forest", 
    "Nearest Neighbors"
  ], 
  "mean": [
    0.9500000000000001, 
    0.9500000000000001, 
    0.9500000000000003, 
    0.3333333333333333, 
    0.9555555555555557, 
    0.9611111111111111, 
    0.9666666666666668
  ], 
  "parameters": {
    "cv_method": "k30", 
    "db": "iris", 
    "repetition": 4
  }, 
  "std": [
    0.10854312136382618, 
    0.09932723887807292, 
    0.09932723887807293, 
    0.0, 
    0.09721538016427914, 
    0.09472012952598925, 
    0.08070569968525038
  ]
}