{
  "adv_t": [
    1, 
    1, 
    1, 
    0, 
    1, 
    1, 
    1
  ], 
  "adv_w": [
    1, 
    1, 
    1, 
    0, 
    1, 
    1, 
    1
  ], 
  "clfs": [
    "Decision Tree", 
    "Naive Bayes", 
    "Linear SVM", 
    "Neural Net", 
    "RBF SVM", 
    "Random Forest", 
    "Nearest Neighbors"
  ], 
  "mean": [
    0.9466666666666667, 
    0.9533333333333334, 
    0.9533333333333334, 
    0.33333333333333337, 
    0.9600000000000002, 
    0.9466666666666667, 
    0.9733333333333334
  ], 
  "parameters": {
    "cv_method": "k10", 
    "db": "iris", 
    "repetition": 8
  }, 
  "std": [
    0.05258737584977436, 
    0.07062332703142533, 
    0.06324555320336758, 
    5.851389114294502e-17, 
    0.056218269514104524, 
    0.05258737584977436, 
    0.046613726585340076
  ]
}