{
  "adv_t": [
    1,
    1,
    1,
    1,
    0,
    1,
    1
  ],
  "adv_w": [
    1,
    1,
    1,
    1,
    0,
    1,
    1
  ],
  "clfs": [
    "Nearest Neighbors",
    "RBF SVM",
    "Decision Tree",
    "Random Forest",
    "Neural Net",
    "Naive Bayes",
    "Linear SVM"
  ],
  "mean": [
    0.9666666666666668,
    0.9600000000000002,
    0.96,
    0.9666666666666668,
    0.33333333333333337,
    0.9533333333333335,
    0.96
  ],
  "parameters": {
    "cv_method": "k10",
    "db": "iris",
    "repetition": 4
  },
  "std": [
    0.035136418446315376,
    0.04661372658534009,
    0.04661372658534008,
    0.04714045207910318,
    5.851389114294502e-17,
    0.07062332703142533,
    0.04661372658534009
  ]
}