{
  "adv_t": [
    2,
    3,
    1,
    1,
    0,
    1,
    1
  ],
  "adv_w": [
    1,
    3,
    1,
    1,
    0,
    2,
    1
  ],
  "clfs": [
    "Nearest Neighbors",
    "RBF SVM",
    "Decision Tree",
    "Random Forest",
    "Neural Net",
    "Naive Bayes",
    "Linear SVM"
  ],
  "mean": [
    0.9626666666666667,
    0.9653333333333334,
    0.952,
    0.9373333333333334,
    0.33333333333333337,
    0.9506666666666668,
    0.9346666666666668
  ],
  "parameters": {
    "cv_method": "k2x5",
    "db": "iris",
    "repetition": 1
  },
  "std": [
    0.02498394546232041,
    0.019064542746246495,
    0.03337774818758863,
    0.03445519545478101,
    5.851389114294502e-17,
    0.022705848487901917,
    0.03043714429913589
  ]
}