{
  "adv_t": [
    1, 
    1, 
    1, 
    0, 
    1, 
    1, 
    1
  ], 
  "adv_w": [
    1, 
    1, 
    1, 
    0, 
    1, 
    1, 
    1
  ], 
  "clfs": [
    "Decision Tree", 
    "Naive Bayes", 
    "Linear SVM", 
    "Neural Net", 
    "RBF SVM", 
    "Random Forest", 
    "Nearest Neighbors"
  ], 
  "mean": [
    0.9600000000000002, 
    0.9533333333333334, 
    0.9533333333333334, 
    0.33333333333333337, 
    0.96, 
    0.9600000000000002, 
    0.9666666666666668
  ], 
  "parameters": {
    "cv_method": "k10", 
    "db": "iris", 
    "repetition": 2
  }, 
  "std": [
    0.034426518632954865, 
    0.044996570514036875, 
    0.04499657051403688, 
    5.851389114294502e-17, 
    0.04661372658534009, 
    0.034426518632954865, 
    0.04714045207910319
  ]
}