{
  "adv_t": [
    1, 
    1, 
    1, 
    0, 
    1, 
    1, 
    1
  ], 
  "adv_w": [
    1, 
    1, 
    1, 
    0, 
    1, 
    1, 
    1
  ], 
  "clfs": [
    "Decision Tree", 
    "Naive Bayes", 
    "Linear SVM", 
    "Neural Net", 
    "RBF SVM", 
    "Random Forest", 
    "Nearest Neighbors"
  ], 
  "mean": [
    0.96, 
    0.9533333333333334, 
    0.9666666666666666, 
    0.33333333333333337, 
    0.96, 
    0.9533333333333334, 
    0.9666666666666666
  ], 
  "parameters": {
    "cv_method": "k10", 
    "db": "iris", 
    "repetition": 1
  }, 
  "std": [
    0.04661372658534009, 
    0.03220305943597658, 
    0.035136418446315376, 
    5.851389114294502e-17, 
    0.03442651863295487, 
    0.04499657051403688, 
    0.035136418446315376
  ]
}