{
  "adv_t": [
    1,
    1,
    1,
    1,
    0,
    1,
    1
  ],
  "adv_w": [
    1,
    1,
    1,
    1,
    0,
    1,
    1
  ],
  "clfs": [
    "Nearest Neighbors",
    "RBF SVM",
    "Decision Tree",
    "Random Forest",
    "Neural Net",
    "Naive Bayes",
    "Linear SVM"
  ],
  "mean": [
    0.9666666666666668,
    0.9600000000000002,
    0.9466666666666667,
    0.9533333333333335,
    0.33333333333333337,
    0.9533333333333335,
    0.9533333333333334
  ],
  "parameters": {
    "cv_method": "k10",
    "db": "iris",
    "repetition": 8
  },
  "std": [
    0.04714045207910319,
    0.056218269514104524,
    0.06885303726590962,
    0.044996570514036875,
    5.851389114294502e-17,
    0.05488484015657097,
    0.05488484015657097
  ]
}