{
  "adv_t": [
    1, 
    2, 
    1, 
    0, 
    4, 
    1, 
    4
  ], 
  "adv_w": [
    1, 
    2, 
    1, 
    0, 
    5, 
    1, 
    3
  ], 
  "clfs": [
    "Decision Tree", 
    "Naive Bayes", 
    "Linear SVM", 
    "Neural Net", 
    "RBF SVM", 
    "Random Forest", 
    "Nearest Neighbors"
  ], 
  "mean": [
    0.9440000000000002, 
    0.952, 
    0.9346666666666668, 
    0.33333333333333337, 
    0.9666666666666668, 
    0.9426666666666668, 
    0.9640000000000001
  ], 
  "parameters": {
    "cv_method": "k2x5", 
    "db": "iris", 
    "repetition": 4
  }, 
  "std": [
    0.01864549063413606, 
    0.012881223774390629, 
    0.022177733244221613, 
    5.851389114294502e-17, 
    0.018053418676968788, 
    0.019925788241297735, 
    0.02181855592645974
  ]
}