{
  "adv_t": [
    1,
    1,
    1,
    1,
    0,
    1,
    1
  ],
  "adv_w": [
    2,
    1,
    1,
    1,
    0,
    1,
    1
  ],
  "clfs": [
    "Nearest Neighbors",
    "RBF SVM",
    "Decision Tree",
    "Random Forest",
    "Neural Net",
    "Naive Bayes",
    "Linear SVM"
  ],
  "mean": [
    0.9638888888888889,
    0.9555555555555555,
    0.9361111111111111,
    0.9416666666666668,
    0.3333333333333332,
    0.9472222222222223,
    0.9555555555555557
  ],
  "parameters": {
    "cv_method": "k20",
    "db": "iris",
    "repetition": 4
  },
  "std": [
    0.06567241047103435,
    0.07119147505746527,
    0.09239257147875818,
    0.0995033149277522,
    1.1390647892519134e-16,
    0.0995033149277522,
    0.08939912040420103
  ]
}