{
  "adv_t": [
    1,
    1,
    1,
    1,
    0,
    1,
    1
  ],
  "adv_w": [
    1,
    1,
    1,
    1,
    0,
    1,
    1
  ],
  "clfs": [
    "Nearest Neighbors",
    "RBF SVM",
    "Decision Tree",
    "Random Forest",
    "Neural Net",
    "Naive Bayes",
    "Linear SVM"
  ],
  "mean": [
    0.961111111111111,
    0.9555555555555555,
    0.9388888888888888,
    0.9583333333333334,
    0.3333333333333332,
    0.9527777777777778,
    0.9583333333333334
  ],
  "parameters": {
    "cv_method": "k20",
    "db": "iris",
    "repetition": 9
  },
  "std": [
    0.0884859287352828,
    0.08939912040420105,
    0.10949111422196439,
    0.06714013159769025,
    1.1390647892519134e-16,
    0.06810104101168053,
    0.06714013159769025
  ]
}