{
  "adv_t": [
    1,
    1,
    1,
    1,
    0,
    1,
    1
  ],
  "adv_w": [
    1,
    1,
    1,
    1,
    0,
    1,
    1
  ],
  "clfs": [
    "Nearest Neighbors",
    "RBF SVM",
    "Decision Tree",
    "Random Forest",
    "Neural Net",
    "Naive Bayes",
    "Linear SVM"
  ],
  "mean": [
    0.9666666666666668,
    0.9611111111111111,
    0.9555555555555556,
    0.9388888888888888,
    0.3333333333333333,
    0.9555555555555555,
    0.9555555555555555
  ],
  "parameters": {
    "cv_method": "k30",
    "db": "iris",
    "repetition": 8
  },
  "std": [
    0.08070569968525038,
    0.08400115549895514,
    0.0868050766270313,
    0.13478614630692115,
    0.0,
    0.0868050766270313,
    0.0868050766270313
  ]
}