{
  "adv_t": [
    1,
    1,
    1,
    1,
    0,
    1,
    1
  ],
  "adv_w": [
    1,
    1,
    1,
    1,
    0,
    1,
    1
  ],
  "clfs": [
    "Nearest Neighbors",
    "RBF SVM",
    "Decision Tree",
    "Random Forest",
    "Neural Net",
    "Naive Bayes",
    "Linear SVM"
  ],
  "mean": [
    0.9527777777777777,
    0.9527777777777777,
    0.9555555555555557,
    0.9527777777777778,
    0.3333333333333332,
    0.95,
    0.9583333333333334
  ],
  "parameters": {
    "cv_method": "k20",
    "db": "iris",
    "repetition": 7
  },
  "std": [
    0.09239257147875818,
    0.09239257147875818,
    0.08939912040420103,
    0.10705308903831115,
    1.1390647892519134e-16,
    0.08994258510841462,
    0.0862077367707928
  ]
}