{
  "adv_t": [
    1,
    1,
    1,
    1,
    0,
    1,
    1
  ],
  "adv_w": [
    1,
    1,
    1,
    1,
    0,
    1,
    1
  ],
  "clfs": [
    "Nearest Neighbors",
    "RBF SVM",
    "Decision Tree",
    "Random Forest",
    "Neural Net",
    "Naive Bayes",
    "Linear SVM"
  ],
  "mean": [
    0.9666666666666667,
    0.9555555555555556,
    0.9388888888888889,
    0.95,
    0.3333333333333333,
    0.9444444444444446,
    0.9333333333333335
  ],
  "parameters": {
    "cv_method": "k30",
    "db": "iris",
    "repetition": 9
  },
  "std": [
    0.08070569968525038,
    0.09721538016427911,
    0.1114458559098953,
    0.09932723887807292,
    0.0,
    0.11014909204187777,
    0.12835534965649315
  ]
}