{
  "adv_t": [
    1, 
    1, 
    1, 
    0, 
    1, 
    1, 
    1
  ], 
  "adv_w": [
    1, 
    1, 
    1, 
    0, 
    1, 
    1, 
    1
  ], 
  "clfs": [
    "Decision Tree", 
    "Naive Bayes", 
    "Linear SVM", 
    "Neural Net", 
    "RBF SVM", 
    "Random Forest", 
    "Nearest Neighbors"
  ], 
  "mean": [
    0.9333333333333335, 
    0.9500000000000001, 
    0.9611111111111111, 
    0.3333333333333333, 
    0.9555555555555556, 
    0.9555555555555557, 
    0.9611111111111111
  ], 
  "parameters": {
    "cv_method": "k30", 
    "db": "iris", 
    "repetition": 5
  }, 
  "std": [
    0.12066228480009848, 
    0.09932723887807293, 
    0.08400115549895514, 
    0.0, 
    0.09721538016427912, 
    0.09721538016427914, 
    0.09472012952598922
  ]
}