{
  "adv_t": [
    1,
    1,
    1,
    1,
    0,
    1,
    1
  ],
  "adv_w": [
    1,
    1,
    1,
    1,
    0,
    1,
    1
  ],
  "clfs": [
    "Nearest Neighbors",
    "RBF SVM",
    "Decision Tree",
    "Random Forest",
    "Neural Net",
    "Naive Bayes",
    "Linear SVM"
  ],
  "mean": [
    0.9694444444444444,
    0.9638888888888889,
    0.9583333333333333,
    0.9583333333333333,
    0.3333333333333332,
    0.9555555555555555,
    0.9555555555555555
  ],
  "parameters": {
    "cv_method": "k20",
    "db": "iris",
    "repetition": 6
  },
  "std": [
    0.06616526849515339,
    0.07705385743795616,
    0.07830854819205894,
    0.09344152737587597,
    1.1390647892519134e-16,
    0.07343781322082153,
    0.06398099132915955
  ]
}