{
  "adv_t": [
    1, 
    1, 
    1, 
    0, 
    2, 
    1, 
    4
  ], 
  "adv_w": [
    1, 
    2, 
    1, 
    0, 
    4, 
    2, 
    4
  ], 
  "clfs": [
    "Decision Tree", 
    "Naive Bayes", 
    "Linear SVM", 
    "Neural Net", 
    "RBF SVM", 
    "Random Forest", 
    "Nearest Neighbors"
  ], 
  "mean": [
    0.9426666666666665, 
    0.9466666666666667, 
    0.9226666666666666, 
    0.33333333333333337, 
    0.9600000000000002, 
    0.9480000000000001, 
    0.9640000000000001
  ], 
  "parameters": {
    "cv_method": "k2x5", 
    "db": "iris", 
    "repetition": 7
  }, 
  "std": [
    0.025953424570055905, 
    0.03265986323710908, 
    0.04112011913322805, 
    5.851389114294502e-17, 
    0.021773242158072758, 
    0.021268419758231863, 
    0.01783324679799016
  ]
}