{
  "adv_t": [
    1, 
    1, 
    1, 
    0, 
    1, 
    1, 
    1
  ], 
  "adv_w": [
    1, 
    1, 
    1, 
    0, 
    1, 
    1, 
    1
  ], 
  "clfs": [
    "Decision Tree", 
    "Naive Bayes", 
    "Linear SVM", 
    "Neural Net", 
    "RBF SVM", 
    "Random Forest", 
    "Nearest Neighbors"
  ], 
  "mean": [
    0.9499999999999998, 
    0.95, 
    0.95, 
    0.3333333333333333, 
    0.9611111111111111, 
    0.9333333333333335, 
    0.9611111111111111
  ], 
  "parameters": {
    "cv_method": "k30", 
    "db": "iris", 
    "repetition": 9
  }, 
  "std": [
    0.09932723887807293, 
    0.09932723887807292, 
    0.10854312136382618, 
    0.0, 
    0.09472012952598924, 
    0.1124441112772009, 
    0.09472012952598924
  ]
}