{
  "adv_t": [
    1, 
    1, 
    1, 
    0, 
    1, 
    1, 
    1
  ], 
  "adv_w": [
    1, 
    1, 
    1, 
    0, 
    1, 
    1, 
    1
  ], 
  "clfs": [
    "Decision Tree", 
    "Naive Bayes", 
    "Linear SVM", 
    "Neural Net", 
    "RBF SVM", 
    "Random Forest", 
    "Nearest Neighbors"
  ], 
  "mean": [
    0.9666666666666667, 
    0.9611111111111111, 
    0.9666666666666667, 
    0.3333333333333333, 
    0.9611111111111114, 
    0.9611111111111111, 
    0.9666666666666668
  ], 
  "parameters": {
    "cv_method": "k30", 
    "db": "iris", 
    "repetition": 8
  }, 
  "std": [
    0.0807056996852504, 
    0.07169717785867938, 
    0.06780635036208102, 
    0.0, 
    0.08400115549895515, 
    0.08400115549895514, 
    0.08070569968525038
  ]
}