{
  "adv_t": [
    1, 
    2, 
    1, 
    0, 
    2, 
    2, 
    2
  ], 
  "adv_w": [
    2, 
    2, 
    1, 
    0, 
    2, 
    2, 
    2
  ], 
  "clfs": [
    "Decision Tree", 
    "Naive Bayes", 
    "Linear SVM", 
    "Neural Net", 
    "RBF SVM", 
    "Random Forest", 
    "Nearest Neighbors"
  ], 
  "mean": [
    0.9453333333333334, 
    0.9586666666666666, 
    0.9239999999999998, 
    0.33333333333333337, 
    0.9600000000000002, 
    0.9493333333333334, 
    0.9586666666666668
  ], 
  "parameters": {
    "cv_method": "k2x5", 
    "db": "iris", 
    "repetition": 3
  }, 
  "std": [
    0.02389276454349443, 
    0.01596291999650491, 
    0.024383763065502603, 
    5.851389114294502e-17, 
    0.02351778943168524, 
    0.016390301257409628, 
    0.02126841975823184
  ]
}