{
  "adv_t": [
    1, 
    1, 
    1, 
    0, 
    1, 
    1, 
    1
  ], 
  "adv_w": [
    1, 
    1, 
    1, 
    0, 
    2, 
    1, 
    2
  ], 
  "clfs": [
    "Decision Tree", 
    "Naive Bayes", 
    "Linear SVM", 
    "Neural Net", 
    "RBF SVM", 
    "Random Forest", 
    "Nearest Neighbors"
  ], 
  "mean": [
    0.9400000000000001, 
    0.9533333333333334, 
    0.96, 
    0.33333333333333337, 
    0.9666666666666666, 
    0.9466666666666667, 
    0.9666666666666666
  ], 
  "parameters": {
    "cv_method": "k10", 
    "db": "iris", 
    "repetition": 3
  }, 
  "std": [
    0.04919098582484145, 
    0.04499657051403688, 
    0.056218269514104524, 
    5.851389114294502e-17, 
    0.035136418446315376, 
    0.04216370213557841, 
    0.035136418446315376
  ]
}