{
  "adv_t": [
    1,
    1,
    1,
    1,
    0,
    1,
    1
  ],
  "adv_w": [
    1,
    1,
    1,
    1,
    0,
    1,
    1
  ],
  "clfs": [
    "Nearest Neighbors",
    "RBF SVM",
    "Decision Tree",
    "Random Forest",
    "Neural Net",
    "Naive Bayes",
    "Linear SVM"
  ],
  "mean": [
    0.9722222222222222,
    0.9666666666666667,
    0.9444444444444445,
    0.9722222222222222,
    0.3333333333333333,
    0.9611111111111111,
    0.9666666666666667
  ],
  "parameters": {
    "cv_method": "k30",
    "db": "iris",
    "repetition": 6
  },
  "std": [
    0.07685550622956902,
    0.08070569968525042,
    0.1101490920418778,
    0.07685550622956902,
    0.0,
    0.07169717785867938,
    0.08070569968525042
  ]
}