{
  "adv_t": [
    1, 
    1, 
    1, 
    0, 
    4, 
    1, 
    1
  ], 
  "adv_w": [
    1, 
    1, 
    1, 
    0, 
    5, 
    1, 
    3
  ], 
  "clfs": [
    "Decision Tree", 
    "Naive Bayes", 
    "Linear SVM", 
    "Neural Net", 
    "RBF SVM", 
    "Random Forest", 
    "Nearest Neighbors"
  ], 
  "mean": [
    0.9359999999999999, 
    0.9493333333333336, 
    0.9426666666666668, 
    0.33333333333333337, 
    0.9626666666666667, 
    0.9360000000000002, 
    0.9573333333333334
  ], 
  "parameters": {
    "cv_method": "k2x5", 
    "db": "iris", 
    "repetition": 6
  }, 
  "std": [
    0.027252817274232722, 
    0.016390301257409624, 
    0.02270584848790188, 
    5.851389114294502e-17, 
    0.02248730780564183, 
    0.03314018112410183, 
    0.027968235951204085
  ]
}