{
  "adv_t": [
    1,
    1,
    1,
    1,
    0,
    1,
    1
  ],
  "adv_w": [
    1,
    1,
    1,
    1,
    0,
    1,
    1
  ],
  "clfs": [
    "Nearest Neighbors",
    "RBF SVM",
    "Decision Tree",
    "Random Forest",
    "Neural Net",
    "Naive Bayes",
    "Linear SVM"
  ],
  "mean": [
    0.9666666666666667,
    0.9666666666666667,
    0.9555555555555556,
    0.9555555555555555,
    0.3333333333333333,
    0.9611111111111109,
    0.9611111111111109
  ],
  "parameters": {
    "cv_method": "k30",
    "db": "iris",
    "repetition": 4
  },
  "std": [
    0.06780635036208102,
    0.06780635036208102,
    0.09721538016427912,
    0.07496274085146726,
    0.0,
    0.07169717785867939,
    0.07169717785867939
  ]
}