{
  "adv_t": [
    1,
    1,
    1,
    1,
    0,
    1,
    1
  ],
  "adv_w": [
    1,
    1,
    1,
    1,
    0,
    1,
    1
  ],
  "clfs": [
    "Nearest Neighbors",
    "RBF SVM",
    "Decision Tree",
    "Random Forest",
    "Neural Net",
    "Naive Bayes",
    "Linear SVM"
  ],
  "mean": [
    0.9722222222222223,
    0.9638888888888889,
    0.9555555555555555,
    0.9583333333333333,
    0.3333333333333332,
    0.9555555555555555,
    0.9583333333333333
  ],
  "parameters": {
    "cv_method": "k20",
    "db": "iris",
    "repetition": 3
  },
  "std": [
    0.049362406479924396,
    0.05777721547184767,
    0.07343781322082153,
    0.07830854819205894,
    1.1390647892519134e-16,
    0.07343781322082153,
    0.0695175054267178
  ]
}