{
  "adv_t": [
    1,
    1,
    1,
    1,
    0,
    1,
    1
  ],
  "adv_w": [
    1,
    1,
    1,
    1,
    0,
    1,
    1
  ],
  "clfs": [
    "Nearest Neighbors",
    "RBF SVM",
    "Decision Tree",
    "Random Forest",
    "Neural Net",
    "Naive Bayes",
    "Linear SVM"
  ],
  "mean": [
    0.9722222222222222,
    0.9666666666666667,
    0.961111111111111,
    0.9666666666666668,
    0.3333333333333333,
    0.9611111111111111,
    0.9666666666666667
  ],
  "parameters": {
    "cv_method": "k30",
    "db": "iris",
    "repetition": 0
  },
  "std": [
    0.06317483696490862,
    0.06780635036208102,
    0.07169717785867935,
    0.067806350362081,
    0.0,
    0.07169717785867938,
    0.06780635036208102
  ]
}