{
  "adv_t": [
    1,
    1,
    1,
    1,
    0,
    1,
    1
  ],
  "adv_w": [
    1,
    1,
    1,
    1,
    0,
    1,
    1
  ],
  "clfs": [
    "Nearest Neighbors",
    "RBF SVM",
    "Decision Tree",
    "Random Forest",
    "Neural Net",
    "Naive Bayes",
    "Linear SVM"
  ],
  "mean": [
    0.9694444444444444,
    0.9694444444444444,
    0.9527777777777777,
    0.9555555555555555,
    0.3333333333333332,
    0.9555555555555555,
    0.9527777777777778
  ],
  "parameters": {
    "cv_method": "k20",
    "db": "iris",
    "repetition": 2
  },
  "std": [
    0.05548240798524752,
    0.05548240798524752,
    0.06810104101168053,
    0.06398099132915955,
    1.1390647892519134e-16,
    0.06398099132915955,
    0.06810104101168053
  ]
}