{
  "adv_t": [
    4,
    3,
    1,
    1,
    0,
    1,
    1
  ],
  "adv_w": [
    5,
    2,
    1,
    1,
    0,
    1,
    1
  ],
  "clfs": [
    "Nearest Neighbors",
    "RBF SVM",
    "Decision Tree",
    "Random Forest",
    "Neural Net",
    "Naive Bayes",
    "Linear SVM"
  ],
  "mean": [
    0.9653333333333334,
    0.9560000000000001,
    0.9386666666666666,
    0.9413333333333334,
    0.33333333333333337,
    0.9493333333333333,
    0.9280000000000002
  ],
  "parameters": {
    "cv_method": "k2x5",
    "db": "iris",
    "repetition": 8
  },
  "std": [
    0.011243653902820935,
    0.014124665406285104,
    0.022835969028738006,
    0.01686548085423134,
    5.851389114294502e-17,
    0.021591036091539804,
    0.028940125504177284
  ]
}