{
  "adv_t": [
    2,
    2,
    2,
    1,
    0,
    1,
    1
  ],
  "adv_w": [
    2,
    2,
    2,
    1,
    0,
    1,
    1
  ],
  "clfs": [
    "Nearest Neighbors",
    "RBF SVM",
    "Decision Tree",
    "Random Forest",
    "Neural Net",
    "Naive Bayes",
    "Linear SVM"
  ],
  "mean": [
    0.952,
    0.9560000000000001,
    0.9493333333333334,
    0.9440000000000002,
    0.33333333333333337,
    0.9466666666666669,
    0.9293333333333333
  ],
  "parameters": {
    "cv_method": "k2x5",
    "db": "iris",
    "repetition": 9
  },
  "std": [
    0.019064542746246436,
    0.02089361648629897,
    0.013770607453181958,
    0.015137232325267936,
    5.851389114294502e-17,
    0.01777777777777779,
    0.03017643590536526
  ]
}