{
  "adv_t": [
    1, 
    1, 
    1, 
    0, 
    1, 
    1, 
    1
  ], 
  "adv_w": [
    1, 
    1, 
    1, 
    0, 
    1, 
    1, 
    1
  ], 
  "clfs": [
    "Decision Tree", 
    "Naive Bayes", 
    "Linear SVM", 
    "Neural Net", 
    "RBF SVM", 
    "Random Forest", 
    "Nearest Neighbors"
  ], 
  "mean": [
    0.9555555555555557, 
    0.961111111111111, 
    0.9611111111111111, 
    0.3333333333333333, 
    0.9611111111111111, 
    0.9666666666666667, 
    0.9666666666666667
  ], 
  "parameters": {
    "cv_method": "k30", 
    "db": "iris", 
    "repetition": 3
  }, 
  "std": [
    0.09721538016427916, 
    0.08400115549895512, 
    0.09472012952598921, 
    0.0, 
    0.09472012952598922, 
    0.0807056996852504, 
    0.08070569968525038
  ]
}