{
  "adv_t": [
    1, 
    2, 
    1, 
    0, 
    4, 
    2, 
    5
  ], 
  "adv_w": [
    2, 
    2, 
    1, 
    0, 
    2, 
    2, 
    5
  ], 
  "clfs": [
    "Decision Tree", 
    "Naive Bayes", 
    "Linear SVM", 
    "Neural Net", 
    "RBF SVM", 
    "Random Forest", 
    "Nearest Neighbors"
  ], 
  "mean": [
    0.9440000000000002, 
    0.9493333333333333, 
    0.9293333333333335, 
    0.33333333333333337, 
    0.9586666666666666, 
    0.9480000000000001, 
    0.9653333333333334
  ], 
  "parameters": {
    "cv_method": "k2x5", 
    "db": "iris", 
    "repetition": 8
  }, 
  "std": [
    0.021591036091539773, 
    0.021591036091539804, 
    0.027433421088019515, 
    5.851389114294502e-17, 
    0.014673399128194877, 
    0.011674600476945476, 
    0.011243653902820935
  ]
}