{
  "adv_t": [
    1, 
    1, 
    1, 
    0, 
    1, 
    1, 
    1
  ], 
  "adv_w": [
    1, 
    1, 
    1, 
    0, 
    2, 
    1, 
    2
  ], 
  "clfs": [
    "Decision Tree", 
    "Naive Bayes", 
    "Linear SVM", 
    "Neural Net", 
    "RBF SVM", 
    "Random Forest", 
    "Nearest Neighbors"
  ], 
  "mean": [
    0.9555555555555554, 
    0.9555555555555554, 
    0.9583333333333334, 
    0.3333333333333332, 
    0.9666666666666665, 
    0.95, 
    0.9666666666666665
  ], 
  "parameters": {
    "cv_method": "k20", 
    "db": "iris", 
    "repetition": 6
  }, 
  "std": [
    0.07343781322082155, 
    0.07343781322082155, 
    0.06951750542671778, 
    1.1390647892519134e-16, 
    0.0707336473179348, 
    0.07409843653948334, 
    0.0707336473179348
  ]
}