{
  "adv_t": [
    1, 
    1, 
    1, 
    0, 
    1, 
    1, 
    1
  ], 
  "adv_w": [
    1, 
    1, 
    1, 
    0, 
    1, 
    1, 
    1
  ], 
  "clfs": [
    "Decision Tree", 
    "Naive Bayes", 
    "Linear SVM", 
    "Neural Net", 
    "RBF SVM", 
    "Random Forest", 
    "Nearest Neighbors"
  ], 
  "mean": [
    0.9444444444444445, 
    0.9555555555555556, 
    0.9500000000000001, 
    0.3333333333333333, 
    0.961111111111111, 
    0.9555555555555556, 
    0.961111111111111
  ], 
  "parameters": {
    "cv_method": "k30", 
    "db": "iris", 
    "repetition": 6
  }, 
  "std": [
    0.1101490920418778, 
    0.0868050766270313, 
    0.09932723887807293, 
    0.0, 
    0.08400115549895515, 
    0.09721538016427914, 
    0.08400115549895515
  ]
}