{
  "adv_t": [
    1,
    1,
    1,
    1,
    0,
    1,
    1
  ],
  "adv_w": [
    1,
    1,
    1,
    1,
    0,
    1,
    1
  ],
  "clfs": [
    "Nearest Neighbors",
    "RBF SVM",
    "Decision Tree",
    "Random Forest",
    "Neural Net",
    "Naive Bayes",
    "Linear SVM"
  ],
  "mean": [
    0.9666666666666667,
    0.961111111111111,
    0.9444444444444443,
    0.9444444444444444,
    0.3333333333333333,
    0.9555555555555555,
    0.9555555555555556
  ],
  "parameters": {
    "cv_method": "k30",
    "db": "iris",
    "repetition": 3
  },
  "std": [
    0.09181023240329132,
    0.09472012952598925,
    0.10107973914385378,
    0.12634967392981727,
    0.0,
    0.09721538016427911,
    0.0868050766270313
  ]
}