{
  "adv_t": [
    1, 
    1, 
    1, 
    0, 
    1, 
    1, 
    1
  ], 
  "adv_w": [
    1, 
    1, 
    1, 
    0, 
    1, 
    1, 
    1
  ], 
  "clfs": [
    "Decision Tree", 
    "Naive Bayes", 
    "Linear SVM", 
    "Neural Net", 
    "RBF SVM", 
    "Random Forest", 
    "Nearest Neighbors"
  ], 
  "mean": [
    0.9444444444444444, 
    0.95, 
    0.95, 
    0.3333333333333332, 
    0.9527777777777777, 
    0.95, 
    0.9527777777777777
  ], 
  "parameters": {
    "cv_method": "k20", 
    "db": "iris", 
    "repetition": 0
  }, 
  "std": [
    0.10963937578510338, 
    0.0899425851084146, 
    0.08994258510841462, 
    1.1390647892519134e-16, 
    0.09239257147875818, 
    0.0899425851084146, 
    0.09239257147875818
  ]
}