{
  "adv_t": [
    1,
    1,
    1,
    1,
    0,
    1,
    1
  ],
  "adv_w": [
    2,
    1,
    1,
    1,
    0,
    1,
    1
  ],
  "clfs": [
    "Nearest Neighbors",
    "RBF SVM",
    "Decision Tree",
    "Random Forest",
    "Neural Net",
    "Naive Bayes",
    "Linear SVM"
  ],
  "mean": [
    0.9666666666666668,
    0.961111111111111,
    0.9416666666666667,
    0.9361111111111112,
    0.3333333333333332,
    0.95,
    0.9583333333333334
  ],
  "parameters": {
    "cv_method": "k20",
    "db": "iris",
    "repetition": 1
  },
  "std": [
    0.06085806194501846,
    0.06269867707187053,
    0.07747434545724532,
    0.07705385743795619,
    1.1390647892519134e-16,
    0.08994258510841462,
    0.0862077367707928
  ]
}