{
  "adv_t": [
    1, 
    1, 
    1, 
    0, 
    2, 
    1, 
    1
  ], 
  "adv_w": [
    1, 
    1, 
    1, 
    0, 
    2, 
    1, 
    2
  ], 
  "clfs": [
    "Decision Tree", 
    "Naive Bayes", 
    "Linear SVM", 
    "Neural Net", 
    "RBF SVM", 
    "Random Forest", 
    "Nearest Neighbors"
  ], 
  "mean": [
    0.9506666666666668, 
    0.9466666666666669, 
    0.9293333333333333, 
    0.33333333333333337, 
    0.9573333333333334, 
    0.9466666666666667, 
    0.952
  ], 
  "parameters": {
    "cv_method": "k2x5", 
    "db": "iris", 
    "repetition": 9
  }, 
  "std": [
    0.0141246654062851, 
    0.01777777777777779, 
    0.036676766285827105, 
    5.851389114294502e-17, 
    0.020655911179772918, 
    0.014054567378526176, 
    0.019064542746246436
  ]
}