{
  "adv_t": [
    1, 
    1, 
    1, 
    0, 
    1, 
    1, 
    1
  ], 
  "adv_w": [
    1, 
    1, 
    2, 
    0, 
    1, 
    1, 
    2
  ], 
  "clfs": [
    "Decision Tree", 
    "Naive Bayes", 
    "Linear SVM", 
    "Neural Net", 
    "RBF SVM", 
    "Random Forest", 
    "Nearest Neighbors"
  ], 
  "mean": [
    0.9388888888888888, 
    0.9555555555555555, 
    0.9638888888888888, 
    0.3333333333333332, 
    0.9638888888888888, 
    0.9527777777777778, 
    0.9694444444444444
  ], 
  "parameters": {
    "cv_method": "k20", 
    "db": "iris", 
    "repetition": 2
  }, 
  "std": [
    0.096897955474709, 
    0.07343781322082153, 
    0.06810104101168055, 
    1.1390647892519134e-16, 
    0.06810104101168055, 
    0.07913395753952564, 
    0.06616526849515339
  ]
}