{
  "adv_t": [
    1, 
    1, 
    1, 
    0, 
    1, 
    1, 
    1
  ], 
  "adv_w": [
    1, 
    1, 
    1, 
    0, 
    1, 
    1, 
    1
  ], 
  "clfs": [
    "Decision Tree", 
    "Naive Bayes", 
    "Linear SVM", 
    "Neural Net", 
    "RBF SVM", 
    "Random Forest", 
    "Nearest Neighbors"
  ], 
  "mean": [
    0.961111111111111, 
    0.9555555555555557, 
    0.961111111111111, 
    0.3333333333333333, 
    0.9722222222222222, 
    0.9722222222222224, 
    0.9722222222222224
  ], 
  "parameters": {
    "cv_method": "k30", 
    "db": "iris", 
    "repetition": 0
  }, 
  "std": [
    0.07169717785867936, 
    0.0868050766270313, 
    0.07169717785867936, 
    0.0, 
    0.06317483696490862, 
    0.06317483696490861, 
    0.06317483696490861
  ]
}