{
  "adv_t": [
    1, 
    1, 
    1, 
    0, 
    1, 
    1, 
    1
  ], 
  "adv_w": [
    1, 
    1, 
    1, 
    0, 
    1, 
    1, 
    2
  ], 
  "clfs": [
    "Decision Tree", 
    "Naive Bayes", 
    "Linear SVM", 
    "Neural Net", 
    "RBF SVM", 
    "Random Forest", 
    "Nearest Neighbors"
  ], 
  "mean": [
    0.95, 
    0.9472222222222223, 
    0.9583333333333334, 
    0.3333333333333332, 
    0.9555555555555555, 
    0.9444444444444444, 
    0.961111111111111
  ], 
  "parameters": {
    "cv_method": "k20", 
    "db": "iris", 
    "repetition": 8
  }, 
  "std": [
    0.0899425851084146, 
    0.09274354167497138, 
    0.0862077367707928, 
    1.1390647892519134e-16, 
    0.09639371290825514, 
    0.09012301173931253, 
    0.08848592873528281
  ]
}