{
  "adv_t": [
    1,
    1,
    1,
    1,
    0,
    1,
    1
  ],
  "adv_w": [
    1,
    1,
    1,
    1,
    0,
    1,
    1
  ],
  "clfs": [
    "Nearest Neighbors",
    "RBF SVM",
    "Decision Tree",
    "Random Forest",
    "Neural Net",
    "Naive Bayes",
    "Linear SVM"
  ],
  "mean": [
    0.9666666666666668,
    0.9611111111111112,
    0.9611111111111112,
    0.9416666666666668,
    0.3333333333333332,
    0.9555555555555555,
    0.9583333333333334
  ],
  "parameters": {
    "cv_method": "k20",
    "db": "iris",
    "repetition": 5
  },
  "std": [
    0.060858061945018464,
    0.06269867707187053,
    0.06269867707187053,
    0.09447883790678059,
    1.1390647892519134e-16,
    0.06398099132915955,
    0.06714013159769025
  ]
}