{
  "adv_t": [
    1, 
    1, 
    1, 
    0, 
    1, 
    1, 
    1
  ], 
  "adv_w": [
    1, 
    1, 
    1, 
    0, 
    1, 
    1, 
    1
  ], 
  "clfs": [
    "Decision Tree", 
    "Naive Bayes", 
    "Linear SVM", 
    "Neural Net", 
    "RBF SVM", 
    "Random Forest", 
    "Nearest Neighbors"
  ], 
  "mean": [
    0.9466666666666669, 
    0.9480000000000001, 
    0.9373333333333335, 
    0.33333333333333337, 
    0.9546666666666667, 
    0.9573333333333334, 
    0.9560000000000001
  ], 
  "parameters": {
    "cv_method": "k2x5", 
    "db": "iris", 
    "repetition": 0
  }, 
  "std": [
    0.03142696805273547, 
    0.01596291999650487, 
    0.03773854171618454, 
    5.851389114294502e-17, 
    0.01686548085423134, 
    0.01755414902945027, 
    0.008999314102807326
  ]
}