{
  "adv_t": [
    1,
    1,
    1,
    1,
    0,
    1,
    1
  ],
  "adv_w": [
    1,
    1,
    1,
    1,
    0,
    1,
    1
  ],
  "clfs": [
    "Nearest Neighbors",
    "RBF SVM",
    "Decision Tree",
    "Random Forest",
    "Neural Net",
    "Naive Bayes",
    "Linear SVM"
  ],
  "mean": [
    0.9694444444444444,
    0.961111111111111,
    0.961111111111111,
    0.9527777777777777,
    0.3333333333333332,
    0.9555555555555557,
    0.9583333333333334
  ],
  "parameters": {
    "cv_method": "k20",
    "db": "iris",
    "repetition": 0
  },
  "std": [
    0.05548240798524753,
    0.08279553559673274,
    0.06269867707187053,
    0.08695819912499184,
    1.1390647892519134e-16,
    0.07343781322082155,
    0.07830854819205892
  ]
}