{
  "adv_t": [
    1, 
    1, 
    1, 
    0, 
    1, 
    1, 
    1
  ], 
  "adv_w": [
    1, 
    1, 
    1, 
    0, 
    1, 
    1, 
    1
  ], 
  "clfs": [
    "Decision Tree", 
    "Naive Bayes", 
    "Linear SVM", 
    "Neural Net", 
    "RBF SVM", 
    "Random Forest", 
    "Nearest Neighbors"
  ], 
  "mean": [
    0.9527777777777777, 
    0.9472222222222222, 
    0.95, 
    0.3333333333333332, 
    0.9527777777777777, 
    0.961111111111111, 
    0.9527777777777777
  ], 
  "parameters": {
    "cv_method": "k20", 
    "db": "iris", 
    "repetition": 4
  }, 
  "std": [
    0.07491602402871034, 
    0.0835280376485902, 
    0.09689795547470899, 
    1.1390647892519134e-16, 
    0.07491602402871034, 
    0.07004129479070481, 
    0.07491602402871034
  ]
}