{
  "adv_t": [
    1,
    1,
    1,
    1,
    0,
    1,
    1
  ],
  "adv_w": [
    1,
    1,
    1,
    1,
    0,
    1,
    1
  ],
  "clfs": [
    "Nearest Neighbors",
    "RBF SVM",
    "Decision Tree",
    "Random Forest",
    "Neural Net",
    "Naive Bayes",
    "Linear SVM"
  ],
  "mean": [
    0.9666666666666666,
    0.96,
    0.9533333333333334,
    0.9400000000000001,
    0.33333333333333337,
    0.9533333333333335,
    0.9466666666666667
  ],
  "parameters": {
    "cv_method": "k10",
    "db": "iris",
    "repetition": 7
  },
  "std": [
    0.035136418446315376,
    0.04661372658534008,
    0.05488484015657097,
    0.058373002384727535,
    5.851389114294502e-17,
    0.05488484015657097,
    0.05258737584977436
  ]
}