{
  "adv_t": [
    1,
    1,
    1,
    1,
    0,
    1,
    1
  ],
  "adv_w": [
    2,
    1,
    1,
    1,
    0,
    1,
    2
  ],
  "clfs": [
    "Nearest Neighbors",
    "RBF SVM",
    "Decision Tree",
    "Random Forest",
    "Neural Net",
    "Naive Bayes",
    "Linear SVM"
  ],
  "mean": [
    0.9666666666666668,
    0.9533333333333334,
    0.9400000000000001,
    0.9533333333333334,
    0.33333333333333337,
    0.9533333333333334,
    0.96
  ],
  "parameters": {
    "cv_method": "k10",
    "db": "iris",
    "repetition": 0
  },
  "std": [
    0.05665577237325316,
    0.05488484015657097,
    0.049190985824841445,
    0.08344437046897152,
    5.851389114294502e-17,
    0.06324555320336758,
    0.056218269514104524
  ]
}