{
  "adv_t": [
    1, 
    1, 
    1, 
    0, 
    4, 
    1, 
    3
  ], 
  "adv_w": [
    1, 
    2, 
    1, 
    0, 
    5, 
    1, 
    3
  ], 
  "clfs": [
    "Decision Tree", 
    "Naive Bayes", 
    "Linear SVM", 
    "Neural Net", 
    "RBF SVM", 
    "Random Forest", 
    "Nearest Neighbors"
  ], 
  "mean": [
    0.9453333333333335, 
    0.9506666666666668, 
    0.932, 
    0.33333333333333337, 
    0.9653333333333334, 
    0.9373333333333334, 
    0.9626666666666667
  ], 
  "parameters": {
    "cv_method": "k2x5", 
    "db": "iris", 
    "repetition": 1
  }, 
  "std": [
    0.028423603476123563, 
    0.022705848487901917, 
    0.028423603476123552, 
    5.851389114294502e-17, 
    0.016865480854231413, 
    0.021818555926459697, 
    0.02498394546232041
  ]
}