{
  "adv_t": [
    1, 
    1, 
    1, 
    0, 
    1, 
    1, 
    1
  ], 
  "adv_w": [
    1, 
    1, 
    1, 
    0, 
    1, 
    1, 
    1
  ], 
  "clfs": [
    "Decision Tree", 
    "Naive Bayes", 
    "Linear SVM", 
    "Neural Net", 
    "RBF SVM", 
    "Random Forest", 
    "Nearest Neighbors"
  ], 
  "mean": [
    0.9583333333333334, 
    0.9583333333333334, 
    0.9583333333333334, 
    0.3333333333333332, 
    0.961111111111111, 
    0.961111111111111, 
    0.9666666666666666
  ], 
  "parameters": {
    "cv_method": "k20", 
    "db": "iris", 
    "repetition": 3
  }, 
  "std": [
    0.05944020862647989, 
    0.06951750542671778, 
    0.06951750542671778, 
    1.1390647892519134e-16, 
    0.06269867707187053, 
    0.06269867707187053, 
    0.06085806194501846
  ]
}