{
  "adv_t": [
    1, 
    1, 
    1, 
    0, 
    1, 
    1, 
    1
  ], 
  "adv_w": [
    1, 
    1, 
    1, 
    0, 
    1, 
    1, 
    1
  ], 
  "clfs": [
    "Decision Tree", 
    "Naive Bayes", 
    "Linear SVM", 
    "Neural Net", 
    "RBF SVM", 
    "Random Forest", 
    "Nearest Neighbors"
  ], 
  "mean": [
    0.9466666666666669, 
    0.9533333333333335, 
    0.9533333333333335, 
    0.33333333333333337, 
    0.9600000000000002, 
    0.9533333333333335, 
    0.9600000000000002
  ], 
  "parameters": {
    "cv_method": "k10", 
    "db": "iris", 
    "repetition": 4
  }, 
  "std": [
    0.06126243889817876, 
    0.06324555320336758, 
    0.04499657051403688, 
    5.851389114294502e-17, 
    0.04661372658534008, 
    0.05488484015657097, 
    0.04661372658534008
  ]
}