{
  "adv_t": [
    1, 
    1, 
    1, 
    0, 
    1, 
    1, 
    1
  ], 
  "adv_w": [
    1, 
    1, 
    1, 
    0, 
    1, 
    1, 
    1
  ], 
  "clfs": [
    "Decision Tree", 
    "Naive Bayes", 
    "Linear SVM", 
    "Neural Net", 
    "RBF SVM", 
    "Random Forest", 
    "Nearest Neighbors"
  ], 
  "mean": [
    0.9527777777777777, 
    0.9527777777777777, 
    0.961111111111111, 
    0.3333333333333332, 
    0.9722222222222223, 
    0.95, 
    0.9611111111111112
  ], 
  "parameters": {
    "cv_method": "k20", 
    "db": "iris", 
    "repetition": 1
  }, 
  "std": [
    0.07491602402871034, 
    0.07705385743795619, 
    0.07232336597363943, 
    1.1390647892519134e-16, 
    0.06863564090237134, 
    0.096897955474709, 
    0.08848592873528283
  ]
}