{
  "adv_t": [
    1, 
    1, 
    1, 
    0, 
    1, 
    1, 
    1
  ], 
  "adv_w": [
    1, 
    1, 
    1, 
    0, 
    1, 
    1, 
    1
  ], 
  "clfs": [
    "Decision Tree", 
    "Naive Bayes", 
    "Linear SVM", 
    "Neural Net", 
    "RBF SVM", 
    "Random Forest", 
    "Nearest Neighbors"
  ], 
  "mean": [
    0.9472222222222223, 
    0.9527777777777778, 
    0.9555555555555555, 
    0.3333333333333332, 
    0.961111111111111, 
    0.9555555555555555, 
    0.9666666666666666
  ], 
  "parameters": {
    "cv_method": "k20", 
    "db": "iris", 
    "repetition": 9
  }, 
  "std": [
    0.07747434545724532, 
    0.07705385743795617, 
    0.07119147505746526, 
    1.1390647892519134e-16, 
    0.06269867707187053, 
    0.07343781322082153, 
    0.06085806194501846
  ]
}