{
  "adv_t": [
    1,
    1,
    1,
    1,
    0,
    1,
    1
  ],
  "adv_w": [
    1,
    1,
    1,
    1,
    0,
    1,
    1
  ],
  "clfs": [
    "Nearest Neighbors",
    "RBF SVM",
    "Decision Tree",
    "Random Forest",
    "Neural Net",
    "Naive Bayes",
    "Linear SVM"
  ],
  "mean": [
    0.9666666666666667,
    0.9611111111111111,
    0.9611111111111111,
    0.9555555555555556,
    0.3333333333333333,
    0.9555555555555557,
    0.9666666666666668
  ],
  "parameters": {
    "cv_method": "k30",
    "db": "iris",
    "repetition": 2
  },
  "std": [
    0.08070569968525038,
    0.09472012952598922,
    0.08400115549895514,
    0.09721538016427914,
    0.0,
    0.0868050766270313,
    0.06780635036208099
  ]
}