{
  "adv_t": [
    1, 
    1, 
    1, 
    0, 
    1, 
    1, 
    2
  ], 
  "adv_w": [
    1, 
    2, 
    1, 
    0, 
    1, 
    1, 
    4
  ], 
  "clfs": [
    "Decision Tree", 
    "Naive Bayes", 
    "Linear SVM", 
    "Neural Net", 
    "RBF SVM", 
    "Random Forest", 
    "Nearest Neighbors"
  ], 
  "mean": [
    0.9400000000000001, 
    0.944, 
    0.9279999999999999, 
    0.33333333333333337, 
    0.9466666666666667, 
    0.9413333333333334, 
    0.9533333333333334
  ], 
  "parameters": {
    "cv_method": "k2x5", 
    "db": "iris", 
    "repetition": 5
  }, 
  "std": [
    0.025337231668869774, 
    0.028665805327283744, 
    0.03884759712606608, 
    5.851389114294502e-17, 
    0.020846292265881965, 
    0.029614811109258156, 
    0.022879178091082274
  ]
}