{
  "adv_t": [
    1, 
    1, 
    1, 
    0, 
    1, 
    1, 
    1
  ], 
  "adv_w": [
    1, 
    1, 
    1, 
    0, 
    1, 
    1, 
    1
  ], 
  "clfs": [
    "Decision Tree", 
    "Naive Bayes", 
    "Linear SVM", 
    "Neural Net", 
    "RBF SVM", 
    "Random Forest", 
    "Nearest Neighbors"
  ], 
  "mean": [
    0.9555555555555555, 
    0.961111111111111, 
    0.9666666666666667, 
    0.3333333333333333, 
    0.9666666666666666, 
    0.9388888888888889, 
    0.9722222222222221
  ], 
  "parameters": {
    "cv_method": "k30", 
    "db": "iris", 
    "repetition": 2
  }, 
  "std": [
    0.0868050766270313, 
    0.07169717785867936, 
    0.06780635036208102, 
    0.0, 
    0.06780635036208102, 
    0.10249131664306302, 
    0.06317483696490858
  ]
}