{
  "adv_t": [
    1, 
    1, 
    1, 
    0, 
    3, 
    1, 
    1
  ], 
  "adv_w": [
    1, 
    1, 
    1, 
    0, 
    2, 
    1, 
    1
  ], 
  "clfs": [
    "Decision Tree", 
    "Naive Bayes", 
    "Linear SVM", 
    "Neural Net", 
    "RBF SVM", 
    "Random Forest", 
    "Nearest Neighbors"
  ], 
  "mean": [
    0.9426666666666665, 
    0.9559999999999998, 
    0.9386666666666666, 
    0.33333333333333337, 
    0.9666666666666668, 
    0.9480000000000001, 
    0.9506666666666665
  ], 
  "parameters": {
    "cv_method": "k2x5", 
    "db": "iris", 
    "repetition": 2
  }, 
  "std": [
    0.028837561240014842, 
    0.016688874093794343, 
    0.028249330812570177, 
    5.851389114294502e-17, 
    0.011331154474650662, 
    0.011674600476945476, 
    0.01668887409379435
  ]
}