{
  "adv_t": [
    1, 
    1, 
    1, 
    0, 
    1, 
    1, 
    1
  ], 
  "adv_w": [
    1, 
    1, 
    1, 
    0, 
    1, 
    1, 
    1
  ], 
  "clfs": [
    "Decision Tree", 
    "Naive Bayes", 
    "Linear SVM", 
    "Neural Net", 
    "RBF SVM", 
    "Random Forest", 
    "Nearest Neighbors"
  ], 
  "mean": [
    0.9444444444444445, 
    0.9555555555555556, 
    0.9611111111111111, 
    0.3333333333333333, 
    0.9611111111111111, 
    0.9555555555555556, 
    0.9666666666666668
  ], 
  "parameters": {
    "cv_method": "k30", 
    "db": "iris", 
    "repetition": 7
  }, 
  "std": [
    0.10107973914385378, 
    0.0868050766270313, 
    0.08400115549895514, 
    0.0, 
    0.08400115549895514, 
    0.0868050766270313, 
    0.08070569968525038
  ]
}