{
  "adv_t": [
    1,
    1,
    1,
    1,
    0,
    1,
    1
  ],
  "adv_w": [
    1,
    1,
    1,
    1,
    0,
    1,
    1
  ],
  "clfs": [
    "Nearest Neighbors",
    "RBF SVM",
    "Decision Tree",
    "Random Forest",
    "Neural Net",
    "Naive Bayes",
    "Linear SVM"
  ],
  "mean": [
    0.9666666666666666,
    0.96,
    0.9533333333333334,
    0.9466666666666667,
    0.33333333333333337,
    0.9533333333333334,
    0.96
  ],
  "parameters": {
    "cv_method": "k10",
    "db": "iris",
    "repetition": 2
  },
  "std": [
    0.04714045207910319,
    0.034426518632954865,
    0.03220305943597658,
    0.05258737584977436,
    5.851389114294502e-17,
    0.03220305943597658,
    0.04661372658534009
  ]
}