{
  "adv_t": [
    1,
    1,
    1,
    1,
    0,
    1,
    1
  ],
  "adv_w": [
    1,
    1,
    1,
    1,
    0,
    1,
    1
  ],
  "clfs": [
    "Nearest Neighbors",
    "RBF SVM",
    "Decision Tree",
    "Random Forest",
    "Neural Net",
    "Naive Bayes",
    "Linear SVM"
  ],
  "mean": [
    0.9527777777777778,
    0.9527777777777778,
    0.9527777777777778,
    0.9555555555555555,
    0.3333333333333332,
    0.9472222222222222,
    0.9583333333333334
  ],
  "parameters": {
    "cv_method": "k20",
    "db": "iris",
    "repetition": 8
  },
  "std": [
    0.09239257147875818,
    0.09239257147875818,
    0.09239257147875818,
    0.07119147505746527,
    1.1390647892519134e-16,
    0.0835280376485902,
    0.07620592122761488
  ]
}