{
  "adv_t": [
    4,
    2,
    1,
    1,
    0,
    1,
    1
  ],
  "adv_w": [
    4,
    4,
    2,
    2,
    0,
    2,
    1
  ],
  "clfs": [
    "Nearest Neighbors",
    "RBF SVM",
    "Decision Tree",
    "Random Forest",
    "Neural Net",
    "Naive Bayes",
    "Linear SVM"
  ],
  "mean": [
    0.9640000000000001,
    0.9586666666666666,
    0.9426666666666665,
    0.9466666666666667,
    0.33333333333333337,
    0.9466666666666667,
    0.9253333333333332
  ],
  "parameters": {
    "cv_method": "k2x5",
    "db": "iris",
    "repetition": 7
  },
  "std": [
    0.01783324679799016,
    0.023051204408693307,
    0.025953424570055905,
    0.022662308949301293,
    5.851389114294502e-17,
    0.03265986323710908,
    0.03510829805890046
  ]
}