{
  "adv_t": [
    1,
    0,
    3,
    3,
    0,
    0,
    3
  ],
  "adv_w": [
    0,
    0,
    3,
    3,
    0,
    0,
    3
  ],
  "clfs": [
    "Nearest Neighbors",
    "RBF SVM",
    "Decision Tree",
    "Random Forest",
    "Neural Net",
    "Naive Bayes",
    "Linear SVM"
  ],
  "mean": [
    0.6418300653594772,
    0.591830065359477,
    0.6766339869281047,
    0.6843137254901961,
    0.5771241830065358,
    0.5650326797385621,
    0.7016339869281044
  ],
  "parameters": {
    "cv_method": "k20",
    "db": "liver",
    "repetition": 9
  },
  "std": [
    0.14153482401803236,
    0.03155797455864572,
    0.13047136425162534,
    0.11957296838654063,
    0.018253908553946326,
    0.12028302927578745,
    0.07978211378386604
  ]
}