{
  "adv_t": [
    3, 
    0, 
    5, 
    0, 
    0, 
    3, 
    3
  ], 
  "adv_w": [
    3, 
    0, 
    4, 
    0, 
    0, 
    3, 
    3
  ], 
  "clfs": [
    "Decision Tree", 
    "Naive Bayes", 
    "Linear SVM", 
    "Neural Net", 
    "RBF SVM", 
    "Random Forest", 
    "Nearest Neighbors"
  ], 
  "mean": [
    0.6283741094233097, 
    0.5588755209033472, 
    0.6886913563651029, 
    0.5797116547923109, 
    0.5808744454899852, 
    0.6516232020432853, 
    0.6440415378411076
  ], 
  "parameters": {
    "cv_method": "k2x5", 
    "db": "liver", 
    "repetition": 8
  }, 
  "std": [
    0.022685219471957566, 
    0.03801430745235087, 
    0.032084190263515555, 
    0.00976605686065932, 
    0.00734398177798261, 
    0.029965193742961138, 
    0.027545280923860962
  ]
}