{
  "adv_t": [
    0,
    0,
    0,
    0,
    0,
    0,
    3
  ],
  "adv_w": [
    0,
    0,
    0,
    0,
    0,
    0,
    3
  ],
  "clfs": [
    "Nearest Neighbors",
    "RBF SVM",
    "Decision Tree",
    "Random Forest",
    "Neural Net",
    "Naive Bayes",
    "Linear SVM"
  ],
  "mean": [
    0.6527731092436975,
    0.5972268907563025,
    0.6550420168067226,
    0.675546218487395,
    0.6031932773109243,
    0.5623529411764705,
    0.7012605042016807
  ],
  "parameters": {
    "cv_method": "k10",
    "db": "liver",
    "repetition": 2
  },
  "std": [
    0.09642838326307089,
    0.017533537314433075,
    0.08219391456025352,
    0.10402189996942804,
    0.037461360069571036,
    0.07813549633684629,
    0.0718412312270424
  ]
}