{
  "adv_t": [
    3, 
    0, 
    3, 
    0, 
    1, 
    3, 
    2
  ], 
  "adv_w": [
    3, 
    0, 
    3, 
    0, 
    1, 
    3, 
    3
  ], 
  "clfs": [
    "Decision Tree", 
    "Naive Bayes", 
    "Linear SVM", 
    "Neural Net", 
    "RBF SVM", 
    "Random Forest", 
    "Nearest Neighbors"
  ], 
  "mean": [
    0.6839495798319327, 
    0.564873949579832, 
    0.6923529411764706, 
    0.576890756302521, 
    0.5913445378151259, 
    0.6692436974789917, 
    0.6460504201680672
  ], 
  "parameters": {
    "cv_method": "k10", 
    "db": "liver", 
    "repetition": 9
  }, 
  "std": [
    0.10401284808650345, 
    0.06692485840633733, 
    0.08343432432383248, 
    0.010490186728893016, 
    0.013938494689969811, 
    0.0627603522873916, 
    0.10177577329155496
  ]
}