{
  "adv_t": [
    1, 
    0, 
    3, 
    0, 
    0, 
    2, 
    0
  ], 
  "adv_w": [
    0, 
    0, 
    0, 
    0, 
    0, 
    0, 
    0
  ], 
  "clfs": [
    "Decision Tree", 
    "Naive Bayes", 
    "Linear SVM", 
    "Neural Net", 
    "RBF SVM", 
    "Random Forest", 
    "Nearest Neighbors"
  ], 
  "mean": [
    0.6692436974789915, 
    0.5647058823529412, 
    0.6953781512605043, 
    0.602689075630252, 
    0.5857142857142856, 
    0.6780672268907563, 
    0.6401680672268908
  ], 
  "parameters": {
    "cv_method": "k10", 
    "db": "liver", 
    "repetition": 2
  }, 
  "std": [
    0.0740049448970694, 
    0.09831813066378454, 
    0.06519243025353035, 
    0.046422265310613414, 
    0.022880199279173286, 
    0.07183052717450564, 
    0.08689326661920728
  ]
}