{
  "adv_t": [
    1,
    1,
    4,
    4,
    0,
    0,
    4
  ],
  "adv_w": [
    0,
    0,
    4,
    4,
    0,
    0,
    4
  ],
  "clfs": [
    "Nearest Neighbors",
    "RBF SVM",
    "Decision Tree",
    "Random Forest",
    "Neural Net",
    "Naive Bayes",
    "Linear SVM"
  ],
  "mean": [
    0.6142857142857143,
    0.5885714285714284,
    0.6785714285714286,
    0.6988235294117647,
    0.5739495798319327,
    0.5594117647058823,
    0.6899159663865546
  ],
  "parameters": {
    "cv_method": "k10",
    "db": "liver",
    "repetition": 8
  },
  "std": [
    0.07060824046252104,
    0.0182490363739703,
    0.052881489333215397,
    0.05481643140653295,
    0.017737972211750778,
    0.08076757714250028,
    0.09853336849186234
  ]
}