{
  "adv_t": [
    3, 
    0, 
    3, 
    0, 
    1, 
    3, 
    3
  ], 
  "adv_w": [
    3, 
    0, 
    3, 
    0, 
    0, 
    3, 
    3
  ], 
  "clfs": [
    "Decision Tree", 
    "Naive Bayes", 
    "Linear SVM", 
    "Neural Net", 
    "RBF SVM", 
    "Random Forest", 
    "Nearest Neighbors"
  ], 
  "mean": [
    0.6692436974789915, 
    0.5421008403361345, 
    0.6894957983193277, 
    0.5797478991596637, 
    0.5972268907563024, 
    0.6752100840336135, 
    0.6550420168067226
  ], 
  "parameters": {
    "cv_method": "k10", 
    "db": "liver", 
    "repetition": 0
  }, 
  "std": [
    0.08904937688975102, 
    0.0613137689357649, 
    0.07398697170268473, 
    0.048310111571857994, 
    0.026097214079204397, 
    0.06176232393128007, 
    0.0785905247993376
  ]
}