{
  "adv_t": [
    2, 
    0, 
    6, 
    0, 
    1, 
    3, 
    4
  ], 
  "adv_w": [
    3, 
    0, 
    6, 
    0, 
    1, 
    3, 
    4
  ], 
  "clfs": [
    "Decision Tree", 
    "Naive Bayes", 
    "Linear SVM", 
    "Neural Net", 
    "RBF SVM", 
    "Random Forest", 
    "Nearest Neighbors"
  ], 
  "mean": [
    0.6063785455034278, 
    0.5554073128108616, 
    0.6701606398709504, 
    0.5855659362817583, 
    0.5837646189003898, 
    0.6289319801048527, 
    0.6324707621992204
  ], 
  "parameters": {
    "cv_method": "k2x5", 
    "db": "liver", 
    "repetition": 1
  }, 
  "std": [
    0.024785479710761598, 
    0.043874459606431264, 
    0.028723507993021518, 
    0.03436658733038269, 
    0.004746418828835797, 
    0.03820142251950209, 
    0.014775852954049233
  ]
}