{
  "adv_t": [
    2, 
    0, 
    5, 
    0, 
    0, 
    4, 
    4
  ], 
  "adv_w": [
    1, 
    0, 
    5, 
    0, 
    0, 
    4, 
    4
  ], 
  "clfs": [
    "Decision Tree", 
    "Naive Bayes", 
    "Linear SVM", 
    "Neural Net", 
    "RBF SVM", 
    "Random Forest", 
    "Nearest Neighbors"
  ], 
  "mean": [
    0.6087142088990455, 
    0.5645886543890308, 
    0.6689642425057132, 
    0.5890375050410002, 
    0.5837780615674151, 
    0.6370647936550611, 
    0.645805887888157
  ], 
  "parameters": {
    "cv_method": "k2x5", 
    "db": "liver", 
    "repetition": 4
  }, 
  "std": [
    0.030484553005732804, 
    0.06664364296323093, 
    0.027281517707610985, 
    0.036616596302894974, 
    0.007901442213240602, 
    0.03631773412421853, 
    0.03434339518227645
  ]
}