{
  "adv_t": [
    3, 
    0, 
    4, 
    0, 
    0, 
    5, 
    3
  ], 
  "adv_w": [
    3, 
    0, 
    4, 
    0, 
    2, 
    5, 
    2
  ], 
  "clfs": [
    "Decision Tree", 
    "Naive Bayes", 
    "Linear SVM", 
    "Neural Net", 
    "RBF SVM", 
    "Random Forest", 
    "Nearest Neighbors"
  ], 
  "mean": [
    0.6521212121212121, 
    0.5589898989898988, 
    0.6953535353535353, 
    0.5825757575757576, 
    0.5970202020202021, 
    0.7025757575757575, 
    0.6388383838383838
  ], 
  "parameters": {
    "cv_method": "k30", 
    "db": "liver", 
    "repetition": 3
  }, 
  "std": [
    0.10516008204105348, 
    0.1195205459700773, 
    0.12015206089559255, 
    0.023111520159428467, 
    0.041935313925438755, 
    0.11483702172992218, 
    0.11899985041345729
  ]
}