{
  "adv_t": [
    3,
    0,
    4,
    3,
    0,
    0,
    4
  ],
  "adv_w": [
    3,
    0,
    4,
    4,
    0,
    0,
    4
  ],
  "clfs": [
    "Nearest Neighbors",
    "RBF SVM",
    "Decision Tree",
    "Random Forest",
    "Neural Net",
    "Naive Bayes",
    "Linear SVM"
  ],
  "mean": [
    0.6410101010101011,
    0.5944949494949496,
    0.6867676767676769,
    0.6776767676767679,
    0.5853535353535354,
    0.5719191919191918,
    0.6909090909090908
  ],
  "parameters": {
    "cv_method": "k30",
    "db": "liver",
    "repetition": 6
  },
  "std": [
    0.1101337112992388,
    0.03731022260746011,
    0.10109508789757943,
    0.11060994921188107,
    0.03533984907000188,
    0.15828388299165566,
    0.11982883626900176
  ]
}