{
  "adv_t": [
    2, 
    0, 
    3, 
    0, 
    0, 
    3, 
    1
  ], 
  "adv_w": [
    1, 
    0, 
    3, 
    0, 
    1, 
    3, 
    1
  ], 
  "clfs": [
    "Decision Tree", 
    "Naive Bayes", 
    "Linear SVM", 
    "Neural Net", 
    "RBF SVM", 
    "Random Forest", 
    "Nearest Neighbors"
  ], 
  "mean": [
    0.6514141414141414, 
    0.5465151515151515, 
    0.695050505050505, 
    0.5859090909090909, 
    0.5942424242424242, 
    0.6564646464646465, 
    0.6306565656565656
  ], 
  "parameters": {
    "cv_method": "k30", 
    "db": "liver", 
    "repetition": 9
  }, 
  "std": [
    0.1610907953460677, 
    0.12785181365312526, 
    0.11235673343774481, 
    0.044107791745631245, 
    0.04548309796367924, 
    0.14324721286335113, 
    0.13885947885318478
  ]
}