{
  "adv_t": [
    3, 
    0, 
    6, 
    1, 
    1, 
    3, 
    3
  ], 
  "adv_w": [
    3, 
    0, 
    6, 
    1, 
    1, 
    4, 
    3
  ], 
  "clfs": [
    "Decision Tree", 
    "Naive Bayes", 
    "Linear SVM", 
    "Neural Net", 
    "RBF SVM", 
    "Random Forest", 
    "Nearest Neighbors"
  ], 
  "mean": [
    0.6295738674553031, 
    0.5367757763140206, 
    0.6788614061029709, 
    0.5785522247613927, 
    0.5797217367925798, 
    0.6440482591746203, 
    0.6272550073934668
  ], 
  "parameters": {
    "cv_method": "k2x5", 
    "db": "liver", 
    "repetition": 2
  }, 
  "std": [
    0.0458982936984343, 
    0.029845449951241432, 
    0.02028047098081179, 
    0.003509433015126062, 
    0.005851846332323311, 
    0.029299900941820944, 
    0.0172695927203099
  ]
}