{
  "adv_t": [
    0,
    0,
    0,
    3,
    0,
    0,
    3
  ],
  "adv_w": [
    0,
    0,
    0,
    3,
    0,
    0,
    3
  ],
  "clfs": [
    "Nearest Neighbors",
    "RBF SVM",
    "Decision Tree",
    "Random Forest",
    "Neural Net",
    "Naive Bayes",
    "Linear SVM"
  ],
  "mean": [
    0.622875816993464,
    0.5916666666666666,
    0.6527777777777778,
    0.6787581699346404,
    0.5830065359477122,
    0.5655228758169935,
    0.6991830065359474
  ],
  "parameters": {
    "cv_method": "k20",
    "db": "liver",
    "repetition": 3
  },
  "std": [
    0.12173921178026635,
    0.028041605122456684,
    0.11854601982588671,
    0.11079752994057254,
    0.02084180507246867,
    0.10673759146549985,
    0.08897102454845641
  ]
}