{
  "adv_t": [
    0,
    0,
    3,
    4,
    0,
    0,
    3
  ],
  "adv_w": [
    0,
    0,
    3,
    3,
    0,
    0,
    3
  ],
  "clfs": [
    "Nearest Neighbors",
    "RBF SVM",
    "Decision Tree",
    "Random Forest",
    "Neural Net",
    "Naive Bayes",
    "Linear SVM"
  ],
  "mean": [
    0.6372727272727273,
    0.5909090909090909,
    0.6824242424242425,
    0.7229292929292932,
    0.5831313131313132,
    0.5622222222222223,
    0.6887373737373738
  ],
  "parameters": {
    "cv_method": "k30",
    "db": "liver",
    "repetition": 3
  },
  "std": [
    0.13045033106981005,
    0.03455077045754962,
    0.11862681807137412,
    0.10856115811828249,
    0.027477270050360394,
    0.14859140043476954,
    0.09728566870403364
  ]
}