{
  "adv_t": [
    0, 
    0, 
    6, 
    0, 
    0, 
    3, 
    3
  ], 
  "adv_w": [
    0, 
    0, 
    6, 
    0, 
    0, 
    2, 
    2
  ], 
  "clfs": [
    "Decision Tree", 
    "Naive Bayes", 
    "Linear SVM", 
    "Neural Net", 
    "RBF SVM", 
    "Random Forest", 
    "Nearest Neighbors"
  ], 
  "mean": [
    0.6156237397499663, 
    0.5524566473988439, 
    0.6811601021642694, 
    0.5779708294125554, 
    0.5831966662185778, 
    0.6399852130662724, 
    0.637145449657212
  ], 
  "parameters": {
    "cv_method": "k2x5", 
    "db": "liver", 
    "repetition": 9
  }, 
  "std": [
    0.044346245099281104, 
    0.06549043182652815, 
    0.022327320541006276, 
    0.005200593650090438, 
    0.004898489951848275, 
    0.02846435674563758, 
    0.038726864032559344
  ]
}