{
  "adv_t": [
    3, 
    0, 
    3, 
    0, 
    0, 
    3, 
    0
  ], 
  "adv_w": [
    3, 
    0, 
    4, 
    0, 
    0, 
    1, 
    0
  ], 
  "clfs": [
    "Decision Tree", 
    "Naive Bayes", 
    "Linear SVM", 
    "Neural Net", 
    "RBF SVM", 
    "Random Forest", 
    "Nearest Neighbors"
  ], 
  "mean": [
    0.7017676767676767, 
    0.5641919191919192, 
    0.6986868686868686, 
    0.585858585858586, 
    0.5967171717171719, 
    0.6779292929292927, 
    0.6452020202020203
  ], 
  "parameters": {
    "cv_method": "k30", 
    "db": "liver", 
    "repetition": 4
  }, 
  "std": [
    0.15057655117389016, 
    0.1247285665306176, 
    0.09700049580556615, 
    0.030880940049400257, 
    0.03680738331982364, 
    0.1468895187545648, 
    0.12015347740285837
  ]
}