{
  "adv_t": [
    3, 
    0, 
    3, 
    0, 
    0, 
    5, 
    3
  ], 
  "adv_w": [
    3, 
    0, 
    3, 
    0, 
    0, 
    5, 
    1
  ], 
  "clfs": [
    "Decision Tree", 
    "Naive Bayes", 
    "Linear SVM", 
    "Neural Net", 
    "RBF SVM", 
    "Random Forest", 
    "Nearest Neighbors"
  ], 
  "mean": [
    0.6643939393939391, 
    0.5603535353535352, 
    0.6971212121212121, 
    0.5853535353535354, 
    0.5970202020202021, 
    0.7257575757575759, 
    0.6474242424242423
  ], 
  "parameters": {
    "cv_method": "k30", 
    "db": "liver", 
    "repetition": 2
  }, 
  "std": [
    0.11102912890145002, 
    0.13338087124753492, 
    0.1343431822762489, 
    0.035339849070001865, 
    0.041935313925438755, 
    0.10945891718716877, 
    0.128224009943066
  ]
}