{
  "adv_t": [
    3,
    0,
    3,
    3,
    0,
    0,
    3
  ],
  "adv_w": [
    3,
    0,
    3,
    4,
    0,
    0,
    3
  ],
  "clfs": [
    "Nearest Neighbors",
    "RBF SVM",
    "Decision Tree",
    "Random Forest",
    "Neural Net",
    "Naive Bayes",
    "Linear SVM"
  ],
  "mean": [
    0.6378282828282829,
    0.5858585858585861,
    0.663030303030303,
    0.6893939393939392,
    0.57979797979798,
    0.5555555555555556,
    0.6874747474747475
  ],
  "parameters": {
    "cv_method": "k30",
    "db": "liver",
    "repetition": 1
  },
  "std": [
    0.12568137544434507,
    0.019587483399522237,
    0.1635413246204687,
    0.1368180053483647,
    0.01680305802024702,
    0.14988534789177846,
    0.13536025446394037
  ]
}