{
  "adv_t": [
    2,
    0,
    3,
    4,
    0,
    0,
    3
  ],
  "adv_w": [
    2,
    1,
    3,
    4,
    1,
    0,
    4
  ],
  "clfs": [
    "Nearest Neighbors",
    "RBF SVM",
    "Decision Tree",
    "Random Forest",
    "Neural Net",
    "Naive Bayes",
    "Linear SVM"
  ],
  "mean": [
    0.6344771241830065,
    0.5972222222222221,
    0.6491830065359476,
    0.6870915032679739,
    0.5972222222222221,
    0.5624183006535948,
    0.6905228758169935
  ],
  "parameters": {
    "cv_method": "k20",
    "db": "liver",
    "repetition": 5
  },
  "std": [
    0.08794672454550681,
    0.025619857570337135,
    0.09188501502728216,
    0.0975960342002488,
    0.05218939654849332,
    0.09429795345905703,
    0.1286956415464391
  ]
}