{
  "adv_t": [
    2,
    0,
    2,
    2,
    0,
    0,
    2
  ],
  "adv_w": [
    1,
    0,
    0,
    0,
    0,
    0,
    0
  ],
  "clfs": [
    "Nearest Neighbors",
    "RBF SVM",
    "Decision Tree",
    "Random Forest",
    "Neural Net",
    "Naive Bayes",
    "Linear SVM"
  ],
  "mean": [
    0.6609243697478993,
    0.5856302521008402,
    0.6612605042016806,
    0.6611764705882354,
    0.6172268907563024,
    0.5533613445378152,
    0.694873949579832
  ],
  "parameters": {
    "cv_method": "k10",
    "db": "liver",
    "repetition": 6
  },
  "std": [
    0.05556853962467254,
    0.015149116141101125,
    0.07740672220049986,
    0.061471416312145734,
    0.07106818515653292,
    0.07977269412520277,
    0.09710273015488491
  ]
}