{
  "adv_t": [
    1,
    0,
    3,
    4,
    0,
    0,
    4
  ],
  "adv_w": [
    0,
    1,
    3,
    4,
    0,
    0,
    4
  ],
  "clfs": [
    "Nearest Neighbors",
    "RBF SVM",
    "Decision Tree",
    "Random Forest",
    "Neural Net",
    "Naive Bayes",
    "Linear SVM"
  ],
  "mean": [
    0.6284313725490196,
    0.5916666666666666,
    0.6870915032679739,
    0.6869281045751633,
    0.5771241830065358,
    0.5666666666666667,
    0.7006535947712416
  ],
  "parameters": {
    "cv_method": "k20",
    "db": "liver",
    "repetition": 6
  },
  "std": [
    0.10268819143743141,
    0.028041605122456684,
    0.09524675198829179,
    0.07816288180352311,
    0.018253908553946326,
    0.13497708593170313,
    0.07613600253083234
  ]
}