{
  "adv_t": [
    3, 
    0, 
    3, 
    1, 
    1, 
    3, 
    1
  ], 
  "adv_w": [
    3, 
    0, 
    3, 
    1, 
    1, 
    3, 
    1
  ], 
  "clfs": [
    "Decision Tree", 
    "Naive Bayes", 
    "Linear SVM", 
    "Neural Net", 
    "RBF SVM", 
    "Random Forest", 
    "Nearest Neighbors"
  ], 
  "mean": [
    0.6690756302521008, 
    0.5563865546218486, 
    0.684453781512605, 
    0.5912605042016806, 
    0.5972268907563023, 
    0.6927731092436975, 
    0.6378151260504201
  ], 
  "parameters": {
    "cv_method": "k10", 
    "db": "liver", 
    "repetition": 8
  }, 
  "std": [
    0.07716342036277757, 
    0.05580272051309284, 
    0.0676541627415142, 
    0.02110788769753084, 
    0.02210951891037494, 
    0.07791466450318917, 
    0.0930967035412576
  ]
}