{
  "adv_t": [
    3, 
    0, 
    4, 
    0, 
    0, 
    3, 
    1
  ], 
  "adv_w": [
    3, 
    0, 
    4, 
    0, 
    0, 
    3, 
    0
  ], 
  "clfs": [
    "Decision Tree", 
    "Naive Bayes", 
    "Linear SVM", 
    "Neural Net", 
    "RBF SVM", 
    "Random Forest", 
    "Nearest Neighbors"
  ], 
  "mean": [
    0.6410924369747899, 
    0.5478151260504202, 
    0.6839495798319327, 
    0.5855462184873949, 
    0.5973109243697479, 
    0.663361344537815, 
    0.6366386554621848
  ], 
  "parameters": {
    "cv_method": "k10", 
    "db": "liver", 
    "repetition": 7
  }, 
  "std": [
    0.06420306166357087, 
    0.10137459623949571, 
    0.04076462802525794, 
    0.01727090094610438, 
    0.024700101586825868, 
    0.08307029550379748, 
    0.11764319054598202
  ]
}