{
  "adv_t": [
    3, 
    0, 
    3, 
    0, 
    0, 
    3, 
    3
  ], 
  "adv_w": [
    3, 
    0, 
    3, 
    0, 
    0, 
    4, 
    3
  ], 
  "clfs": [
    "Decision Tree", 
    "Naive Bayes", 
    "Linear SVM", 
    "Neural Net", 
    "RBF SVM", 
    "Random Forest", 
    "Nearest Neighbors"
  ], 
  "mean": [
    0.6965686274509804, 
    0.5534313725490195, 
    0.6933006535947713, 
    0.5977124183006534, 
    0.5973856209150326, 
    0.6933006535947712, 
    0.6488562091503269
  ], 
  "parameters": {
    "cv_method": "k20", 
    "db": "liver", 
    "repetition": 3
  }, 
  "std": [
    0.10461425890292833, 
    0.1520713410614755, 
    0.14167722524293355, 
    0.05886078398312415, 
    0.029394559811338525, 
    0.08575273387961159, 
    0.0944443254141798
  ]
}