{
  "adv_t": [
    3, 
    0, 
    4, 
    0, 
    0, 
    4, 
    0
  ], 
  "adv_w": [
    3, 
    0, 
    4, 
    0, 
    0, 
    4, 
    1
  ], 
  "clfs": [
    "Decision Tree", 
    "Naive Bayes", 
    "Linear SVM", 
    "Neural Net", 
    "RBF SVM", 
    "Random Forest", 
    "Nearest Neighbors"
  ], 
  "mean": [
    0.652016806722689, 
    0.5483193277310925, 
    0.6929411764705883, 
    0.5883193277310923, 
    0.5856302521008402, 
    0.6956302521008403, 
    0.6119327731092435
  ], 
  "parameters": {
    "cv_method": "k10", 
    "db": "liver", 
    "repetition": 3
  }, 
  "std": [
    0.0769227150882012, 
    0.08315247657884559, 
    0.094015217037509, 
    0.03574135295505414, 
    0.015149116141101125, 
    0.09459230715034332, 
    0.05493882030274378
  ]
}