{
  "adv_t": [
    3,
    1,
    1,
    4,
    0,
    0,
    4
  ],
  "adv_w": [
    3,
    1,
    1,
    4,
    0,
    0,
    4
  ],
  "clfs": [
    "Nearest Neighbors",
    "RBF SVM",
    "Decision Tree",
    "Random Forest",
    "Neural Net",
    "Naive Bayes",
    "Linear SVM"
  ],
  "mean": [
    0.6522689075630251,
    0.5972268907563025,
    0.6205042016806723,
    0.6866386554621849,
    0.5974789915966385,
    0.5590756302521008,
    0.698655462184874
  ],
  "parameters": {
    "cv_method": "k10",
    "db": "liver",
    "repetition": 1
  },
  "std": [
    0.07553765469533412,
    0.02235304648150256,
    0.0751015862426701,
    0.06943779283792242,
    0.059348068132011586,
    0.06389140220626639,
    0.06503692585455909
  ]
}