{
  "adv_t": [
    3,
    0,
    2,
    4,
    0,
    0,
    5
  ],
  "adv_w": [
    2,
    0,
    1,
    5,
    0,
    0,
    5
  ],
  "clfs": [
    "Nearest Neighbors",
    "RBF SVM",
    "Decision Tree",
    "Random Forest",
    "Neural Net",
    "Naive Bayes",
    "Linear SVM"
  ],
  "mean": [
    0.6376932383384865,
    0.5797150154590671,
    0.6173712864632344,
    0.6667394811130529,
    0.5970325312542009,
    0.5514081193708831,
    0.6730474526145988
  ],
  "parameters": {
    "cv_method": "k2x5",
    "db": "liver",
    "repetition": 0
  },
  "std": [
    0.03352956682765363,
    0.006352065175092578,
    0.03432323779624833,
    0.029547964762717368,
    0.04813314379970577,
    0.08850915223619846,
    0.020917125139174632
  ]
}