{
  "adv_t": [
    1,
    0,
    3,
    3,
    0,
    0,
    3
  ],
  "adv_w": [
    0,
    0,
    1,
    0,
    0,
    0,
    1
  ],
  "clfs": [
    "Nearest Neighbors",
    "RBF SVM",
    "Decision Tree",
    "Random Forest",
    "Neural Net",
    "Naive Bayes",
    "Linear SVM"
  ],
  "mean": [
    0.6431932773109245,
    0.5914285714285713,
    0.6721008403361345,
    0.6811764705882353,
    0.5798319327731092,
    0.5596638655462185,
    0.7040336134453782
  ],
  "parameters": {
    "cv_method": "k10",
    "db": "liver",
    "repetition": 0
  },
  "std": [
    0.06593911310925746,
    0.017487608304875463,
    0.06481407763433286,
    0.0664889470268298,
    0.008857920616718177,
    0.08846575212617093,
    0.08098755693354968
  ]
}