{
  "adv_t": [
    2,
    0,
    3,
    3,
    0,
    0,
    4
  ],
  "adv_w": [
    1,
    0,
    4,
    4,
    0,
    0,
    4
  ],
  "clfs": [
    "Nearest Neighbors",
    "RBF SVM",
    "Decision Tree",
    "Random Forest",
    "Neural Net",
    "Naive Bayes",
    "Linear SVM"
  ],
  "mean": [
    0.6313636363636362,
    0.5853535353535354,
    0.6867171717171717,
    0.6888383838383839,
    0.5742424242424243,
    0.5484343434343434,
    0.6934343434343435
  ],
  "parameters": {
    "cv_method": "k30",
    "db": "liver",
    "repetition": 2
  },
  "std": [
    0.1330826404996854,
    0.04156720023474814,
    0.11736494159966397,
    0.14680315857829998,
    0.03417063706202906,
    0.1439839249893954,
    0.09492549923932313
  ]
}