{
  "adv_t": [
    2,
    0,
    3,
    3,
    0,
    0,
    3
  ],
  "adv_w": [
    0,
    0,
    2,
    3,
    0,
    0,
    3
  ],
  "clfs": [
    "Nearest Neighbors",
    "RBF SVM",
    "Decision Tree",
    "Random Forest",
    "Neural Net",
    "Naive Bayes",
    "Linear SVM"
  ],
  "mean": [
    0.6492929292929295,
    0.5909090909090909,
    0.6848989898989898,
    0.7043939393939395,
    0.57979797979798,
    0.5506060606060608,
    0.688989898989899
  ],
  "parameters": {
    "cv_method": "k30",
    "db": "liver",
    "repetition": 0
  },
  "std": [
    0.14145870572134656,
    0.048603889913145966,
    0.1558402962167124,
    0.12821795958470325,
    0.01680305802024702,
    0.11706164733633723,
    0.15136091069460714
  ]
}