{
  "adv_t": [
    2,
    0,
    1,
    3,
    0,
    0,
    5
  ],
  "adv_w": [
    1,
    0,
    0,
    3,
    0,
    0,
    5
  ],
  "clfs": [
    "Nearest Neighbors",
    "RBF SVM",
    "Decision Tree",
    "Random Forest",
    "Neural Net",
    "Naive Bayes",
    "Linear SVM"
  ],
  "mean": [
    0.6278700094098668,
    0.5808744454899852,
    0.6301149348030649,
    0.6539084554375588,
    0.5843359322489582,
    0.5437088318322355,
    0.6846316709235112
  ],
  "parameters": {
    "cv_method": "k2x5",
    "db": "liver",
    "repetition": 7
  },
  "std": [
    0.04379730762866005,
    0.007849765097068737,
    0.05749088220589952,
    0.023094783252799417,
    0.02546333559456053,
    0.046898808513860524,
    0.024509845670657292
  ]
}