{
  "adv_t": [
    0,
    0,
    2,
    3,
    0,
    0,
    3
  ],
  "adv_w": [
    0,
    0,
    1,
    2,
    0,
    0,
    4
  ],
  "clfs": [
    "Nearest Neighbors",
    "RBF SVM",
    "Decision Tree",
    "Random Forest",
    "Neural Net",
    "Naive Bayes",
    "Linear SVM"
  ],
  "mean": [
    0.6349673202614379,
    0.5970588235294116,
    0.6834967320261439,
    0.6862745098039216,
    0.5833333333333333,
    0.5578431372549019,
    0.6990196078431372
  ],
  "parameters": {
    "cv_method": "k20",
    "db": "liver",
    "repetition": 1
  },
  "std": [
    0.10579940012247024,
    0.027812661477181182,
    0.14206153959397974,
    0.12954408387962485,
    0.057023445467794774,
    0.13234327917269686,
    0.06434454501360201
  ]
}