{
  "adv_t": [
    3, 
    0, 
    3, 
    0, 
    0, 
    3, 
    0
  ], 
  "adv_w": [
    1, 
    0, 
    0, 
    0, 
    0, 
    1, 
    0
  ], 
  "clfs": [
    "Decision Tree", 
    "Naive Bayes", 
    "Linear SVM", 
    "Neural Net", 
    "RBF SVM", 
    "Random Forest", 
    "Nearest Neighbors"
  ], 
  "mean": [
    0.6524369747899159, 
    0.5594957983193277, 
    0.6843697478991596, 
    0.5769747899159663, 
    0.5973109243697478, 
    0.6673109243697479, 
    0.6260504201680672
  ], 
  "parameters": {
    "cv_method": "k10", 
    "db": "liver", 
    "repetition": 4
  }, 
  "std": [
    0.04704414870563228, 
    0.0718887794472049, 
    0.09195033604430515, 
    0.03608164990776309, 
    0.02447993377939431, 
    0.06170284064187108, 
    0.08107973659997862
  ]
}