{
  "adv_t": [
    3, 
    0, 
    4, 
    0, 
    2, 
    3, 
    3
  ], 
  "adv_w": [
    3, 
    0, 
    4, 
    0, 
    2, 
    3, 
    2
  ], 
  "clfs": [
    "Decision Tree", 
    "Naive Bayes", 
    "Linear SVM", 
    "Neural Net", 
    "RBF SVM", 
    "Random Forest", 
    "Nearest Neighbors"
  ], 
  "mean": [
    0.6911616161616164, 
    0.543989898989899, 
    0.7056565656565656, 
    0.5742424242424243, 
    0.5972222222222224, 
    0.6660101010101009, 
    0.6440909090909093
  ], 
  "parameters": {
    "cv_method": "k30", 
    "db": "liver", 
    "repetition": 7
  }, 
  "std": [
    0.12214834579416019, 
    0.14027394936464338, 
    0.10419537142890918, 
    0.026243194054073906, 
    0.04478271062420935, 
    0.10233544911584472, 
    0.13358148158535624
  ]
}