{
  "adv_t": [
    3, 
    0, 
    5, 
    0, 
    0, 
    2, 
    0
  ], 
  "adv_w": [
    3, 
    0, 
    5, 
    0, 
    0, 
    2, 
    1
  ], 
  "clfs": [
    "Decision Tree", 
    "Naive Bayes", 
    "Linear SVM", 
    "Neural Net", 
    "RBF SVM", 
    "Random Forest", 
    "Nearest Neighbors"
  ], 
  "mean": [
    0.6812091503267973, 
    0.5498366013071896, 
    0.7071895424836601, 
    0.5885620915032679, 
    0.597549019607843, 
    0.6349673202614378, 
    0.6310457516339868
  ], 
  "parameters": {
    "cv_method": "k20", 
    "db": "liver", 
    "repetition": 6
  }, 
  "std": [
    0.07882793764460833, 
    0.1542461613539366, 
    0.07429767206407965, 
    0.027029626174665877, 
    0.03789299886045312, 
    0.0840768613356243, 
    0.10966449368510992
  ]
}