{
  "adv_t": [
    2,
    0,
    3,
    3,
    0,
    0,
    3
  ],
  "adv_w": [
    1,
    0,
    3,
    3,
    0,
    0,
    3
  ],
  "clfs": [
    "Nearest Neighbors",
    "RBF SVM",
    "Decision Tree",
    "Random Forest",
    "Neural Net",
    "Naive Bayes",
    "Linear SVM"
  ],
  "mean": [
    0.6437878787878788,
    0.5967171717171719,
    0.6838383838383838,
    0.6855050505050504,
    0.5825757575757576,
    0.5503535353535354,
    0.6872222222222224
  ],
  "parameters": {
    "cv_method": "k30",
    "db": "liver",
    "repetition": 8
  },
  "std": [
    0.11141034640503429,
    0.03680738331982364,
    0.12813828018545406,
    0.1437292550295831,
    0.038626374023585694,
    0.11456961489997387,
    0.1332826702296633
  ]
}