{
  "adv_t": [
    3, 
    0, 
    3, 
    0, 
    0, 
    3, 
    1
  ], 
  "adv_w": [
    3, 
    0, 
    4, 
    0, 
    0, 
    3, 
    1
  ], 
  "clfs": [
    "Decision Tree", 
    "Naive Bayes", 
    "Linear SVM", 
    "Neural Net", 
    "RBF SVM", 
    "Random Forest", 
    "Nearest Neighbors"
  ], 
  "mean": [
    0.6846405228758169, 
    0.5526143790849672, 
    0.6933006535947712, 
    0.591830065359477, 
    0.597549019607843, 
    0.7040849673202614, 
    0.6429738562091503
  ], 
  "parameters": {
    "cv_method": "k20", 
    "db": "liver", 
    "repetition": 2
  }, 
  "std": [
    0.11899856283403766, 
    0.10438633192138687, 
    0.09428230517855393, 
    0.07072808452862825, 
    0.03789299886045312, 
    0.13406650627505737, 
    0.13689353628771597
  ]
}