{
  "adv_t": [
    1,
    0,
    3,
    3,
    0,
    0,
    3
  ],
  "adv_w": [
    1,
    0,
    3,
    4,
    0,
    0,
    3
  ],
  "clfs": [
    "Nearest Neighbors",
    "RBF SVM",
    "Decision Tree",
    "Random Forest",
    "Neural Net",
    "Naive Bayes",
    "Linear SVM"
  ],
  "mean": [
    0.63989898989899,
    0.5972222222222224,
    0.6628787878787878,
    0.6970707070707072,
    0.5881313131313133,
    0.5646464646464647,
    0.6897979797979797
  ],
  "parameters": {
    "cv_method": "k30",
    "db": "liver",
    "repetition": 9
  },
  "std": [
    0.13361998571161915,
    0.03092896725366762,
    0.13055899987843606,
    0.11332973841194505,
    0.04926084107548632,
    0.14435063802829437,
    0.13204345044483942
  ]
}