{
  "adv_t": [
    3,
    0,
    3,
    4,
    0,
    0,
    6
  ],
  "adv_w": [
    3,
    1,
    3,
    4,
    0,
    0,
    6
  ],
  "clfs": [
    "Nearest Neighbors",
    "RBF SVM",
    "Decision Tree",
    "Random Forest",
    "Neural Net",
    "Naive Bayes",
    "Linear SVM"
  ],
  "mean": [
    0.637145449657212,
    0.5820305148541471,
    0.6138627503696733,
    0.6452009678720259,
    0.5779708294125554,
    0.5524566473988439,
    0.6800040328001076
  ],
  "parameters": {
    "cv_method": "k2x5",
    "db": "liver",
    "repetition": 9
  },
  "std": [
    0.038726864032559344,
    0.006142362585078944,
    0.048802161824497294,
    0.0293256136542415,
    0.005200593650090438,
    0.06549043182652815,
    0.02480477047374548
  ]
}