{
  "adv_t": [
    4,
    0,
    3,
    4,
    0,
    0,
    6
  ],
  "adv_w": [
    3,
    0,
    3,
    4,
    0,
    0,
    6
  ],
  "clfs": [
    "Nearest Neighbors",
    "RBF SVM",
    "Decision Tree",
    "Random Forest",
    "Neural Net",
    "Naive Bayes",
    "Linear SVM"
  ],
  "mean": [
    0.6440415378411076,
    0.577977550746068,
    0.6231818792848502,
    0.6515828740422099,
    0.57913362011023,
    0.5588755209033472,
    0.6904254604113456
  ],
  "parameters": {
    "cv_method": "k2x5",
    "db": "liver",
    "repetition": 8
  },
  "std": [
    0.027545280923860962,
    0.007610474551003428,
    0.023579000408289044,
    0.03213601648082854,
    0.008436308175536417,
    0.03801430745235087,
    0.03631445417600562
  ]
}