{
  "adv_t": [
    1,
    0,
    3,
    3,
    0,
    0,
    3
  ],
  "adv_w": [
    0,
    0,
    1,
    3,
    0,
    0,
    3
  ],
  "clfs": [
    "Nearest Neighbors",
    "RBF SVM",
    "Decision Tree",
    "Random Forest",
    "Neural Net",
    "Naive Bayes",
    "Linear SVM"
  ],
  "mean": [
    0.6379084967320262,
    0.5856209150326797,
    0.6375816993464051,
    0.6720588235294117,
    0.5803921568627449,
    0.5529411764705882,
    0.6965686274509804
  ],
  "parameters": {
    "cv_method": "k20",
    "db": "liver",
    "repetition": 2
  },
  "std": [
    0.14282834504017772,
    0.014714479771011422,
    0.10499839108053204,
    0.10704153721717403,
    0.040156135327662296,
    0.10026484194342565,
    0.0933777424967923
  ]
}