{
  "adv_t": [
    2,
    0,
    3,
    3,
    0,
    0,
    4
  ],
  "adv_w": [
    1,
    0,
    3,
    4,
    0,
    0,
    3
  ],
  "clfs": [
    "Nearest Neighbors",
    "RBF SVM",
    "Decision Tree",
    "Random Forest",
    "Neural Net",
    "Naive Bayes",
    "Linear SVM"
  ],
  "mean": [
    0.6351307189542483,
    0.5941176470588234,
    0.6665032679738562,
    0.6825163398692811,
    0.5859477124183006,
    0.5593137254901961,
    0.693300653594771
  ],
  "parameters": {
    "cv_method": "k20",
    "db": "liver",
    "repetition": 7
  },
  "std": [
    0.10671547170396964,
    0.02523800697058509,
    0.14829952866340887,
    0.11690548586633268,
    0.02529362431286115,
    0.11291895680057924,
    0.07243500029126752
  ]
}