{
  "adv_t": [
    3, 
    0, 
    3, 
    0, 
    0, 
    3, 
    3
  ], 
  "adv_w": [
    3, 
    0, 
    3, 
    0, 
    0, 
    3, 
    3
  ], 
  "clfs": [
    "Decision Tree", 
    "Naive Bayes", 
    "Linear SVM", 
    "Neural Net", 
    "RBF SVM", 
    "Random Forest", 
    "Nearest Neighbors"
  ], 
  "mean": [
    0.6353474929426, 
    0.5552728861406102, 
    0.6516164807097728, 
    0.5855760182820272, 
    0.5797183761258233, 
    0.6556593628175831, 
    0.6272617287269794
  ], 
  "parameters": {
    "cv_method": "k2x5", 
    "db": "liver", 
    "repetition": 6
  }, 
  "std": [
    0.031246387209929918, 
    0.05317543655764403, 
    0.03674330779909224, 
    0.040257297258213164, 
    0.006700342309239141, 
    0.028181990277356947, 
    0.035831298742477154
  ]
}