{
  "adv_t": [
    3,
    0,
    2,
    3,
    0,
    0,
    6
  ],
  "adv_w": [
    3,
    0,
    2,
    2,
    0,
    0,
    6
  ],
  "clfs": [
    "Nearest Neighbors",
    "RBF SVM",
    "Decision Tree",
    "Random Forest",
    "Neural Net",
    "Naive Bayes",
    "Linear SVM"
  ],
  "mean": [
    0.6324707621992204,
    0.5820338755209034,
    0.6127436483398305,
    0.626619841376529,
    0.5855659362817583,
    0.5554073128108616,
    0.6782833714208899
  ],
  "parameters": {
    "cv_method": "k2x5",
    "db": "liver",
    "repetition": 1
  },
  "std": [
    0.014775852954049233,
    0.00443124015462472,
    0.03028317680657352,
    0.03842358095272345,
    0.03436658733038269,
    0.043874459606431264,
    0.026318290934304767
  ]
}