{
  "adv_t": [
    2, 
    0, 
    4, 
    1, 
    1, 
    4, 
    3
  ], 
  "adv_w": [
    2, 
    0, 
    4, 
    1, 
    1, 
    4, 
    2
  ], 
  "clfs": [
    "Decision Tree", 
    "Naive Bayes", 
    "Linear SVM", 
    "Neural Net", 
    "RBF SVM", 
    "Random Forest", 
    "Nearest Neighbors"
  ], 
  "mean": [
    0.6301619841376529, 
    0.5507427073531389, 
    0.6770869740556527, 
    0.6098635569296948, 
    0.5849274095980641, 
    0.6649112783976341, 
    0.6504637720123673
  ], 
  "parameters": {
    "cv_method": "k2x5", 
    "db": "liver", 
    "repetition": 3
  }, 
  "std": [
    0.027431941804602726, 
    0.037557243063716425, 
    0.037222176179128465, 
    0.04596174688707001, 
    0.002734785806968887, 
    0.03679862560215809, 
    0.032420206639490516
  ]
}