{
  "adv_t": [
    3, 
    0, 
    3, 
    0, 
    0, 
    3, 
    3
  ], 
  "adv_w": [
    3, 
    0, 
    3, 
    0, 
    0, 
    3, 
    3
  ], 
  "clfs": [
    "Decision Tree", 
    "Naive Bayes", 
    "Linear SVM", 
    "Neural Net", 
    "RBF SVM", 
    "Random Forest", 
    "Nearest Neighbors"
  ], 
  "mean": [
    0.6798989898989899, 
    0.5556565656565657, 
    0.6883333333333332, 
    0.5830808080808082, 
    0.5936868686868687, 
    0.6772727272727271, 
    0.6456565656565657
  ], 
  "parameters": {
    "cv_method": "k30", 
    "db": "liver", 
    "repetition": 1
  }, 
  "std": [
    0.12700432796295522, 
    0.15253778888831748, 
    0.13607199162031083, 
    0.03463563028679518, 
    0.03717120369384721, 
    0.15387040885105188, 
    0.12756517957852026
  ]
}