{
  "adv_t": [
    3, 
    0, 
    3, 
    0, 
    0, 
    2, 
    2
  ], 
  "adv_w": [
    3, 
    0, 
    3, 
    0, 
    1, 
    2, 
    3
  ], 
  "clfs": [
    "Decision Tree", 
    "Naive Bayes", 
    "Linear SVM", 
    "Neural Net", 
    "RBF SVM", 
    "Random Forest", 
    "Nearest Neighbors"
  ], 
  "mean": [
    0.6846464646464645, 
    0.5641919191919192, 
    0.6925252525252527, 
    0.57979797979798, 
    0.5970202020202021, 
    0.6443434343434341, 
    0.6431313131313132
  ], 
  "parameters": {
    "cv_method": "k30", 
    "db": "liver", 
    "repetition": 5
  }, 
  "std": [
    0.12657214587505894, 
    0.1576648948779376, 
    0.1295505314307838, 
    0.02759112106995511, 
    0.041935313925438755, 
    0.12713888900909262, 
    0.12549369485247858
  ]
}