{
  "adv_t": [
    2, 
    0, 
    3, 
    0, 
    0, 
    3, 
    0
  ], 
  "adv_w": [
    1, 
    0, 
    4, 
    0, 
    0, 
    4, 
    0
  ], 
  "clfs": [
    "Decision Tree", 
    "Naive Bayes", 
    "Linear SVM", 
    "Neural Net", 
    "RBF SVM", 
    "Random Forest", 
    "Nearest Neighbors"
  ], 
  "mean": [
    0.6509803921568627, 
    0.5542483660130718, 
    0.6965686274509804, 
    0.5859477124183005, 
    0.5973856209150326, 
    0.6986928104575163, 
    0.6199346405228757
  ], 
  "parameters": {
    "cv_method": "k20", 
    "db": "liver", 
    "repetition": 7
  }, 
  "std": [
    0.12854487212485793, 
    0.11252564854131858, 
    0.12751612476062057, 
    0.03645389006590843, 
    0.02939455981133853, 
    0.13130929648732034, 
    0.11544347250157355
  ]
}