{
  "adv_t": [
    3,
    0,
    3,
    3,
    0,
    0,
    3
  ],
  "adv_w": [
    3,
    0,
    2,
    3,
    0,
    0,
    3
  ],
  "clfs": [
    "Nearest Neighbors",
    "RBF SVM",
    "Decision Tree",
    "Random Forest",
    "Neural Net",
    "Naive Bayes",
    "Linear SVM"
  ],
  "mean": [
    0.667142857142857,
    0.5884873949579832,
    0.6492436974789916,
    0.6786554621848739,
    0.5680672268907563,
    0.5559663865546218,
    0.6931092436974791
  ],
  "parameters": {
    "cv_method": "k10",
    "db": "liver",
    "repetition": 5
  },
  "std": [
    0.09050389391234981,
    0.01486468875637913,
    0.08895769371370464,
    0.050502888881148074,
    0.035254078930089146,
    0.09115587938237273,
    0.061101420192154525
  ]
}