{
  "adv_t": [
    0,
    0,
    1,
    3,
    0,
    0,
    3
  ],
  "adv_w": [
    0,
    0,
    1,
    3,
    0,
    0,
    3
  ],
  "clfs": [
    "Nearest Neighbors",
    "RBF SVM",
    "Decision Tree",
    "Random Forest",
    "Neural Net",
    "Naive Bayes",
    "Linear SVM"
  ],
  "mean": [
    0.6374183006535945,
    0.5946078431372548,
    0.6619281045751632,
    0.6983660130718954,
    0.5797385620915031,
    0.5723856209150326,
    0.6928104575163397
  ],
  "parameters": {
    "cv_method": "k20",
    "db": "liver",
    "repetition": 8
  },
  "std": [
    0.10407125647979862,
    0.030628338342427397,
    0.1150942065419895,
    0.06775868274310506,
    0.03465642098721218,
    0.1100910040991424,
    0.0845827607710189
  ]
}