{
  "adv_t": [
    3, 
    0, 
    5, 
    1, 
    1, 
    4, 
    3
  ], 
  "adv_w": [
    3, 
    0, 
    5, 
    1, 
    1, 
    3, 
    3
  ], 
  "clfs": [
    "Decision Tree", 
    "Naive Bayes", 
    "Linear SVM", 
    "Neural Net", 
    "RBF SVM", 
    "Random Forest", 
    "Nearest Neighbors"
  ], 
  "mean": [
    0.6335865035623068, 
    0.5437088318322355, 
    0.6852231482726172, 
    0.5837578975668773, 
    0.5785522247613928, 
    0.6654691490791773, 
    0.6278700094098668
  ], 
  "parameters": {
    "cv_method": "k2x5", 
    "db": "liver", 
    "repetition": 7
  }, 
  "std": [
    0.05760723952394288, 
    0.046898808513860524, 
    0.021411542896494263, 
    0.02373377453710897, 
    0.003497074796592815, 
    0.020755587502398875, 
    0.04379730762866005
  ]
}