{
  "adv_t": [
    1, 
    0, 
    4, 
    0, 
    0, 
    3, 
    1
  ], 
  "adv_w": [
    1, 
    0, 
    3, 
    0, 
    0, 
    4, 
    2
  ], 
  "clfs": [
    "Decision Tree", 
    "Naive Bayes", 
    "Linear SVM", 
    "Neural Net", 
    "RBF SVM", 
    "Random Forest", 
    "Nearest Neighbors"
  ], 
  "mean": [
    0.6312605042016806, 
    0.5623529411764705, 
    0.6987394957983193, 
    0.5969747899159663, 
    0.5970588235294118, 
    0.6779831932773109, 
    0.6381512605042017
  ], 
  "parameters": {
    "cv_method": "k10", 
    "db": "liver", 
    "repetition": 6
  }, 
  "std": [
    0.07703621065881744, 
    0.0873777186185945, 
    0.08556425785559732, 
    0.05193370982931678, 
    0.02119709842630917, 
    0.0804500128533349, 
    0.08066079127812704
  ]
}