{
  "adv_t": [
    3,
    0,
    0,
    4,
    0,
    0,
    4
  ],
  "adv_w": [
    3,
    0,
    0,
    4,
    0,
    0,
    4
  ],
  "clfs": [
    "Nearest Neighbors",
    "RBF SVM",
    "Decision Tree",
    "Random Forest",
    "Neural Net",
    "Naive Bayes",
    "Linear SVM"
  ],
  "mean": [
    0.6492436974789917,
    0.5885714285714284,
    0.6116806722689077,
    0.675546218487395,
    0.5829411764705882,
    0.5623529411764705,
    0.689747899159664
  ],
  "parameters": {
    "cv_method": "k10",
    "db": "liver",
    "repetition": 3
  },
  "std": [
    0.08202185776796174,
    0.018249036373970295,
    0.09173953851943742,
    0.06279690988066328,
    0.048332194933537895,
    0.07471675730277956,
    0.0752973271958326
  ]
}