{
  "adv_t": [
    3,
    0,
    1,
    3,
    0,
    0,
    3
  ],
  "adv_w": [
    3,
    0,
    0,
    2,
    0,
    0,
    3
  ],
  "clfs": [
    "Nearest Neighbors",
    "RBF SVM",
    "Decision Tree",
    "Random Forest",
    "Neural Net",
    "Naive Bayes",
    "Linear SVM"
  ],
  "mean": [
    0.6457689205538379,
    0.5808845274902541,
    0.6173309584621589,
    0.6457924452211319,
    0.5861103642962764,
    0.541447103105256,
    0.664249227046646
  ],
  "parameters": {
    "cv_method": "k2x5",
    "db": "liver",
    "repetition": 5
  },
  "std": [
    0.03473378843402762,
    0.007720173204289742,
    0.039379125043225285,
    0.036919387585810745,
    0.020881159430349325,
    0.06567594142133969,
    0.046826818224419475
  ]
}