{
  "adv_t": [
    3, 
    0, 
    3, 
    0, 
    0, 
    3, 
    1
  ], 
  "adv_w": [
    3, 
    0, 
    3, 
    0, 
    0, 
    3, 
    1
  ], 
  "clfs": [
    "Decision Tree", 
    "Naive Bayes", 
    "Linear SVM", 
    "Neural Net", 
    "RBF SVM", 
    "Random Forest", 
    "Nearest Neighbors"
  ], 
  "mean": [
    0.6995098039215686, 
    0.5509803921568628, 
    0.6874183006535948, 
    0.5859477124183005, 
    0.597549019607843, 
    0.6973856209150326, 
    0.6522875816993463
  ], 
  "parameters": {
    "cv_method": "k20", 
    "db": "liver", 
    "repetition": 5
  }, 
  "std": [
    0.12994038435399372, 
    0.09614264613413724, 
    0.07995928189148928, 
    0.045789703557836875, 
    0.03789299886045312, 
    0.1076391520268796, 
    0.12009362216299253
  ]
}