{
  "adv_t": [
    3,
    1,
    0,
    4,
    0,
    0,
    4
  ],
  "adv_w": [
    2,
    0,
    0,
    4,
    0,
    0,
    4
  ],
  "clfs": [
    "Nearest Neighbors",
    "RBF SVM",
    "Decision Tree",
    "Random Forest",
    "Neural Net",
    "Naive Bayes",
    "Linear SVM"
  ],
  "mean": [
    0.6550420168067228,
    0.5970588235294118,
    0.5913445378151261,
    0.7096638655462186,
    0.5798319327731092,
    0.5473109243697479,
    0.6985714285714286
  ],
  "parameters": {
    "cv_method": "k10",
    "db": "liver",
    "repetition": 9
  },
  "std": [
    0.08074833987313121,
    0.02119709842630917,
    0.06429416591276362,
    0.07959939596064548,
    0.008857920616718177,
    0.08702793182028279,
    0.05813934507652619
  ]
}