{
  "adv_t": [
    2,
    0,
    2,
    2,
    1,
    0,
    4
  ],
  "adv_w": [
    2,
    0,
    1,
    2,
    0,
    0,
    3
  ],
  "clfs": [
    "Nearest Neighbors",
    "RBF SVM",
    "Decision Tree",
    "Random Forest",
    "Neural Net",
    "Naive Bayes",
    "Linear SVM"
  ],
  "mean": [
    0.6504637720123673,
    0.5837713402339023,
    0.6226105659362818,
    0.6480776986154053,
    0.6087007662320205,
    0.5507427073531389,
    0.6805686248151632
  ],
  "parameters": {
    "cv_method": "k2x5",
    "db": "liver",
    "repetition": 3
  },
  "std": [
    0.032420206639490516,
    0.004868446470259682,
    0.028395272908617156,
    0.03676062463427117,
    0.04460090090338766,
    0.037557243063716425,
    0.04197526143531464
  ]
}