{
  "adv_t": [
    3,
    0,
    4,
    3,
    0,
    0,
    3
  ],
  "adv_w": [
    3,
    0,
    4,
    3,
    0,
    0,
    3
  ],
  "clfs": [
    "Nearest Neighbors",
    "RBF SVM",
    "Decision Tree",
    "Random Forest",
    "Neural Net",
    "Naive Bayes",
    "Linear SVM"
  ],
  "mean": [
    0.6530303030303027,
    0.5917171717171718,
    0.7186868686868687,
    0.696010101010101,
    0.5853535353535354,
    0.5666161616161618,
    0.6933333333333331
  ],
  "parameters": {
    "cv_method": "k30",
    "db": "liver",
    "repetition": 7
  },
  "std": [
    0.12695013104171332,
    0.03476714266019295,
    0.1030098121283621,
    0.08915717306726552,
    0.04156720023474814,
    0.1162533787150021,
    0.14140153946934708
  ]
}