{
  "adv_t": [
    2, 
    0, 
    3, 
    0, 
    0, 
    3, 
    0
  ], 
  "adv_w": [
    2, 
    0, 
    3, 
    0, 
    0, 
    2, 
    0
  ], 
  "clfs": [
    "Decision Tree", 
    "Naive Bayes", 
    "Linear SVM", 
    "Neural Net", 
    "RBF SVM", 
    "Random Forest", 
    "Nearest Neighbors"
  ], 
  "mean": [
    0.6820261437908497, 
    0.5480392156862746, 
    0.6900326797385621, 
    0.6084967320261436, 
    0.5975490196078429, 
    0.7, 
    0.6375816993464052
  ], 
  "parameters": {
    "cv_method": "k20", 
    "db": "liver", 
    "repetition": 9
  }, 
  "std": [
    0.12909683250281076, 
    0.1476371306895636, 
    0.1021017863298016, 
    0.0842605091214814, 
    0.03789299886045313, 
    0.10921611961548554, 
    0.11734998612531132
  ]
}