{
  "adv_t": [
    3,
    0,
    3,
    5,
    0,
    0,
    3
  ],
  "adv_w": [
    3,
    0,
    3,
    3,
    0,
    0,
    4
  ],
  "clfs": [
    "Nearest Neighbors",
    "RBF SVM",
    "Decision Tree",
    "Random Forest",
    "Neural Net",
    "Naive Bayes",
    "Linear SVM"
  ],
  "mean": [
    0.6272617287269794,
    0.577977550746068,
    0.6272617287269795,
    0.6603172469417932,
    0.5844132275843527,
    0.5552728861406102,
    0.6562575615002016
  ],
  "parameters": {
    "cv_method": "k2x5",
    "db": "liver",
    "repetition": 6
  },
  "std": [
    0.035831298742477154,
    0.0045410623958910545,
    0.034233041874681076,
    0.0330922724138483,
    0.03767793165226024,
    0.05317543655764403,
    0.0385360043322866
  ]
}