{
  "adv_t": [
    2, 
    0, 
    3, 
    0, 
    0, 
    3, 
    3
  ], 
  "adv_w": [
    0, 
    0, 
    4, 
    0, 
    0, 
    1, 
    3
  ], 
  "clfs": [
    "Decision Tree", 
    "Naive Bayes", 
    "Linear SVM", 
    "Neural Net", 
    "RBF SVM", 
    "Random Forest", 
    "Nearest Neighbors"
  ], 
  "mean": [
    0.620805887888157, 
    0.541447103105256, 
    0.6718208092485549, 
    0.5861103642962764, 
    0.5820338755209035, 
    0.6469451539185375, 
    0.6457689205538379
  ], 
  "parameters": {
    "cv_method": "k2x5", 
    "db": "liver", 
    "repetition": 5
  }, 
  "std": [
    0.04074282996933759, 
    0.06567594142133969, 
    0.044398739702288956, 
    0.020881159430349325, 
    0.0064805414003675, 
    0.03959882272956948, 
    0.03473378843402762
  ]
}