{
  "adv_t": [
    0, 
    0, 
    3, 
    0, 
    0, 
    0, 
    0
  ], 
  "adv_w": [
    0, 
    0, 
    1, 
    0, 
    0, 
    0, 
    0
  ], 
  "clfs": [
    "Decision Tree", 
    "Naive Bayes", 
    "Linear SVM", 
    "Neural Net", 
    "RBF SVM", 
    "Random Forest", 
    "Nearest Neighbors"
  ], 
  "mean": [
    0.6661764705882353, 
    0.5769607843137255, 
    0.6980392156862745, 
    0.5977124183006535, 
    0.591830065359477, 
    0.6808823529411765, 
    0.6436274509803921
  ], 
  "parameters": {
    "cv_method": "k20", 
    "db": "liver", 
    "repetition": 1
  }, 
  "std": [
    0.1208116731135701, 
    0.12188260496206578, 
    0.1255129480005546, 
    0.058860783983124165, 
    0.031557974558645716, 
    0.14469986227587667, 
    0.1264235576446188
  ]
}