{
  "adv_t": [
    3, 
    0, 
    2, 
    0, 
    0, 
    3, 
    0
  ], 
  "adv_w": [
    2, 
    0, 
    2, 
    0, 
    0, 
    3, 
    0
  ], 
  "clfs": [
    "Decision Tree", 
    "Naive Bayes", 
    "Linear SVM", 
    "Neural Net", 
    "RBF SVM", 
    "Random Forest", 
    "Nearest Neighbors"
  ], 
  "mean": [
    0.6956302521008404, 
    0.5561344537815126, 
    0.6841176470588235, 
    0.612016806722689, 
    0.594201680672269, 
    0.686890756302521, 
    0.6468067226890757
  ], 
  "parameters": {
    "cv_method": "k10", 
    "db": "liver", 
    "repetition": 1
  }, 
  "std": [
    0.10759497074638524, 
    0.10638712988989572, 
    0.0947155296130199, 
    0.05515441016316762, 
    0.018189821404924738, 
    0.0776624978082632, 
    0.08982914209058787
  ]
}