{
  "adv_t": [
    1,
    0,
    3,
    4,
    0,
    0,
    3
  ],
  "adv_w": [
    2,
    0,
    4,
    5,
    0,
    0,
    3
  ],
  "clfs": [
    "Nearest Neighbors",
    "RBF SVM",
    "Decision Tree",
    "Random Forest",
    "Neural Net",
    "Naive Bayes",
    "Linear SVM"
  ],
  "mean": [
    0.6411764705882353,
    0.5973856209150326,
    0.6812091503267972,
    0.7187908496732026,
    0.5999999999999999,
    0.5741830065359477,
    0.6918300653594769
  ],
  "parameters": {
    "cv_method": "k20",
    "db": "liver",
    "repetition": 0
  },
  "std": [
    0.10853982673720375,
    0.029394559811338525,
    0.07648275212780757,
    0.08817778324248719,
    0.060075354778785874,
    0.15178952143275362,
    0.10425809776937774
  ]
}