{
  "adv_t": [
    3, 
    0, 
    3, 
    0, 
    0, 
    3, 
    0
  ], 
  "adv_w": [
    3, 
    0, 
    3, 
    1, 
    0, 
    4, 
    1
  ], 
  "clfs": [
    "Decision Tree", 
    "Naive Bayes", 
    "Linear SVM", 
    "Neural Net", 
    "RBF SVM", 
    "Random Forest", 
    "Nearest Neighbors"
  ], 
  "mean": [
    0.6661764705882354, 
    0.5529411764705883, 
    0.6934640522875817, 
    0.6088235294117645, 
    0.5972222222222221, 
    0.7006535947712417, 
    0.6346405228758168
  ], 
  "parameters": {
    "cv_method": "k20", 
    "db": "liver", 
    "repetition": 4
  }, 
  "std": [
    0.10390260918799842, 
    0.15989923103423076, 
    0.10569043239104049, 
    0.06303128889568778, 
    0.0366810001496897, 
    0.11561521822790262, 
    0.15029164573087211
  ]
}