{
  "adv_t": [
    3, 
    0, 
    3, 
    0, 
    0, 
    3, 
    0
  ], 
  "adv_w": [
    1, 
    0, 
    3, 
    0, 
    0, 
    3, 
    0
  ], 
  "clfs": [
    "Decision Tree", 
    "Naive Bayes", 
    "Linear SVM", 
    "Neural Net", 
    "RBF SVM", 
    "Random Forest", 
    "Nearest Neighbors"
  ], 
  "mean": [
    0.6775757575757574, 
    0.5591414141414143, 
    0.6895454545454546, 
    0.5875757575757576, 
    0.593939393939394, 
    0.693232323232323, 
    0.6490909090909089
  ], 
  "parameters": {
    "cv_method": "k30", 
    "db": "liver", 
    "repetition": 6
  }, 
  "std": [
    0.140203342672262, 
    0.11548889374429122, 
    0.13239933028705397, 
    0.06586316395504799, 
    0.03441302597375228, 
    0.10484656207529401, 
    0.15237924969193514
  ]
}