{
  "adv_t": [
    1, 
    0, 
    5, 
    0, 
    0, 
    4, 
    3
  ], 
  "adv_w": [
    1, 
    0, 
    5, 
    0, 
    0, 
    4, 
    3
  ], 
  "clfs": [
    "Decision Tree", 
    "Naive Bayes", 
    "Linear SVM", 
    "Neural Net", 
    "RBF SVM", 
    "Random Forest", 
    "Nearest Neighbors"
  ], 
  "mean": [
    0.6121555316574809, 
    0.5514081193708831, 
    0.6736322086301922, 
    0.5941423578437963, 
    0.5779708294125554, 
    0.6591847022449253, 
    0.6376932383384865
  ], 
  "parameters": {
    "cv_method": "k2x5", 
    "db": "liver", 
    "repetition": 0
  }, 
  "std": [
    0.03335305588647852, 
    0.08850915223619846, 
    0.020431067831778633, 
    0.04218824835863518, 
    0.005849050376687386, 
    0.029960389891927237, 
    0.03352956682765363
  ]
}