{
  "adv_t": [
    3,
    1,
    3,
    3,
    0,
    0,
    3
  ],
  "adv_w": [
    1,
    1,
    3,
    3,
    0,
    0,
    3
  ],
  "clfs": [
    "Nearest Neighbors",
    "RBF SVM",
    "Decision Tree",
    "Random Forest",
    "Neural Net",
    "Naive Bayes",
    "Linear SVM"
  ],
  "mean": [
    0.6584873949579833,
    0.597142857142857,
    0.654873949579832,
    0.6930252100840336,
    0.5884033613445376,
    0.550672268907563,
    0.6924369747899161
  ],
  "parameters": {
    "cv_method": "k10",
    "db": "liver",
    "repetition": 4
  },
  "std": [
    0.0896946585823341,
    0.014034703659492885,
    0.06876742142880343,
    0.05081552125685355,
    0.029074496828671935,
    0.05829568428025075,
    0.0732609478128212
  ]
}