{
  "adv_t": [
    3, 
    0, 
    3, 
    0, 
    0, 
    3, 
    1
  ], 
  "adv_w": [
    3, 
    0, 
    3, 
    0, 
    0, 
    2, 
    1
  ], 
  "clfs": [
    "Decision Tree", 
    "Naive Bayes", 
    "Linear SVM", 
    "Neural Net", 
    "RBF SVM", 
    "Random Forest", 
    "Nearest Neighbors"
  ], 
  "mean": [
    0.7159090909090907, 
    0.5597474747474747, 
    0.6806565656565657, 
    0.5858585858585861, 
    0.5972222222222225, 
    0.6760606060606059, 
    0.644949494949495
  ], 
  "parameters": {
    "cv_method": "k30", 
    "db": "liver", 
    "repetition": 8
  }, 
  "std": [
    0.14713617239892723, 
    0.10795346538045801, 
    0.10531810806959283, 
    0.019587483399522237, 
    0.030928967253667616, 
    0.13823652879408163, 
    0.13719607367392136
  ]
}