{
  "adv_t": [
    3, 
    0, 
    3, 
    0, 
    0, 
    3, 
    0
  ], 
  "adv_w": [
    3, 
    0, 
    4, 
    0, 
    0, 
    3, 
    0
  ], 
  "clfs": [
    "Decision Tree", 
    "Naive Bayes", 
    "Linear SVM", 
    "Neural Net", 
    "RBF SVM", 
    "Random Forest", 
    "Nearest Neighbors"
  ], 
  "mean": [
    0.658660130718954, 
    0.5674836601307189, 
    0.6833333333333331, 
    0.5859477124183006, 
    0.591830065359477, 
    0.6779411764705883, 
    0.6348039215686273
  ], 
  "parameters": {
    "cv_method": "k20", 
    "db": "liver", 
    "repetition": 0
  }, 
  "std": [
    0.11285024237257843, 
    0.1314576436647971, 
    0.0881294833719652, 
    0.03698962275283936, 
    0.041525540559532045, 
    0.10324159918014159, 
    0.10901663701107764
  ]
}