{
  "adv_t": [
    3,
    0,
    3,
    3,
    0,
    0,
    3
  ],
  "adv_w": [
    3,
    0,
    2,
    3,
    0,
    0,
    3
  ],
  "clfs": [
    "Nearest Neighbors",
    "RBF SVM",
    "Decision Tree",
    "Random Forest",
    "Neural Net",
    "Naive Bayes",
    "Linear SVM"
  ],
  "mean": [
    0.6636974789915966,
    0.5912605042016806,
    0.649327731092437,
    0.6872268907563026,
    0.5885714285714285,
    0.5595798319327729,
    0.6988235294117646
  ],
  "parameters": {
    "cv_method": "k10",
    "db": "liver",
    "repetition": 7
  },
  "std": [
    0.06405789502149946,
    0.0162522929877591,
    0.07730082546795734,
    0.07581655650640136,
    0.022918575104619573,
    0.0903676795507947,
    0.07310355537719254
  ]
}