{
  "adv_t": [
    3, 
    0, 
    3, 
    0, 
    0, 
    3, 
    0
  ], 
  "adv_w": [
    1, 
    0, 
    3, 
    0, 
    0, 
    3, 
    1
  ], 
  "clfs": [
    "Decision Tree", 
    "Naive Bayes", 
    "Linear SVM", 
    "Neural Net", 
    "RBF SVM", 
    "Random Forest", 
    "Nearest Neighbors"
  ], 
  "mean": [
    0.6723856209150326, 
    0.5622549019607843, 
    0.695424836601307, 
    0.5859477124183005, 
    0.5970588235294116, 
    0.7101307189542483, 
    0.6485294117647058
  ], 
  "parameters": {
    "cv_method": "k20", 
    "db": "liver", 
    "repetition": 8
  }, 
  "std": [
    0.10904241383640945, 
    0.11959682249911724, 
    0.10312243448801764, 
    0.03168595605530573, 
    0.02118154500138524, 
    0.12700299664964274, 
    0.1041792201235299
  ]
}