{
  "adv_t": [
    2,
    2,
    3,
    3,
    0,
    0,
    4
  ],
  "adv_w": [
    2,
    2,
    3,
    3,
    1,
    0,
    4
  ],
  "clfs": [
    "Nearest Neighbors",
    "RBF SVM",
    "Decision Tree",
    "Random Forest",
    "Neural Net",
    "Naive Bayes",
    "Linear SVM"
  ],
  "mean": [
    0.6327272727272727,
    0.5972727272727274,
    0.6781818181818181,
    0.6753535353535355,
    0.5825757575757576,
    0.552020202020202,
    0.6851515151515153
  ],
  "parameters": {
    "cv_method": "k30",
    "db": "liver",
    "repetition": 4
  },
  "std": [
    0.11501848445055221,
    0.03948907409879441,
    0.17972788328299188,
    0.15718288241612172,
    0.023111520159428467,
    0.11271787169182855,
    0.11007149560148309
  ]
}