{
  "adv_t": [
    2, 
    0, 
    3, 
    0, 
    0, 
    2, 
    2
  ], 
  "adv_w": [
    0, 
    0, 
    2, 
    0, 
    0, 
    0, 
    1
  ], 
  "clfs": [
    "Decision Tree", 
    "Naive Bayes", 
    "Linear SVM", 
    "Neural Net", 
    "RBF SVM", 
    "Random Forest", 
    "Nearest Neighbors"
  ], 
  "mean": [
    0.664453781512605, 
    0.5541176470588235, 
    0.7014285714285714, 
    0.5973109243697479, 
    0.5942016806722689, 
    0.6672268907563026, 
    0.6378151260504202
  ], 
  "parameters": {
    "cv_method": "k10", 
    "db": "liver", 
    "repetition": 5
  }, 
  "std": [
    0.06287632585746, 
    0.0840067183851773, 
    0.07701099821561799, 
    0.041864898128732064, 
    0.018189821404924738, 
    0.0771473526372805, 
    0.03216291337682315
  ]
}