{
  "adv_t": [
    3,
    0,
    3,
    3,
    0,
    0,
    3
  ],
  "adv_w": [
    3,
    0,
    3,
    3,
    0,
    0,
    3
  ],
  "clfs": [
    "Nearest Neighbors",
    "RBF SVM",
    "Decision Tree",
    "Random Forest",
    "Neural Net",
    "Naive Bayes",
    "Linear SVM"
  ],
  "mean": [
    0.6577272727272727,
    0.5881313131313132,
    0.6826262626262627,
    0.6988383838383838,
    0.5831313131313132,
    0.5654040404040405,
    0.6893434343434345
  ],
  "parameters": {
    "cv_method": "k30",
    "db": "liver",
    "repetition": 5
  },
  "std": [
    0.14360344119609036,
    0.03832461424899214,
    0.15620015538625168,
    0.12279767794457702,
    0.027477270050360398,
    0.14872407494808615,
    0.12421596892775191
  ]
}