{
  "adv_t": [
    3, 
    0, 
    3, 
    0, 
    0, 
    3, 
    1
  ], 
  "adv_w": [
    3, 
    0, 
    3, 
    0, 
    0, 
    3, 
    0
  ], 
  "clfs": [
    "Decision Tree", 
    "Naive Bayes", 
    "Linear SVM", 
    "Neural Net", 
    "RBF SVM", 
    "Random Forest", 
    "Nearest Neighbors"
  ], 
  "mean": [
    0.7005050505050505, 
    0.5707575757575758, 
    0.6971212121212121, 
    0.57979797979798, 
    0.5972727272727274, 
    0.6768181818181817, 
    0.6416161616161616
  ], 
  "parameters": {
    "cv_method": "k30", 
    "db": "liver", 
    "repetition": 0
  }, 
  "std": [
    0.1382141553514559, 
    0.13966691616693275, 
    0.15665945606515527, 
    0.01680305802024702, 
    0.03948907409879441, 
    0.13744270030732295, 
    0.11761831021045502
  ]
}