{
  "adv_t": [
    3,
    0,
    1,
    3,
    0,
    0,
    4
  ],
  "adv_w": [
    1,
    0,
    0,
    3,
    0,
    0,
    3
  ],
  "clfs": [
    "Nearest Neighbors",
    "RBF SVM",
    "Decision Tree",
    "Random Forest",
    "Neural Net",
    "Naive Bayes",
    "Linear SVM"
  ],
  "mean": [
    0.645805887888157,
    0.5826219922032532,
    0.6087041268987767,
    0.6411177577631403,
    0.584971098265896,
    0.5645886543890308,
    0.6614565129721737
  ],
  "parameters": {
    "cv_method": "k2x5",
    "db": "liver",
    "repetition": 4
  },
  "std": [
    0.03434339518227645,
    0.007800821905710159,
    0.023481275741574176,
    0.041479636534043456,
    0.027034670610496265,
    0.06664364296323093,
    0.027271377842693918
  ]
}