{
  "adv_t": [
    3,
    2,
    3,
    3,
    0,
    0,
    3
  ],
  "adv_w": [
    3,
    2,
    3,
    3,
    0,
    0,
    3
  ],
  "clfs": [
    "Nearest Neighbors",
    "RBF SVM",
    "Decision Tree",
    "Random Forest",
    "Neural Net",
    "Naive Bayes",
    "Linear SVM"
  ],
  "mean": [
    0.6439542483660129,
    0.5944444444444443,
    0.6687908496732025,
    0.6666666666666665,
    0.574346405228758,
    0.5562091503267974,
    0.6874183006535949
  ],
  "parameters": {
    "cv_method": "k20",
    "db": "liver",
    "repetition": 4
  },
  "std": [
    0.10688493955756335,
    0.027008822949714784,
    0.12070461614287092,
    0.08492761899600679,
    0.024772131305660704,
    0.07549991225853957,
    0.12896255075913943
  ]
}