{
  "adv_t": [
    3, 
    0, 
    0, 
    0, 
    6, 
    3, 
    4
  ], 
  "adv_w": [
    3, 
    0, 
    0, 
    0, 
    6, 
    4, 
    4
  ], 
  "clfs": [
    "Decision Tree", 
    "Naive Bayes", 
    "Linear SVM", 
    "Neural Net", 
    "RBF SVM", 
    "Random Forest", 
    "Nearest Neighbors"
  ], 
  "mean": [
    0.8169973544973544, 
    0.665079365079365, 
    0.665079365079365, 
    0.6865079365079365, 
    1.0, 
    0.8852513227513228, 
    0.8850529100529101
  ], 
  "parameters": {
    "cv_method": "k10", 
    "db": "monkone", 
    "repetition": 8
  }, 
  "std": [
    0.092693869404379, 
    0.07256215050290793, 
    0.07256215050290793, 
    0.10246746622322779, 
    0.0, 
    0.05221866952458013, 
    0.03336405506428172
  ]
}