{
  "adv_t": [
    5, 
    1, 
    0, 
    1, 
    3, 
    3, 
    2
  ], 
  "adv_w": [
    6, 
    1, 
    0, 
    1, 
    3, 
    3, 
    2
  ], 
  "clfs": [
    "Decision Tree", 
    "Naive Bayes", 
    "Linear SVM", 
    "Neural Net", 
    "RBF SVM", 
    "Random Forest", 
    "Nearest Neighbors"
  ], 
  "mean": [
    0.9891696750902528, 
    0.9184115523465703, 
    0.8018050541516246, 
    0.9418772563176894, 
    0.9743682310469313, 
    0.9689530685920579, 
    0.9592057761732852
  ], 
  "parameters": {
    "cv_method": "k2x5", 
    "db": "monkthree", 
    "repetition": 1
  }, 
  "std": [
    0.0034036427493937265, 
    0.022590036159340163, 
    0.031446877766402155, 
    0.09228282344423036, 
    0.007309912177370587, 
    0.009196136305435778, 
    0.008170515136831757
  ]
}