{
  "adv_t": [
    2,
    2,
    4,
    2,
    4,
    1,
    0
  ],
  "adv_w": [
    2,
    2,
    5,
    2,
    5,
    1,
    0
  ],
  "clfs": [
    "Nearest Neighbors",
    "RBF SVM",
    "Decision Tree",
    "Random Forest",
    "Neural Net",
    "Naive Bayes",
    "Linear SVM"
  ],
  "mean": [
    0.9729834054834055,
    0.9783080808080807,
    0.9891534391534391,
    0.9694456469456469,
    0.9891534391534391,
    0.913032708032708,
    0.8013023088023088
  ],
  "parameters": {
    "cv_method": "k10",
    "db": "monkthree",
    "repetition": 9
  },
  "std": [
    0.012661055475082193,
    0.016589843851546052,
    0.009338703445230166,
    0.023825114410180214,
    0.009338703445230166,
    0.053426913499942594,
    0.0655175437899049
  ]
}