{
  "adv_t": [
    2, 
    0, 
    0, 
    2, 
    6, 
    3, 
    4
  ], 
  "adv_w": [
    3, 
    0, 
    0, 
    2, 
    6, 
    3, 
    3
  ], 
  "clfs": [
    "Decision Tree", 
    "Naive Bayes", 
    "Linear SVM", 
    "Neural Net", 
    "RBF SVM", 
    "Random Forest", 
    "Nearest Neighbors"
  ], 
  "mean": [
    0.8464028776978418, 
    0.6669064748201439, 
    0.6654676258992807, 
    0.7697841726618704, 
    0.9392086330935252, 
    0.8471223021582734, 
    0.8830935251798561
  ], 
  "parameters": {
    "cv_method": "k2x5", 
    "db": "monkone", 
    "repetition": 2
  }, 
  "std": [
    0.11493354598979856, 
    0.014899016371231715, 
    0.013671168166656332, 
    0.09181865572698629, 
    0.024246134201600718, 
    0.045063838064667, 
    0.02740798429415457
  ]
}