{
  "adv_t": [
    5, 
    1, 
    0, 
    1, 
    2, 
    2, 
    2
  ], 
  "adv_w": [
    5, 
    1, 
    0, 
    1, 
    2, 
    2, 
    2
  ], 
  "clfs": [
    "Decision Tree", 
    "Naive Bayes", 
    "Linear SVM", 
    "Neural Net", 
    "RBF SVM", 
    "Random Forest", 
    "Nearest Neighbors"
  ], 
  "mean": [
    0.9891696750902528, 
    0.9133574007220219, 
    0.7812274368231046, 
    0.9487364620938626, 
    0.9750902527075812, 
    0.9660649819494586, 
    0.9570397111913358
  ], 
  "parameters": {
    "cv_method": "k2x5", 
    "db": "monkthree", 
    "repetition": 0
  }, 
  "std": [
    0.0045025961333019894, 
    0.026746222347644844, 
    0.04732165192098907, 
    0.07386375300885047, 
    0.013976709899624169, 
    0.01342175065569067, 
    0.015914532335125547
  ]
}