{
  "adv_t": [
    5, 
    0, 
    0, 
    0, 
    6, 
    2, 
    0
  ], 
  "adv_w": [
    5, 
    0, 
    0, 
    0, 
    6, 
    2, 
    0
  ], 
  "clfs": [
    "Decision Tree", 
    "Naive Bayes", 
    "Linear SVM", 
    "Neural Net", 
    "RBF SVM", 
    "Random Forest", 
    "Nearest Neighbors"
  ], 
  "mean": [
    0.7534074898034853, 
    0.6490619206525768, 
    0.65734149054505, 
    0.6735706340378196, 
    0.8719113830181684, 
    0.6923674453096031, 
    0.6702373007044863
  ], 
  "parameters": {
    "cv_method": "k20", 
    "db": "monktwo", 
    "repetition": 2
  }, 
  "std": [
    0.07311672331247236, 
    0.01825496024804346, 
    0.009448749072951275, 
    0.059627937216976505, 
    0.07401651163762096, 
    0.040791891823577765, 
    0.0830923723515723
  ]
}