{
  "adv_t": [
    0,
    6,
    5,
    2,
    0,
    0,
    0
  ],
  "adv_w": [
    0,
    6,
    5,
    2,
    0,
    0,
    1
  ],
  "clfs": [
    "Nearest Neighbors",
    "RBF SVM",
    "Decision Tree",
    "Random Forest",
    "Neural Net",
    "Naive Bayes",
    "Linear SVM"
  ],
  "mean": [
    0.6693103448275861,
    0.8736002966258807,
    0.7638598442714128,
    0.7003670745272524,
    0.6727938450129772,
    0.6490582128290693,
    0.65734149054505
  ],
  "parameters": {
    "cv_method": "k20",
    "db": "monktwo",
    "repetition": 8
  },
  "std": [
    0.09287977026054926,
    0.05318461643496984,
    0.047047542990509936,
    0.04636937054109706,
    0.08228854418654492,
    0.01820116576182242,
    0.009448749072951275
  ]
}