{
  "adv_t": [
    5, 
    1, 
    0, 
    1, 
    3, 
    2, 
    2
  ], 
  "adv_w": [
    5, 
    1, 
    0, 
    1, 
    3, 
    2, 
    2
  ], 
  "clfs": [
    "Decision Tree", 
    "Naive Bayes", 
    "Linear SVM", 
    "Neural Net", 
    "RBF SVM", 
    "Random Forest", 
    "Nearest Neighbors"
  ], 
  "mean": [
    0.9877256317689531, 
    0.8992779783393502, 
    0.7942238267148014, 
    0.9548736462093862, 
    0.9765342960288808, 
    0.9682310469314078, 
    0.9545126353790613
  ], 
  "parameters": {
    "cv_method": "k2x5", 
    "db": "monkthree", 
    "repetition": 2
  }, 
  "std": [
    0.0054351816080078115, 
    0.03055942403611216, 
    0.015126119241849041, 
    0.06413518813218319, 
    0.005175887645633349, 
    0.010870363216015599, 
    0.013313421598978935
  ]
}