{
  "adv_t": [
    0,
    6,
    3,
    2,
    0,
    0,
    0
  ],
  "adv_w": [
    0,
    6,
    2,
    0,
    0,
    0,
    0
  ],
  "clfs": [
    "Nearest Neighbors",
    "RBF SVM",
    "Decision Tree",
    "Random Forest",
    "Neural Net",
    "Naive Bayes",
    "Linear SVM"
  ],
  "mean": [
    0.6438246735204224,
    0.856712512735019,
    0.7553269426692599,
    0.7172367324256738,
    0.7067037139946282,
    0.6455779383161989,
    0.6572756321200333
  ],
  "parameters": {
    "cv_method": "k10",
    "db": "monktwo",
    "repetition": 9
  },
  "std": [
    0.07842917504256315,
    0.03528308921953596,
    0.05151743964007956,
    0.05156724897131034,
    0.08737503769819677,
    0.012752917192696346,
    0.003662887987644855
  ]
}