{
  "adv_t": [
    0,
    6,
    4,
    3,
    0,
    0,
    0
  ],
  "adv_w": [
    0,
    6,
    3,
    1,
    0,
    0,
    0
  ],
  "clfs": [
    "Nearest Neighbors",
    "RBF SVM",
    "Decision Tree",
    "Random Forest",
    "Neural Net",
    "Naive Bayes",
    "Linear SVM"
  ],
  "mean": [
    0.6405214411410577,
    0.8516842641474482,
    0.7666648143002684,
    0.7021473557469667,
    0.681840326016486,
    0.6423284245623784,
    0.6572756321200333
  ],
  "parameters": {
    "cv_method": "k10",
    "db": "monktwo",
    "repetition": 3
  },
  "std": [
    0.052388618124994735,
    0.04629175977478049,
    0.06313849746380555,
    0.03637761096888237,
    0.05732568910693086,
    0.02201319135890138,
    0.003662887987644855
  ]
}