{
  "adv_t": [
    0,
    6,
    4,
    4,
    1,
    0,
    2
  ],
  "adv_w": [
    0,
    6,
    5,
    4,
    2,
    0,
    2
  ],
  "clfs": [
    "Nearest Neighbors",
    "RBF SVM",
    "Decision Tree",
    "Random Forest",
    "Neural Net",
    "Naive Bayes",
    "Linear SVM"
  ],
  "mean": [
    0.6226201550387598,
    0.7664019933554818,
    0.7267796234772979,
    0.702158361018826,
    0.6605492801771872,
    0.6339335548172758,
    0.657236987818383
  ],
  "parameters": {
    "cv_method": "k2x5",
    "db": "monktwo",
    "repetition": 2
  },
  "std": [
    0.0361159408606637,
    0.032407545225185096,
    0.047100478575603136,
    0.027972846363779266,
    0.050109904893595666,
    0.017620647926013668,
    0.0006011712790648766
  ]
}