{
  "adv_t": [
    4, 
    1, 
    0, 
    2, 
    2, 
    2, 
    2
  ], 
  "adv_w": [
    6, 
    1, 
    0, 
    2, 
    2, 
    2, 
    2
  ], 
  "clfs": [
    "Decision Tree", 
    "Naive Bayes", 
    "Linear SVM", 
    "Neural Net", 
    "RBF SVM", 
    "Random Forest", 
    "Nearest Neighbors"
  ], 
  "mean": [
    0.9893762183235867, 
    0.9151358789129687, 
    0.800997592019264, 
    0.9721534227726178, 
    0.9788499025341131, 
    0.966081871345029, 
    0.9677387914230019
  ], 
  "parameters": {
    "cv_method": "k30", 
    "db": "monkthree", 
    "repetition": 7
  }, 
  "std": [
    0.025657599101062932, 
    0.06310390678697379, 
    0.07738743882979113, 
    0.0536701162389902, 
    0.04061525372572499, 
    0.03584910291929077, 
    0.03907477202523103
  ]
}