{
  "adv_t": [
    5, 
    0, 
    1, 
    2, 
    6, 
    3, 
    0
  ], 
  "adv_w": [
    5, 
    0, 
    0, 
    2, 
    6, 
    3, 
    0
  ], 
  "clfs": [
    "Decision Tree", 
    "Naive Bayes", 
    "Linear SVM", 
    "Neural Net", 
    "RBF SVM", 
    "Random Forest", 
    "Nearest Neighbors"
  ], 
  "mean": [
    0.755465331850204, 
    0.6472803114571747, 
    0.6556173526140155, 
    0.6932647385984427, 
    0.8668038561364482, 
    0.7067612161661103, 
    0.6621876158694848
  ], 
  "parameters": {
    "cv_method": "k20", 
    "db": "monktwo", 
    "repetition": 7
  }, 
  "std": [
    0.06479633590088045, 
    0.01723484279629134, 
    0.012514197057638407, 
    0.08607680741396324, 
    0.07161925480188931, 
    0.05795795303445277, 
    0.08552301888251225
  ]
}