{
  "adv_t": [
    0,
    6,
    0,
    4,
    1,
    0,
    2
  ],
  "adv_w": [
    0,
    6,
    0,
    3,
    0,
    0,
    2
  ],
  "clfs": [
    "Nearest Neighbors",
    "RBF SVM",
    "Decision Tree",
    "Random Forest",
    "Neural Net",
    "Naive Bayes",
    "Linear SVM"
  ],
  "mean": [
    0.619624584717608,
    0.7563997785160576,
    0.6459700996677741,
    0.6931616832779623,
    0.6585758582502769,
    0.6305980066445183,
    0.657236987818383
  ],
  "parameters": {
    "cv_method": "k2x5",
    "db": "monktwo",
    "repetition": 5
  },
  "std": [
    0.02338598364737808,
    0.01890133537867082,
    0.05658924828851419,
    0.023541617881671525,
    0.051914562364608896,
    0.032487103893543263,
    0.0006011712790648766
  ]
}