{
  "adv_t": [
    1, 
    0, 
    0, 
    0, 
    6, 
    2, 
    0
  ], 
  "adv_w": [
    0, 
    0, 
    0, 
    0, 
    6, 
    2, 
    0
  ], 
  "clfs": [
    "Decision Tree", 
    "Naive Bayes", 
    "Linear SVM", 
    "Neural Net", 
    "RBF SVM", 
    "Random Forest", 
    "Nearest Neighbors"
  ], 
  "mean": [
    0.7275164397517828, 
    0.6454950449198852, 
    0.6589705473742706, 
    0.6873112901731961, 
    0.8384884690191721, 
    0.7187093637121422, 
    0.66044225247754
  ], 
  "parameters": {
    "cv_method": "k10", 
    "db": "monktwo", 
    "repetition": 1
  }, 
  "std": [
    0.08577853086890713, 
    0.02060724961835388, 
    0.007499047617984606, 
    0.08718335017591136, 
    0.04607821044265047, 
    0.033190352294674846, 
    0.09232513505696577
  ]
}