{
  "adv_t": [
    4, 
    1, 
    0, 
    2, 
    2, 
    2, 
    2
  ], 
  "adv_w": [
    5, 
    1, 
    0, 
    2, 
    2, 
    2, 
    2
  ], 
  "clfs": [
    "Decision Tree", 
    "Naive Bayes", 
    "Linear SVM", 
    "Neural Net", 
    "RBF SVM", 
    "Random Forest", 
    "Nearest Neighbors"
  ], 
  "mean": [
    0.9890166028097062, 
    0.9155833789454478, 
    0.8016785258164572, 
    0.9817369093231163, 
    0.9781609195402297, 
    0.9678160919540227, 
    0.9671775223499361
  ], 
  "parameters": {
    "cv_method": "k20", 
    "db": "monkthree", 
    "repetition": 0
  }, 
  "std": [
    0.020999442539816046, 
    0.06646067895661134, 
    0.09295358220680583, 
    0.030483114793249038, 
    0.021905822894505506, 
    0.03190723229269588, 
    0.037770560372390447
  ]
}