{
  "adv_t": [
    0,
    6,
    3,
    3,
    0,
    0,
    0
  ],
  "adv_w": [
    0,
    6,
    1,
    3,
    0,
    0,
    0
  ],
  "clfs": [
    "Nearest Neighbors",
    "RBF SVM",
    "Decision Tree",
    "Random Forest",
    "Neural Net",
    "Naive Bayes",
    "Linear SVM"
  ],
  "mean": [
    0.6407154765212559,
    0.865300083356488,
    0.7324043715846994,
    0.7105390386218393,
    0.6737246457349263,
    0.6506071130869686,
    0.6572756321200333
  ],
  "parameters": {
    "cv_method": "k10",
    "db": "monktwo",
    "repetition": 6
  },
  "std": [
    0.05733082831818529,
    0.03545347267062492,
    0.06713061158540826,
    0.011691484968687736,
    0.046763192441883664,
    0.011594267536794399,
    0.003662887987644855
  ]
}