{
  "adv_t": [
    6, 
    1, 
    0, 
    1, 
    4, 
    2, 
    2
  ], 
  "adv_w": [
    6, 
    1, 
    0, 
    1, 
    4, 
    2, 
    2
  ], 
  "clfs": [
    "Decision Tree", 
    "Naive Bayes", 
    "Linear SVM", 
    "Neural Net", 
    "RBF SVM", 
    "Random Forest", 
    "Nearest Neighbors"
  ], 
  "mean": [
    0.9833935018050541, 
    0.9054151624548737, 
    0.7949458483754512, 
    0.9371841155234655, 
    0.9729241877256317, 
    0.9581227436823104, 
    0.955595667870036
  ], 
  "parameters": {
    "cv_method": "k2x5", 
    "db": "monkthree", 
    "repetition": 5
  }, 
  "std": [
    0.011441505967754288, 
    0.025515972622283646, 
    0.029953990020162833, 
    0.07975353055669736, 
    0.008883768387625375, 
    0.011567378908012472, 
    0.015602091945475797
  ]
}