{
  "adv_t": [
    3, 
    0, 
    0, 
    0, 
    6, 
    1, 
    0
  ], 
  "adv_w": [
    3, 
    0, 
    0, 
    0, 
    6, 
    0, 
    0
  ], 
  "clfs": [
    "Decision Tree", 
    "Naive Bayes", 
    "Linear SVM", 
    "Neural Net", 
    "RBF SVM", 
    "Random Forest", 
    "Nearest Neighbors"
  ], 
  "mean": [
    0.7507378568780126, 
    0.6506173526140155, 
    0.65734149054505, 
    0.7044252873563218, 
    0.8622877271041899, 
    0.6992602892102335, 
    0.6642417500926956
  ], 
  "parameters": {
    "cv_method": "k20", 
    "db": "monktwo", 
    "repetition": 3
  }, 
  "std": [
    0.05925019582064732, 
    0.013762970828991646, 
    0.009448749072951275, 
    0.08966130451496973, 
    0.08041755199259136, 
    0.0712616136241007, 
    0.08258259199803084
  ]
}