{
  "adv_t": [
    4,
    6,
    3,
    4,
    0,
    0,
    0
  ],
  "adv_w": [
    4,
    6,
    3,
    4,
    0,
    0,
    0
  ],
  "clfs": [
    "Nearest Neighbors",
    "RBF SVM",
    "Decision Tree",
    "Random Forest",
    "Neural Net",
    "Naive Bayes",
    "Linear SVM"
  ],
  "mean": [
    0.8990384615384615,
    1.0,
    0.8425824175824175,
    0.9006868131868133,
    0.6766483516483517,
    0.665934065934066,
    0.665934065934066
  ],
  "parameters": {
    "cv_method": "k20",
    "db": "monkone",
    "repetition": 4
  },
  "std": [
    0.053203120632859986,
    0.0,
    0.09416517402541832,
    0.06385453889942823,
    0.10903404262378931,
    0.08772844468508581,
    0.08772844468508581
  ]
}