{
  "adv_t": [
    3, 
    0, 
    0, 
    0, 
    6, 
    2, 
    0
  ], 
  "adv_w": [
    2, 
    0, 
    0, 
    0, 
    6, 
    2, 
    0
  ], 
  "clfs": [
    "Decision Tree", 
    "Naive Bayes", 
    "Linear SVM", 
    "Neural Net", 
    "RBF SVM", 
    "Random Forest", 
    "Nearest Neighbors"
  ], 
  "mean": [
    0.7487704918032787, 
    0.6472728535704362, 
    0.6572756321200333, 
    0.689170139853663, 
    0.858799203482449, 
    0.711928776511994, 
    0.664305825692322
  ], 
  "parameters": {
    "cv_method": "k10", 
    "db": "monktwo", 
    "repetition": 0
  }, 
  "std": [
    0.052134469413512484, 
    0.011038013503578635, 
    0.003662887987644855, 
    0.07850079920332671, 
    0.045337965578869516, 
    0.035614403247835255, 
    0.07339601475141684
  ]
}