{
  "adv_t": [
    2,
    4,
    4,
    2,
    1,
    1,
    0
  ],
  "adv_w": [
    2,
    3,
    4,
    2,
    1,
    1,
    0
  ],
  "clfs": [
    "Nearest Neighbors",
    "RBF SVM",
    "Decision Tree",
    "Random Forest",
    "Neural Net",
    "Naive Bayes",
    "Linear SVM"
  ],
  "mean": [
    0.955595667870036,
    0.9732851985559566,
    0.9833935018050541,
    0.9541516245487364,
    0.9371841155234655,
    0.9054151624548737,
    0.7953068592057762
  ],
  "parameters": {
    "cv_method": "k2x5",
    "db": "monkthree",
    "repetition": 5
  },
  "std": [
    0.015602091945475797,
    0.008875614399319295,
    0.011441505967754288,
    0.014141510994389995,
    0.080097773752422,
    0.025515972622283646,
    0.03039788366067998
  ]
}