{
  "adv_t": [
    2,
    2,
    3,
    2,
    2,
    1,
    0
  ],
  "adv_w": [
    2,
    2,
    5,
    2,
    2,
    1,
    0
  ],
  "clfs": [
    "Nearest Neighbors",
    "RBF SVM",
    "Decision Tree",
    "Random Forest",
    "Neural Net",
    "Naive Bayes",
    "Linear SVM"
  ],
  "mean": [
    0.9745270037839696,
    0.9782421740626074,
    0.9889634216259604,
    0.9637082903336772,
    0.9760635248251347,
    0.9161564040821003,
    0.802419447311088
  ],
  "parameters": {
    "cv_method": "k30",
    "db": "monkthree",
    "repetition": 5
  },
  "std": [
    0.03854938011248904,
    0.031232488467819394,
    0.027280988482067964,
    0.044091079683316804,
    0.053663078024384546,
    0.07467361937497059,
    0.08730322300754437
  ]
}