{
  "adv_t": [
    2, 
    0, 
    0, 
    2, 
    6, 
    4, 
    4
  ], 
  "adv_w": [
    2, 
    0, 
    0, 
    2, 
    6, 
    3, 
    3
  ], 
  "clfs": [
    "Decision Tree", 
    "Naive Bayes", 
    "Linear SVM", 
    "Neural Net", 
    "RBF SVM", 
    "Random Forest", 
    "Nearest Neighbors"
  ], 
  "mean": [
    0.8262589928057554, 
    0.6654676258992807, 
    0.6654676258992807, 
    0.766906474820144, 
    0.9546762589928057, 
    0.8748201438848919, 
    0.8848920863309353
  ], 
  "parameters": {
    "cv_method": "k2x5", 
    "db": "monkone", 
    "repetition": 7
  }, 
  "std": [
    0.06356160232943656, 
    0.02599458439889543, 
    0.025716559459864757, 
    0.09875613054849618, 
    0.012483851400307293, 
    0.03322013801294325, 
    0.014685190304455528
  ]
}