{
  "adv_t": [
    5, 
    0, 
    1, 
    1, 
    6, 
    3, 
    0
  ], 
  "adv_w": [
    5, 
    0, 
    1, 
    0, 
    6, 
    3, 
    0
  ], 
  "clfs": [
    "Decision Tree", 
    "Naive Bayes", 
    "Linear SVM", 
    "Neural Net", 
    "RBF SVM", 
    "Random Forest", 
    "Nearest Neighbors"
  ], 
  "mean": [
    0.7688512949039267, 
    0.6475772765246453, 
    0.6573391812865501, 
    0.6791729323308272, 
    0.8574812030075187, 
    0.7007936507936509, 
    0.6604260651629074
  ], 
  "parameters": {
    "cv_method": "k30", 
    "db": "monktwo", 
    "repetition": 0
  }, 
  "std": [
    0.10492467773706558, 
    0.026241718154812573, 
    0.012393577137173381, 
    0.0938226259119886, 
    0.08520128937115289, 
    0.07061346538663801, 
    0.09678396770468835
  ]
}