{
  "adv_t": [
    2,
    2,
    4,
    2,
    2,
    1,
    0
  ],
  "adv_w": [
    2,
    2,
    5,
    2,
    2,
    1,
    0
  ],
  "clfs": [
    "Nearest Neighbors",
    "RBF SVM",
    "Decision Tree",
    "Random Forest",
    "Neural Net",
    "Naive Bayes",
    "Linear SVM"
  ],
  "mean": [
    0.9660704047700951,
    0.9782421740626074,
    0.989278752436647,
    0.9659729388831553,
    0.9769980506822612,
    0.9187421167297328,
    0.8013874555670222
  ],
  "parameters": {
    "cv_method": "k30",
    "db": "monkthree",
    "repetition": 7
  },
  "std": [
    0.03843663177629191,
    0.03046101676080222,
    0.021818070205051523,
    0.03561705261759595,
    0.04737684328176808,
    0.07447233842062086,
    0.11822232754124831
  ]
}