{
  "adv_t": [
    5, 
    0, 
    0, 
    0, 
    6, 
    3, 
    0
  ], 
  "adv_w": [
    5, 
    0, 
    1, 
    0, 
    6, 
    3, 
    0
  ], 
  "clfs": [
    "Decision Tree", 
    "Naive Bayes", 
    "Linear SVM", 
    "Neural Net", 
    "RBF SVM", 
    "Random Forest", 
    "Nearest Neighbors"
  ], 
  "mean": [
    0.7572472848788637, 
    0.649243943191312, 
    0.6573391812865501, 
    0.6787510442773601, 
    0.8695781119465329, 
    0.6876190476190476, 
    0.644340016708438
  ], 
  "parameters": {
    "cv_method": "k30", 
    "db": "monktwo", 
    "repetition": 5
  }, 
  "std": [
    0.09360991676552664, 
    0.021248932631768688, 
    0.012393577137173381, 
    0.0918573552979004, 
    0.06580593464889675, 
    0.05764667848321858, 
    0.08360503552469871
  ]
}