{
  "adv_t": [
    2,
    2,
    2,
    2,
    1,
    1,
    0
  ],
  "adv_w": [
    2,
    2,
    2,
    2,
    1,
    1,
    0
  ],
  "clfs": [
    "Nearest Neighbors",
    "RBF SVM",
    "Decision Tree",
    "Random Forest",
    "Neural Net",
    "Naive Bayes",
    "Linear SVM"
  ],
  "mean": [
    0.9710666185666186,
    0.9800288600288601,
    0.9890548340548341,
    0.9710004810004811,
    0.9622366522366521,
    0.9135305435305433,
    0.8018975468975469
  ],
  "parameters": {
    "cv_method": "k10",
    "db": "monkthree",
    "repetition": 4
  },
  "std": [
    0.026039796623392616,
    0.018312393310642456,
    0.017816305864297232,
    0.02772604182852327,
    0.07646686104084945,
    0.03841709275999532,
    0.07467628507796391
  ]
}