{
  "adv_t": [
    2,
    2,
    4,
    2,
    2,
    1,
    0
  ],
  "adv_w": [
    2,
    2,
    6,
    2,
    2,
    1,
    0
  ],
  "clfs": [
    "Nearest Neighbors",
    "RBF SVM",
    "Decision Tree",
    "Random Forest",
    "Neural Net",
    "Naive Bayes",
    "Linear SVM"
  ],
  "mean": [
    0.9678247907350074,
    0.9784485724114208,
    0.9893762183235867,
    0.9604919160646713,
    0.9607212475633529,
    0.9172915950005731,
    0.8011294576310054
  ],
  "parameters": {
    "cv_method": "k30",
    "db": "monkthree",
    "repetition": 0
  },
  "std": [
    0.05145938457720596,
    0.036293526864011244,
    0.025657599101062932,
    0.03992045145819107,
    0.08379922456578433,
    0.07025092698253899,
    0.10884576228012349
  ]
}