{
  "adv_t": [
    5, 
    0, 
    0, 
    2, 
    6, 
    3, 
    0
  ], 
  "adv_w": [
    5, 
    0, 
    1, 
    1, 
    6, 
    2, 
    0
  ], 
  "clfs": [
    "Decision Tree", 
    "Naive Bayes", 
    "Linear SVM", 
    "Neural Net", 
    "RBF SVM", 
    "Random Forest", 
    "Nearest Neighbors"
  ], 
  "mean": [
    0.7577694235588973, 
    0.6490058479532166, 
    0.6573391812865501, 
    0.683203842940685, 
    0.8720760233918129, 
    0.7008479532163745, 
    0.657092731829574
  ], 
  "parameters": {
    "cv_method": "k30", 
    "db": "monktwo", 
    "repetition": 2
  }, 
  "std": [
    0.1013080040270417, 
    0.025285050226224702, 
    0.012393577137173381, 
    0.07698982800730321, 
    0.07503649134332017, 
    0.06307983163026905, 
    0.0955802420451194
  ]
}