{
  "adv_t": [
    2,
    4,
    5,
    2,
    1,
    1,
    0
  ],
  "adv_w": [
    2,
    4,
    6,
    2,
    2,
    1,
    0
  ],
  "clfs": [
    "Nearest Neighbors",
    "RBF SVM",
    "Decision Tree",
    "Random Forest",
    "Neural Net",
    "Naive Bayes",
    "Linear SVM"
  ],
  "mean": [
    0.9617328519855597,
    0.9768953068592057,
    0.9891696750902528,
    0.9689530685920577,
    0.9523465703971119,
    0.912996389891697,
    0.7956678700361011
  ],
  "parameters": {
    "cv_method": "k2x5",
    "db": "monkthree",
    "repetition": 6
  },
  "std": [
    0.009805799657022121,
    0.0042375010497373465,
    0.002947641086381679,
    0.011691896800472779,
    0.07141163701815922,
    0.015169138786191935,
    0.018580273468706415
  ]
}