{
  "adv_t": [
    2, 
    0, 
    0, 
    2, 
    6, 
    3, 
    5
  ], 
  "adv_w": [
    2, 
    0, 
    0, 
    2, 
    6, 
    3, 
    4
  ], 
  "clfs": [
    "Decision Tree", 
    "Naive Bayes", 
    "Linear SVM", 
    "Neural Net", 
    "RBF SVM", 
    "Random Forest", 
    "Nearest Neighbors"
  ], 
  "mean": [
    0.7881294964028778, 
    0.6654676258992807, 
    0.6643884892086331, 
    0.8284172661870504, 
    0.9431654676258994, 
    0.8615107913669064, 
    0.8870503597122301
  ], 
  "parameters": {
    "cv_method": "k2x5", 
    "db": "monkone", 
    "repetition": 9
  }, 
  "std": [
    0.09663182544257569, 
    0.017041571227280426, 
    0.016444790576492747, 
    0.057630095520990805, 
    0.028313615622341335, 
    0.0296262568359852, 
    0.017800809170163672
  ]
}