{
  "adv_t": [
    2,
    3,
    6,
    2,
    3,
    1,
    0
  ],
  "adv_w": [
    2,
    3,
    4,
    2,
    3,
    1,
    0
  ],
  "clfs": [
    "Nearest Neighbors",
    "RBF SVM",
    "Decision Tree",
    "Random Forest",
    "Neural Net",
    "Naive Bayes",
    "Linear SVM"
  ],
  "mean": [
    0.9541516245487364,
    0.9783393501805054,
    0.988447653429603,
    0.9610108303249097,
    0.9750902527075811,
    0.9086642599277978,
    0.7877256317689529
  ],
  "parameters": {
    "cv_method": "k2x5",
    "db": "monkthree",
    "repetition": 7
  },
  "std": [
    0.010497631040945563,
    0.0076107765587686135,
    0.005592755734595555,
    0.018154533974147853,
    0.012324994107407375,
    0.026146645363489728,
    0.02061944644101457
  ]
}