{
  "adv_t": [
    2,
    3,
    6,
    2,
    1,
    1,
    0
  ],
  "adv_w": [
    2,
    4,
    6,
    2,
    1,
    1,
    0
  ],
  "clfs": [
    "Nearest Neighbors",
    "RBF SVM",
    "Decision Tree",
    "Random Forest",
    "Neural Net",
    "Naive Bayes",
    "Linear SVM"
  ],
  "mean": [
    0.9548736462093862,
    0.9725631768953068,
    0.9891696750902528,
    0.963176895306859,
    0.9270758122743683,
    0.9021660649819495,
    0.7787003610108304
  ],
  "parameters": {
    "cv_method": "k2x5",
    "db": "monkthree",
    "repetition": 3
  },
  "std": [
    0.007658196186135897,
    0.005944206515152065,
    0.0053816317148009316,
    0.012825908634872938,
    0.0932560846427794,
    0.04513678178750489,
    0.038396726024617106
  ]
}