{
  "adv_t": [
    0,
    6,
    3,
    3,
    3,
    0,
    1
  ],
  "adv_w": [
    0,
    6,
    3,
    3,
    2,
    0,
    1
  ],
  "clfs": [
    "Nearest Neighbors",
    "RBF SVM",
    "Decision Tree",
    "Random Forest",
    "Neural Net",
    "Naive Bayes",
    "Linear SVM"
  ],
  "mean": [
    0.6475991842788282,
    0.8703559510567299,
    0.7242028179458659,
    0.7224323322209865,
    0.7039988876529476,
    0.6425027808676307,
    0.65734149054505
  ],
  "parameters": {
    "cv_method": "k20",
    "db": "monktwo",
    "repetition": 0
  },
  "std": [
    0.08263249361777476,
    0.05598268927841538,
    0.0844952883989075,
    0.057345640220849536,
    0.10712341224285092,
    0.033342602363134036,
    0.009448749072951275
  ]
}