{
  "adv_t": [
    0,
    6,
    3,
    0,
    0,
    0,
    0
  ],
  "adv_w": [
    0,
    6,
    3,
    0,
    0,
    0,
    0
  ],
  "clfs": [
    "Nearest Neighbors",
    "RBF SVM",
    "Decision Tree",
    "Random Forest",
    "Neural Net",
    "Naive Bayes",
    "Linear SVM"
  ],
  "mean": [
    0.6456881541168843,
    0.8653556543484301,
    0.7457687320552004,
    0.6905617301102158,
    0.6976757432620172,
    0.6506080392701676,
    0.6572756321200333
  ],
  "parameters": {
    "cv_method": "k10",
    "db": "monktwo",
    "repetition": 0
  },
  "std": [
    0.07226884217162208,
    0.03657096259864596,
    0.04815284636285812,
    0.046257035922799755,
    0.049985299838382395,
    0.013952117774173047,
    0.003662887987644855
  ]
}