{
  "adv_t": [
    2, 
    1, 
    0, 
    2, 
    2, 
    2, 
    2
  ], 
  "adv_w": [
    2, 
    1, 
    0, 
    1, 
    1, 
    1, 
    1
  ], 
  "clfs": [
    "Decision Tree", 
    "Naive Bayes", 
    "Linear SVM", 
    "Neural Net", 
    "RBF SVM", 
    "Random Forest", 
    "Nearest Neighbors"
  ], 
  "mean": [
    0.9892857142857142, 
    0.9206084656084655, 
    0.8017352092352092, 
    0.9837962962962962, 
    0.9783730158730158, 
    0.967627465127465, 
    0.9678246753246753
  ], 
  "parameters": {
    "cv_method": "k10", 
    "db": "monkthree", 
    "repetition": 3
  }, 
  "std": [
    0.0150584650484208, 
    0.028399596377899797, 
    0.052637380680128715, 
    0.017924378614904278, 
    0.018547496643611713, 
    0.018462525761375054, 
    0.03448849107407288
  ]
}