{
  "adv_t": [
    4, 
    0, 
    0, 
    2, 
    6, 
    2, 
    0
  ], 
  "adv_w": [
    4, 
    0, 
    0, 
    2, 
    6, 
    2, 
    0
  ], 
  "clfs": [
    "Decision Tree", 
    "Naive Bayes", 
    "Linear SVM", 
    "Neural Net", 
    "RBF SVM", 
    "Random Forest", 
    "Nearest Neighbors"
  ], 
  "mean": [
    0.7550710108604847, 
    0.6472514619883044, 
    0.6590058479532167, 
    0.7047159565580617, 
    0.8669005847953214, 
    0.7070384294068505, 
    0.6786800334168757
  ], 
  "parameters": {
    "cv_method": "k30", 
    "db": "monktwo", 
    "repetition": 1
  }, 
  "std": [
    0.07581818768224886, 
    0.024574075606357427, 
    0.014547390347091203, 
    0.09064983622268032, 
    0.0723680627020212, 
    0.0624282336111358, 
    0.1051983141909149
  ]
}