{
  "adv_t": [
    4, 
    0, 
    0, 
    2, 
    6, 
    2, 
    0
  ], 
  "adv_w": [
    4, 
    0, 
    0, 
    2, 
    6, 
    2, 
    0
  ], 
  "clfs": [
    "Decision Tree", 
    "Naive Bayes", 
    "Linear SVM", 
    "Neural Net", 
    "RBF SVM", 
    "Random Forest", 
    "Nearest Neighbors"
  ], 
  "mean": [
    0.7591360771227291, 
    0.650836114200964, 
    0.65734149054505, 
    0.7068261030774934, 
    0.8669113830181685, 
    0.687313681868743, 
    0.6674453096032629
  ], 
  "parameters": {
    "cv_method": "k20", 
    "db": "monktwo", 
    "repetition": 0
  }, 
  "std": [
    0.07005929886539569, 
    0.026219754747922847, 
    0.009448749072951275, 
    0.09499314632952843, 
    0.07128148888195217, 
    0.04721325670519386, 
    0.07926655476629181
  ]
}