{
  "adv_t": [
    2, 
    0, 
    1, 
    0, 
    6, 
    2, 
    0
  ], 
  "adv_w": [
    1, 
    0, 
    0, 
    0, 
    5, 
    1, 
    0
  ], 
  "clfs": [
    "Decision Tree", 
    "Naive Bayes", 
    "Linear SVM", 
    "Neural Net", 
    "RBF SVM", 
    "Random Forest", 
    "Nearest Neighbors"
  ], 
  "mean": [
    0.6888172757475082, 
    0.6336312292358804, 
    0.657236987818383, 
    0.6625603543743077, 
    0.7554252491694352, 
    0.6848637873754153, 
    0.6306522702104098
  ], 
  "parameters": {
    "cv_method": "k2x5", 
    "db": "monktwo", 
    "repetition": 0
  }, 
  "std": [
    0.04491628848157776, 
    0.021469477313310566, 
    0.0006011712790648766, 
    0.024359278401939834, 
    0.018907209996587085, 
    0.0385311325537925, 
    0.03513316353955108
  ]
}