{
  "adv_t": [
    2, 
    1, 
    0, 
    2, 
    2, 
    2, 
    2
  ], 
  "adv_w": [
    2, 
    1, 
    0, 
    2, 
    2, 
    2, 
    2
  ], 
  "clfs": [
    "Decision Tree", 
    "Naive Bayes", 
    "Linear SVM", 
    "Neural Net", 
    "RBF SVM", 
    "Random Forest", 
    "Nearest Neighbors"
  ], 
  "mean": [
    0.9893762183235867, 
    0.9154397431487215, 
    0.802235982112143, 
    0.9712475633528265, 
    0.9784485724114206, 
    0.9732828804036234, 
    0.9715399610136453
  ], 
  "parameters": {
    "cv_method": "k30", 
    "db": "monkthree", 
    "repetition": 2
  }, 
  "std": [
    0.02161647930782962, 
    0.07008725400310994, 
    0.09229972024405443, 
    0.07133413305488291, 
    0.03022123994094303, 
    0.039063718100782706, 
    0.04361316322974266
  ]
}