{
  "adv_t": [
    2,
    6,
    5,
    3,
    0,
    0,
    0
  ],
  "adv_w": [
    1,
    6,
    5,
    3,
    0,
    0,
    0
  ],
  "clfs": [
    "Nearest Neighbors",
    "RBF SVM",
    "Decision Tree",
    "Random Forest",
    "Neural Net",
    "Naive Bayes",
    "Linear SVM"
  ],
  "mean": [
    0.6871177944862157,
    0.8751545530492899,
    0.7575563909774436,
    0.707627401837928,
    0.6724352548036758,
    0.6522514619883044,
    0.6573391812865501
  ],
  "parameters": {
    "cv_method": "k30",
    "db": "monktwo",
    "repetition": 2
  },
  "std": [
    0.09445435402417802,
    0.06673990671115698,
    0.09256763329381054,
    0.07099572689052734,
    0.07863345758247524,
    0.018650350804513327,
    0.012393577137173381
  ]
}