{
  "adv_t": [
    0,
    6,
    4,
    2,
    0,
    0,
    0
  ],
  "adv_w": [
    0,
    6,
    4,
    2,
    1,
    0,
    1
  ],
  "clfs": [
    "Nearest Neighbors",
    "RBF SVM",
    "Decision Tree",
    "Random Forest",
    "Neural Net",
    "Naive Bayes",
    "Linear SVM"
  ],
  "mean": [
    0.6458249907304412,
    0.8669762699295515,
    0.7418335187245088,
    0.6910882461994808,
    0.678131256952169,
    0.649115684093437,
    0.65734149054505
  ],
  "parameters": {
    "cv_method": "k20",
    "db": "monktwo",
    "repetition": 5
  },
  "std": [
    0.10041921855794225,
    0.06623632334754488,
    0.09738420455751694,
    0.06496800046605314,
    0.06414699651201881,
    0.01695834336851871,
    0.009448749072951275
  ]
}