{
  "adv_t": [
    4, 
    0, 
    0, 
    2, 
    6, 
    2, 
    0
  ], 
  "adv_w": [
    3, 
    0, 
    0, 
    2, 
    6, 
    2, 
    0
  ], 
  "clfs": [
    "Decision Tree", 
    "Naive Bayes", 
    "Linear SVM", 
    "Neural Net", 
    "RBF SVM", 
    "Random Forest", 
    "Nearest Neighbors"
  ], 
  "mean": [
    0.753190238029082, 
    0.648856626840789, 
    0.6572756321200333, 
    0.6788084653144392, 
    0.8649101602296934, 
    0.7087339075669167, 
    0.6583838103176809
  ], 
  "parameters": {
    "cv_method": "k10", 
    "db": "monktwo", 
    "repetition": 7
  }, 
  "std": [
    0.08013389171830342, 
    0.015262748896107422, 
    0.003662887987644855, 
    0.024913161446243268, 
    0.03647316715989207, 
    0.0566485828836095, 
    0.09517488096601288
  ]
}