{
  "adv_t": [
    2,
    4,
    5,
    3,
    2,
    1,
    0
  ],
  "adv_w": [
    2,
    4,
    6,
    2,
    2,
    1,
    0
  ],
  "clfs": [
    "Nearest Neighbors",
    "RBF SVM",
    "Decision Tree",
    "Random Forest",
    "Neural Net",
    "Naive Bayes",
    "Linear SVM"
  ],
  "mean": [
    0.9545126353790613,
    0.9783393501805053,
    0.9877256317689531,
    0.9653429602888085,
    0.9541516245487364,
    0.8992779783393502,
    0.7967509025270758
  ],
  "parameters": {
    "cv_method": "k2x5",
    "db": "monkthree",
    "repetition": 2
  },
  "std": [
    0.013313421598978935,
    0.0053816317148009316,
    0.0054351816080078115,
    0.012528919455904057,
    0.06406289510768406,
    0.03055942403611216,
    0.013513147570281386
  ]
}