{
  "adv_t": [
    4,
    6,
    3,
    4,
    0,
    0,
    0
  ],
  "adv_w": [
    4,
    6,
    3,
    4,
    0,
    0,
    0
  ],
  "clfs": [
    "Nearest Neighbors",
    "RBF SVM",
    "Decision Tree",
    "Random Forest",
    "Neural Net",
    "Naive Bayes",
    "Linear SVM"
  ],
  "mean": [
    0.8953296703296705,
    1.0,
    0.8252747252747252,
    0.8793956043956044,
    0.6813186813186813,
    0.6663461538461538,
    0.6663461538461538
  ],
  "parameters": {
    "cv_method": "k20",
    "db": "monkone",
    "repetition": 0
  },
  "std": [
    0.06520039564327904,
    0.0,
    0.06888864024148168,
    0.06181656054028212,
    0.11797540312688039,
    0.08831095802412837,
    0.08831095802412837
  ]
}