{
  "adv_t": [
    3, 
    0, 
    0, 
    0, 
    6, 
    3, 
    3
  ], 
  "adv_w": [
    3, 
    0, 
    0, 
    0, 
    6, 
    3, 
    3
  ], 
  "clfs": [
    "Decision Tree", 
    "Naive Bayes", 
    "Linear SVM", 
    "Neural Net", 
    "RBF SVM", 
    "Random Forest", 
    "Nearest Neighbors"
  ], 
  "mean": [
    0.8485185185185183, 
    0.6659259259259257, 
    0.6659259259259257, 
    0.6837037037037036, 
    1.0, 
    0.8946296296296297, 
    0.8940740740740741
  ], 
  "parameters": {
    "cv_method": "k30", 
    "db": "monkone", 
    "repetition": 3
  }, 
  "std": [
    0.07214014394878433, 
    0.09628843665734292, 
    0.09628843665734292, 
    0.10700192099640396, 
    0.0, 
    0.0678139362963812, 
    0.07531589968447351
  ]
}