{
  "adv_t": [
    3, 
    0, 
    0, 
    0, 
    6, 
    3, 
    3
  ], 
  "adv_w": [
    2, 
    0, 
    0, 
    0, 
    5, 
    3, 
    3
  ], 
  "clfs": [
    "Decision Tree", 
    "Naive Bayes", 
    "Linear SVM", 
    "Neural Net", 
    "RBF SVM", 
    "Random Forest", 
    "Nearest Neighbors"
  ], 
  "mean": [
    0.8248015873015874, 
    0.6651455026455027, 
    0.6651455026455027, 
    0.7026455026455026, 
    0.9982142857142857, 
    0.880952380952381, 
    0.8918650793650794
  ], 
  "parameters": {
    "cv_method": "k10", 
    "db": "monkone", 
    "repetition": 9
  }, 
  "std": [
    0.10441800114747858, 
    0.03737803102193764, 
    0.03737803102193764, 
    0.08116001333742684, 
    0.005646924393157801, 
    0.05382801573908941, 
    0.038635322240568516
  ]
}