{
  "adv_t": [
    3, 
    1, 
    0, 
    1, 
    2, 
    2, 
    2
  ], 
  "adv_w": [
    4, 
    1, 
    0, 
    1, 
    2, 
    2, 
    2
  ], 
  "clfs": [
    "Decision Tree", 
    "Naive Bayes", 
    "Linear SVM", 
    "Neural Net", 
    "RBF SVM", 
    "Random Forest", 
    "Nearest Neighbors"
  ], 
  "mean": [
    0.9891812865497076, 
    0.9168902648778808, 
    0.802201582387341, 
    0.9636108244467377, 
    0.9780472422887282, 
    0.9604059167526658, 
    0.9657780071092764
  ], 
  "parameters": {
    "cv_method": "k30", 
    "db": "monkthree", 
    "repetition": 5
  }, 
  "std": [
    0.026412517442150476, 
    0.051180868742206925, 
    0.06741043236420953, 
    0.08310272864377402, 
    0.03396663072430418, 
    0.042478542845449316, 
    0.04815697712679873
  ]
}