{
  "adv_t": [
    4, 
    1, 
    0, 
    1, 
    3, 
    2, 
    2
  ], 
  "adv_w": [
    5, 
    1, 
    0, 
    2, 
    4, 
    2, 
    2
  ], 
  "clfs": [
    "Decision Tree", 
    "Naive Bayes", 
    "Linear SVM", 
    "Neural Net", 
    "RBF SVM", 
    "Random Forest", 
    "Nearest Neighbors"
  ], 
  "mean": [
    0.9890827403758436, 
    0.9185344827586206, 
    0.801498357963875, 
    0.958239828498449, 
    0.9780377668308702, 
    0.9640508118956396, 
    0.9569079547527821
  ], 
  "parameters": {
    "cv_method": "k20", 
    "db": "monkthree", 
    "repetition": 6
  }, 
  "std": [
    0.017118485148918627, 
    0.06598793230025508, 
    0.06109886497488982, 
    0.09153038543355596, 
    0.032415009238836584, 
    0.028465207385355486, 
    0.04104642935459047
  ]
}