{
  "adv_t": [
    2, 
    0, 
    0, 
    2, 
    6, 
    3, 
    3
  ], 
  "adv_w": [
    2, 
    0, 
    0, 
    2, 
    6, 
    3, 
    3
  ], 
  "clfs": [
    "Decision Tree", 
    "Naive Bayes", 
    "Linear SVM", 
    "Neural Net", 
    "RBF SVM", 
    "Random Forest", 
    "Nearest Neighbors"
  ], 
  "mean": [
    0.8287769784172662, 
    0.6629496402877698, 
    0.6654676258992807, 
    0.7719424460431654, 
    0.9514388489208632, 
    0.8802158273381296, 
    0.8899280575539569
  ], 
  "parameters": {
    "cv_method": "k2x5", 
    "db": "monkone", 
    "repetition": 5
  }, 
  "std": [
    0.09748724991176297, 
    0.02560731155903584, 
    0.0270781529751468, 
    0.09941486995660131, 
    0.015378603523238228, 
    0.05226635071820545, 
    0.017719859186485516
  ]
}