{
  "adv_t": [
    4,
    6,
    3,
    4,
    0,
    0,
    0
  ],
  "adv_w": [
    4,
    6,
    3,
    4,
    2,
    0,
    0
  ],
  "clfs": [
    "Nearest Neighbors",
    "RBF SVM",
    "Decision Tree",
    "Random Forest",
    "Neural Net",
    "Naive Bayes",
    "Linear SVM"
  ],
  "mean": [
    0.9059259259259258,
    1.0,
    0.8146296296296298,
    0.8977777777777779,
    0.6874074074074076,
    0.6637037037037037,
    0.6637037037037037
  ],
  "parameters": {
    "cv_method": "k30",
    "db": "monkone",
    "repetition": 6
  },
  "std": [
    0.08041417548975008,
    0.0,
    0.10248595137122944,
    0.08390734617178738,
    0.13154073818042109,
    0.1024158308679574,
    0.1024158308679574
  ]
}