{
  "adv_t": [
    4, 
    1, 
    0, 
    2, 
    2, 
    2, 
    2
  ], 
  "adv_w": [
    5, 
    1, 
    0, 
    2, 
    2, 
    2, 
    2
  ], 
  "clfs": [
    "Decision Tree", 
    "Naive Bayes", 
    "Linear SVM", 
    "Neural Net", 
    "RBF SVM", 
    "Random Forest", 
    "Nearest Neighbors"
  ], 
  "mean": [
    0.9892720306513411, 
    0.9129698047801496, 
    0.8009168035030104, 
    0.9800127713920818, 
    0.9782270571063674, 
    0.9676268016785257, 
    0.960919540229885
  ], 
  "parameters": {
    "cv_method": "k20", 
    "db": "monkthree", 
    "repetition": 3
  }, 
  "std": [
    0.02351061042208573, 
    0.04916149103275922, 
    0.06630594956172786, 
    0.05917975413322163, 
    0.029862828632121495, 
    0.030852839074824407, 
    0.046749869417852905
  ]
}