{
  "adv_t": [
    3, 
    0, 
    0, 
    0, 
    6, 
    3, 
    3
  ], 
  "adv_w": [
    3, 
    0, 
    0, 
    0, 
    5, 
    3, 
    3
  ], 
  "clfs": [
    "Decision Tree", 
    "Naive Bayes", 
    "Linear SVM", 
    "Neural Net", 
    "RBF SVM", 
    "Random Forest", 
    "Nearest Neighbors"
  ], 
  "mean": [
    0.8503968253968255, 
    0.6656746031746031, 
    0.6656746031746031, 
    0.6892857142857143, 
    0.9928571428571429, 
    0.8738095238095239, 
    0.8776455026455026
  ], 
  "parameters": {
    "cv_method": "k10", 
    "db": "monkone", 
    "repetition": 5
  }, 
  "std": [
    0.08497572024658365, 
    0.06377866342219941, 
    0.06377866342219941, 
    0.09879239522351743, 
    0.017251638983558863, 
    0.060761673015062474, 
    0.04092580146949647
  ]
}