{
  "adv_t": [
    0,
    6,
    4,
    2,
    0,
    0,
    0
  ],
  "adv_w": [
    0,
    6,
    3,
    2,
    0,
    0,
    0
  ],
  "clfs": [
    "Nearest Neighbors",
    "RBF SVM",
    "Decision Tree",
    "Random Forest",
    "Neural Net",
    "Naive Bayes",
    "Linear SVM"
  ],
  "mean": [
    0.6725562656293415,
    0.8551032694266926,
    0.7570802074650366,
    0.7255973881633786,
    0.6840599240529777,
    0.6457446512920255,
    0.6572756321200333
  ],
  "parameters": {
    "cv_method": "k10",
    "db": "monktwo",
    "repetition": 2
  },
  "std": [
    0.052478857637013356,
    0.04846003967382442,
    0.06194219574612353,
    0.0416869138019288,
    0.04563322137548833,
    0.018307671505040746,
    0.003662887987644855
  ]
}