{
  "adv_t": [
    3, 
    0, 
    0, 
    0, 
    6, 
    4, 
    4
  ], 
  "adv_w": [
    3, 
    0, 
    0, 
    0, 
    6, 
    4, 
    4
  ], 
  "clfs": [
    "Decision Tree", 
    "Naive Bayes", 
    "Linear SVM", 
    "Neural Net", 
    "RBF SVM", 
    "Random Forest", 
    "Nearest Neighbors"
  ], 
  "mean": [
    0.828708791208791, 
    0.6660714285714285, 
    0.6660714285714285, 
    0.6642857142857144, 
    1.0, 
    0.8902472527472526, 
    0.8958791208791208
  ], 
  "parameters": {
    "cv_method": "k20", 
    "db": "monkone", 
    "repetition": 4
  }, 
  "std": [
    0.08408414788116136, 
    0.0952155116073658, 
    0.0952155116073658, 
    0.09244306221463629, 
    0.0, 
    0.06293468823058325, 
    0.07566779206109271
  ]
}