{
  "adv_t": [
    4, 
    1, 
    0, 
    2, 
    2, 
    2, 
    2
  ], 
  "adv_w": [
    5, 
    1, 
    0, 
    3, 
    2, 
    2, 
    2
  ], 
  "clfs": [
    "Decision Tree", 
    "Naive Bayes", 
    "Linear SVM", 
    "Neural Net", 
    "RBF SVM", 
    "Random Forest", 
    "Nearest Neighbors"
  ], 
  "mean": [
    0.989404305783616, 
    0.9122149242838896, 
    0.8024676153986497, 
    0.9825077540594782, 
    0.9786147600802775, 
    0.9624635103083377, 
    0.9696770662287904
  ], 
  "parameters": {
    "cv_method": "k20", 
    "db": "monkthree", 
    "repetition": 9
  }, 
  "std": [
    0.02025572061697426, 
    0.07114858355285188, 
    0.10268209622397959, 
    0.028848057414432086, 
    0.029166472952832576, 
    0.05082048780571001, 
    0.03308459733695581
  ]
}