{
  "adv_t": [
    2, 
    0, 
    2, 
    0, 
    6, 
    3, 
    0
  ], 
  "adv_w": [
    2, 
    0, 
    2, 
    0, 
    6, 
    3, 
    0
  ], 
  "clfs": [
    "Decision Tree", 
    "Naive Bayes", 
    "Linear SVM", 
    "Neural Net", 
    "RBF SVM", 
    "Random Forest", 
    "Nearest Neighbors"
  ], 
  "mean": [
    0.6852414174972314, 
    0.6232990033222592, 
    0.6552436323366555, 
    0.643265780730897, 
    0.7614008859357697, 
    0.6792148394241417, 
    0.6209656699889259
  ], 
  "parameters": {
    "cv_method": "k2x5", 
    "db": "monktwo", 
    "repetition": 6
  }, 
  "std": [
    0.05938403052198418, 
    0.042707461985943176, 
    0.006129414990814291, 
    0.055572999141529876, 
    0.01941782300685874, 
    0.015538681466345197, 
    0.04369283796355853
  ]
}