{
  "adv_t": [
    4,
    6,
    3,
    3,
    0,
    0,
    0
  ],
  "adv_w": [
    4,
    6,
    3,
    3,
    0,
    0,
    0
  ],
  "clfs": [
    "Nearest Neighbors",
    "RBF SVM",
    "Decision Tree",
    "Random Forest",
    "Neural Net",
    "Naive Bayes",
    "Linear SVM"
  ],
  "mean": [
    0.8939560439560438,
    0.9982142857142857,
    0.8038461538461539,
    0.8689560439560438,
    0.6781593406593406,
    0.6656593406593406,
    0.6656593406593406
  ],
  "parameters": {
    "cv_method": "k20",
    "db": "monkone",
    "repetition": 6
  },
  "std": [
    0.0620698674239478,
    0.007985957062499225,
    0.08875929254759952,
    0.06577784171888931,
    0.08754657150653311,
    0.07169002733608387,
    0.07169002733608387
  ]
}