{
  "adv_t": [
    4,
    6,
    2,
    3,
    0,
    0,
    0
  ],
  "adv_w": [
    5,
    6,
    2,
    4,
    0,
    0,
    0
  ],
  "clfs": [
    "Nearest Neighbors",
    "RBF SVM",
    "Decision Tree",
    "Random Forest",
    "Neural Net",
    "Naive Bayes",
    "Linear SVM"
  ],
  "mean": [
    0.9063492063492065,
    0.9982142857142857,
    0.8058862433862434,
    0.8740740740740739,
    0.7020502645502644,
    0.666005291005291,
    0.666005291005291
  ],
  "parameters": {
    "cv_method": "k10",
    "db": "monkone",
    "repetition": 2
  },
  "std": [
    0.04242690358288948,
    0.0056469243931578,
    0.06534969431564164,
    0.04230874780704526,
    0.11357028904199673,
    0.07983583197061855,
    0.07983583197061855
  ]
}