{
  "adv_t": [
    3, 
    0, 
    0, 
    0, 
    6, 
    4, 
    4
  ], 
  "adv_w": [
    3, 
    0, 
    0, 
    0, 
    6, 
    4, 
    5
  ], 
  "clfs": [
    "Decision Tree", 
    "Naive Bayes", 
    "Linear SVM", 
    "Neural Net", 
    "RBF SVM", 
    "Random Forest", 
    "Nearest Neighbors"
  ], 
  "mean": [
    0.8152472527472527, 
    0.6645604395604394, 
    0.6645604395604394, 
    0.6752747252747252, 
    1.0, 
    0.8798076923076923, 
    0.910164835164835
  ], 
  "parameters": {
    "cv_method": "k20", 
    "db": "monkone", 
    "repetition": 2
  }, 
  "std": [
    0.11083269475455065, 
    0.09900908249326797, 
    0.09900908249326797, 
    0.10198426667623452, 
    0.0, 
    0.0749873934623089, 
    0.0596796169359327
  ]
}