{
  "adv_t": [
    0,
    6,
    4,
    3,
    3,
    0,
    0
  ],
  "adv_w": [
    0,
    6,
    3,
    2,
    3,
    0,
    0
  ],
  "clfs": [
    "Nearest Neighbors",
    "RBF SVM",
    "Decision Tree",
    "Random Forest",
    "Neural Net",
    "Naive Bayes",
    "Linear SVM"
  ],
  "mean": [
    0.6445739348370926,
    0.8733458646616543,
    0.7551503759398499,
    0.7034586466165413,
    0.7335463659147868,
    0.6472431077694237,
    0.6494026733500421
  ],
  "parameters": {
    "cv_method": "k30",
    "db": "monktwo",
    "repetition": 7
  },
  "std": [
    0.10078938259246328,
    0.07757278017796276,
    0.08488707343262132,
    0.06210865371892717,
    0.08918764481935879,
    0.024844831656604602,
    0.043475105768315314
  ]
}