{
  "adv_t": [
    2, 
    0, 
    0, 
    2, 
    6, 
    4, 
    4
  ], 
  "adv_w": [
    2, 
    0, 
    0, 
    2, 
    6, 
    4, 
    4
  ], 
  "clfs": [
    "Decision Tree", 
    "Naive Bayes", 
    "Linear SVM", 
    "Neural Net", 
    "RBF SVM", 
    "Random Forest", 
    "Nearest Neighbors"
  ], 
  "mean": [
    0.8107913669064748, 
    0.6679856115107913, 
    0.6654676258992804, 
    0.7812949640287769, 
    0.9464028776978418, 
    0.8726618705035971, 
    0.8910071942446043
  ], 
  "parameters": {
    "cv_method": "k2x5", 
    "db": "monkone", 
    "repetition": 0
  }, 
  "std": [
    0.07557191648746336, 
    0.020422448697788316, 
    0.018184353582857426, 
    0.10982585092977365, 
    0.01603759048285153, 
    0.03826424465570878, 
    0.02138532151139425
  ]
}