{
  "adv_t": [
    4,
    6,
    2,
    4,
    2,
    0,
    0
  ],
  "adv_w": [
    4,
    6,
    2,
    4,
    2,
    0,
    0
  ],
  "clfs": [
    "Nearest Neighbors",
    "RBF SVM",
    "Decision Tree",
    "Random Forest",
    "Neural Net",
    "Naive Bayes",
    "Linear SVM"
  ],
  "mean": [
    0.8902877697841728,
    0.9575539568345324,
    0.8007194244604318,
    0.8733812949640288,
    0.8219424460431654,
    0.6636690647482015,
    0.6654676258992807
  ],
  "parameters": {
    "cv_method": "k2x5",
    "db": "monkone",
    "repetition": 1
  },
  "std": [
    0.02703830283880023,
    0.018089229895104173,
    0.030906424208822388,
    0.056769230614581466,
    0.07031022111069186,
    0.015929652584636,
    0.01468519030445551
  ]
}