{
  "adv_t": [
    6, 
    1, 
    0, 
    3, 
    3, 
    2, 
    2
  ], 
  "adv_w": [
    5, 
    1, 
    0, 
    3, 
    3, 
    2, 
    2
  ], 
  "clfs": [
    "Decision Tree", 
    "Naive Bayes", 
    "Linear SVM", 
    "Neural Net", 
    "RBF SVM", 
    "Random Forest", 
    "Nearest Neighbors"
  ], 
  "mean": [
    0.988447653429603, 
    0.9086642599277978, 
    0.7880866425992779, 
    0.9747292418772562, 
    0.9768953068592058, 
    0.9638989169675091, 
    0.9541516245487364
  ], 
  "parameters": {
    "cv_method": "k2x5", 
    "db": "monkthree", 
    "repetition": 7
  }, 
  "std": [
    0.005592755734595555, 
    0.026146645363489728, 
    0.02152989011629156, 
    0.009626955475330962, 
    0.008197057215849037, 
    0.015690017822389022, 
    0.010497631040945563
  ]
}