{
  "adv_t": [
    5, 
    1, 
    0, 
    1, 
    2, 
    2, 
    2
  ], 
  "adv_w": [
    5, 
    1, 
    0, 
    1, 
    2, 
    2, 
    2
  ], 
  "clfs": [
    "Decision Tree", 
    "Naive Bayes", 
    "Linear SVM", 
    "Neural Net", 
    "RBF SVM", 
    "Random Forest", 
    "Nearest Neighbors"
  ], 
  "mean": [
    0.9891546416546415, 
    0.9188215488215489, 
    0.8018001443001443, 
    0.9455699855699855, 
    0.9765885040885042, 
    0.9603210678210676, 
    0.9692809042809042
  ], 
  "parameters": {
    "cv_method": "k10", 
    "db": "monkthree", 
    "repetition": 5
  }, 
  "std": [
    0.009336352068857768, 
    0.043029654937702576, 
    0.048161439381130246, 
    0.09635314875077522, 
    0.012179586721881382, 
    0.02200287548111483, 
    0.01900457458230677
  ]
}