{
  "adv_t": [
    3, 
    0, 
    0, 
    0, 
    6, 
    4, 
    4
  ], 
  "adv_w": [
    3, 
    0, 
    0, 
    0, 
    6, 
    4, 
    3
  ], 
  "clfs": [
    "Decision Tree", 
    "Naive Bayes", 
    "Linear SVM", 
    "Neural Net", 
    "RBF SVM", 
    "Random Forest", 
    "Nearest Neighbors"
  ], 
  "mean": [
    0.801923076923077, 
    0.6656593406593405, 
    0.6656593406593405, 
    0.6892857142857142, 
    1.0, 
    0.8936813186813186, 
    0.8799450549450549
  ], 
  "parameters": {
    "cv_method": "k20", 
    "db": "monkone", 
    "repetition": 0
  }, 
  "std": [
    0.09219909817643976, 
    0.09613979902350075, 
    0.09613979902350075, 
    0.11453770823574914, 
    0.0, 
    0.0566192307733, 
    0.06474307504494493
  ]
}