{
  "adv_t": [
    2,
    2,
    2,
    1,
    2,
    1,
    0
  ],
  "adv_w": [
    1,
    2,
    2,
    1,
    2,
    1,
    0
  ],
  "clfs": [
    "Nearest Neighbors",
    "RBF SVM",
    "Decision Tree",
    "Random Forest",
    "Neural Net",
    "Naive Bayes",
    "Linear SVM"
  ],
  "mean": [
    0.9604208754208754,
    0.9784728234728235,
    0.9892195767195767,
    0.962008177008177,
    0.9820767195767196,
    0.913464405964406,
    0.8015656565656565
  ],
  "parameters": {
    "cv_method": "k10",
    "db": "monkthree",
    "repetition": 7
  },
  "std": [
    0.034715148816534855,
    0.02495695689873411,
    0.019224314553118207,
    0.04104736918265202,
    0.022272752138168556,
    0.03431438596321843,
    0.036993307243189257
  ]
}