{
  "adv_t": [
    4, 
    0, 
    0, 
    2, 
    6, 
    3, 
    0
  ], 
  "adv_w": [
    4, 
    0, 
    0, 
    2, 
    6, 
    3, 
    0
  ], 
  "clfs": [
    "Decision Tree", 
    "Naive Bayes", 
    "Linear SVM", 
    "Neural Net", 
    "RBF SVM", 
    "Random Forest", 
    "Nearest Neighbors"
  ], 
  "mean": [
    0.7803007518796993, 
    0.6507518796992484, 
    0.6555847953216377, 
    0.7121428571428571, 
    0.8739014202172096, 
    0.7540726817042606, 
    0.6649289891395154
  ], 
  "parameters": {
    "cv_method": "k30", 
    "db": "monktwo", 
    "repetition": 7
  }, 
  "std": [
    0.10317941382359082, 
    0.02215435019824003, 
    0.012181962694784847, 
    0.07766202486178884, 
    0.07521027766135233, 
    0.07260115030691491, 
    0.09051959941764894
  ]
}