{
  "adv_t": [
    2,
    2,
    3,
    2,
    2,
    1,
    0
  ],
  "adv_w": [
    2,
    2,
    6,
    2,
    2,
    1,
    0
  ],
  "clfs": [
    "Nearest Neighbors",
    "RBF SVM",
    "Decision Tree",
    "Random Forest",
    "Neural Net",
    "Naive Bayes",
    "Linear SVM"
  ],
  "mean": [
    0.9765967205595687,
    0.9800940259144593,
    0.9892787524366471,
    0.9657665405343423,
    0.9669877307648205,
    0.9163685357183808,
    0.800550395596835
  ],
  "parameters": {
    "cv_method": "k30",
    "db": "monkthree",
    "repetition": 2
  },
  "std": [
    0.03657223306237188,
    0.026649967535537823,
    0.02181807020505153,
    0.04794212328030939,
    0.07241799145576906,
    0.07749126556975497,
    0.10859459731432412
  ]
}