{
  "adv_t": [
    3, 
    0, 
    0, 
    0, 
    6, 
    4, 
    4
  ], 
  "adv_w": [
    3, 
    0, 
    0, 
    2, 
    6, 
    4, 
    4
  ], 
  "clfs": [
    "Decision Tree", 
    "Naive Bayes", 
    "Linear SVM", 
    "Neural Net", 
    "RBF SVM", 
    "Random Forest", 
    "Nearest Neighbors"
  ], 
  "mean": [
    0.8129629629629628, 
    0.6664814814814816, 
    0.6664814814814816, 
    0.6981481481481482, 
    1.0, 
    0.8975925925925926, 
    0.8937037037037037
  ], 
  "parameters": {
    "cv_method": "k30", 
    "db": "monkone", 
    "repetition": 0
  }, 
  "std": [
    0.1074624424113813, 
    0.1378503959329168, 
    0.1378503959329168, 
    0.16201906486721115, 
    0.0, 
    0.07650412183952059, 
    0.07551065452682605
  ]
}