{
  "adv_t": [
    3, 
    0, 
    0, 
    2, 
    6, 
    4, 
    4
  ], 
  "adv_w": [
    3, 
    0, 
    0, 
    2, 
    6, 
    4, 
    4
  ], 
  "clfs": [
    "Decision Tree", 
    "Naive Bayes", 
    "Linear SVM", 
    "Neural Net", 
    "RBF SVM", 
    "Random Forest", 
    "Nearest Neighbors"
  ], 
  "mean": [
    0.795467032967033, 
    0.6657967032967032, 
    0.6657967032967032, 
    0.7094780219780218, 
    0.9982142857142857, 
    0.864835164835165, 
    0.8993131868131867
  ], 
  "parameters": {
    "cv_method": "k20", 
    "db": "monkone", 
    "repetition": 1
  }, 
  "std": [
    0.10991351326843779, 
    0.053555854834648635, 
    0.053555854834648635, 
    0.08860464537222613, 
    0.007985957062499223, 
    0.07099682659804184, 
    0.08100914840056338
  ]
}