{
  "adv_t": [
    2,
    4,
    6,
    2,
    2,
    1,
    0
  ],
  "adv_w": [
    2,
    4,
    6,
    2,
    2,
    1,
    0
  ],
  "clfs": [
    "Nearest Neighbors",
    "RBF SVM",
    "Decision Tree",
    "Random Forest",
    "Neural Net",
    "Naive Bayes",
    "Linear SVM"
  ],
  "mean": [
    0.9595667870036101,
    0.9740072202166065,
    0.9862815884476535,
    0.9588447653429603,
    0.9570397111913358,
    0.9021660649819495,
    0.7841155234657038
  ],
  "parameters": {
    "cv_method": "k2x5",
    "db": "monkthree",
    "repetition": 4
  },
  "std": [
    0.016036901322702968,
    0.010463087903385866,
    0.007179992245572216,
    0.020856860691497753,
    0.04865691536821462,
    0.03833633597285101,
    0.019904763540924506
  ]
}