{
  "adv_t": [
    5, 
    1, 
    0, 
    2, 
    2, 
    2, 
    2
  ], 
  "adv_w": [
    5, 
    1, 
    0, 
    1, 
    2, 
    2, 
    2
  ], 
  "clfs": [
    "Decision Tree", 
    "Naive Bayes", 
    "Linear SVM", 
    "Neural Net", 
    "RBF SVM", 
    "Random Forest", 
    "Nearest Neighbors"
  ], 
  "mean": [
    0.9884476534296027, 
    0.9, 
    0.7779783393501806, 
    0.9606498194945849, 
    0.9689530685920579, 
    0.9595667870036101, 
    0.9570397111913358
  ], 
  "parameters": {
    "cv_method": "k2x5", 
    "db": "monkthree", 
    "repetition": 8
  }, 
  "std": [
    0.004437807199659645, 
    0.032515478570236234, 
    0.024617656492754245, 
    0.033150589269684054, 
    0.012528919455904085, 
    0.01878181758375612, 
    0.010274548354337689
  ]
}