{
  "adv_t": [
    4, 
    1, 
    0, 
    2, 
    2, 
    2, 
    2
  ], 
  "adv_w": [
    4, 
    1, 
    0, 
    2, 
    2, 
    2, 
    2
  ], 
  "clfs": [
    "Decision Tree", 
    "Naive Bayes", 
    "Linear SVM", 
    "Neural Net", 
    "RBF SVM", 
    "Random Forest", 
    "Nearest Neighbors"
  ], 
  "mean": [
    0.9893381682174786, 
    0.9155309250136836, 
    0.802004652435687, 
    0.9766967706622879, 
    0.9802066228790366, 
    0.9660349388797661, 
    0.967565225323846
  ], 
  "parameters": {
    "cv_method": "k20", 
    "db": "monkthree", 
    "repetition": 5
  }, 
  "std": [
    0.01672168969073259, 
    0.04882837755686128, 
    0.08061957943990014, 
    0.03618511768826742, 
    0.02196903815931335, 
    0.026461442312334355, 
    0.030693929513935188
  ]
}