{
  "adv_t": [
    2,
    2,
    2,
    2,
    2,
    1,
    0
  ],
  "adv_w": [
    2,
    2,
    4,
    2,
    2,
    1,
    0
  ],
  "clfs": [
    "Nearest Neighbors",
    "RBF SVM",
    "Decision Tree",
    "Random Forest",
    "Neural Net",
    "Naive Bayes",
    "Linear SVM"
  ],
  "mean": [
    0.9728586171310629,
    0.9781332416007339,
    0.9888544891640868,
    0.9618335053319573,
    0.9835913312693499,
    0.9154512097236556,
    0.8019321178763904
  ],
  "parameters": {
    "cv_method": "k30",
    "db": "monkthree",
    "repetition": 6
  },
  "std": [
    0.04317314089235251,
    0.04064174949311188,
    0.0350986027159674,
    0.046673147308664856,
    0.04406325134616387,
    0.05367380985519934,
    0.09223260062810142
  ]
}