{
  "adv_t": [
    4, 
    0, 
    0, 
    2, 
    6, 
    3, 
    0
  ], 
  "adv_w": [
    4, 
    0, 
    1, 
    1, 
    6, 
    3, 
    0
  ], 
  "clfs": [
    "Decision Tree", 
    "Naive Bayes", 
    "Linear SVM", 
    "Neural Net", 
    "RBF SVM", 
    "Random Forest", 
    "Nearest Neighbors"
  ], 
  "mean": [
    0.7492714126807564, 
    0.6506711160548757, 
    0.65734149054505, 
    0.6901909529106411, 
    0.8740304041527625, 
    0.7171598071931775, 
    0.6738542825361514
  ], 
  "parameters": {
    "cv_method": "k20", 
    "db": "monktwo", 
    "repetition": 5
  }, 
  "std": [
    0.07178240699363879, 
    0.01614138200695895, 
    0.009448749072951275, 
    0.07440988691800919, 
    0.07388972417839602, 
    0.06313368775137304, 
    0.0815915847097229
  ]
}