{
  "adv_t": [
    2,
    2,
    4,
    2,
    2,
    1,
    0
  ],
  "adv_w": [
    2,
    2,
    5,
    2,
    2,
    1,
    0
  ],
  "clfs": [
    "Nearest Neighbors",
    "RBF SVM",
    "Decision Tree",
    "Random Forest",
    "Neural Net",
    "Naive Bayes",
    "Linear SVM"
  ],
  "mean": [
    0.9697741084737987,
    0.9787524366471734,
    0.9894736842105264,
    0.9674979933493866,
    0.9691033138401558,
    0.9151358789129687,
    0.8015078546038298
  ],
  "parameters": {
    "cv_method": "k30",
    "db": "monkthree",
    "repetition": 4
  },
  "std": [
    0.04540516392925209,
    0.02986756300918324,
    0.021412531693288717,
    0.03678814702324534,
    0.06451366910168178,
    0.049535657258774304,
    0.07179490355567847
  ]
}