{
  "adv_t": [
    2,
    2,
    5,
    2,
    2,
    1,
    0
  ],
  "adv_w": [
    2,
    2,
    5,
    2,
    2,
    1,
    0
  ],
  "clfs": [
    "Nearest Neighbors",
    "RBF SVM",
    "Decision Tree",
    "Random Forest",
    "Neural Net",
    "Naive Bayes",
    "Linear SVM"
  ],
  "mean": [
    0.9729184704184706,
    0.9783417508417507,
    0.9891883116883117,
    0.9692159692159692,
    0.9677597402597403,
    0.9096645021645022,
    0.8014069264069263
  ],
  "parameters": {
    "cv_method": "k10",
    "db": "monkthree",
    "repetition": 3
  },
  "std": [
    0.0177204785415199,
    0.014304195847849874,
    0.012651741968571044,
    0.022557938970694417,
    0.06563476736441692,
    0.03814995454844506,
    0.057934868416259666
  ]
}