{
  "adv_t": [
    3, 
    0, 
    0, 
    0, 
    6, 
    3, 
    4
  ], 
  "adv_w": [
    3, 
    0, 
    0, 
    0, 
    6, 
    3, 
    3
  ], 
  "clfs": [
    "Decision Tree", 
    "Naive Bayes", 
    "Linear SVM", 
    "Neural Net", 
    "RBF SVM", 
    "Random Forest", 
    "Nearest Neighbors"
  ], 
  "mean": [
    0.8061507936507937, 
    0.6654761904761903, 
    0.6654761904761903, 
    0.6654761904761903, 
    0.9982142857142857, 
    0.86494708994709, 
    0.8919312169312171
  ], 
  "parameters": {
    "cv_method": "k10", 
    "db": "monkone", 
    "repetition": 4
  }, 
  "std": [
    0.07953602621366256, 
    0.05054783410972868, 
    0.05054783410972868, 
    0.05054783410972868, 
    0.0056469243931578, 
    0.07598870889201358, 
    0.039708496311890176
  ]
}