{
  "adv_t": [
    5, 
    1, 
    0, 
    2, 
    4, 
    2, 
    2
  ], 
  "adv_w": [
    6, 
    1, 
    0, 
    1, 
    4, 
    2, 
    2
  ], 
  "clfs": [
    "Decision Tree", 
    "Naive Bayes", 
    "Linear SVM", 
    "Neural Net", 
    "RBF SVM", 
    "Random Forest", 
    "Nearest Neighbors"
  ], 
  "mean": [
    0.9862815884476535, 
    0.9021660649819495, 
    0.7880866425992779, 
    0.9534296028880866, 
    0.9732851985559566, 
    0.9570397111913357, 
    0.9595667870036101
  ], 
  "parameters": {
    "cv_method": "k2x5", 
    "db": "monkthree", 
    "repetition": 4
  }, 
  "std": [
    0.007179992245572216, 
    0.03833633597285101, 
    0.012740949152891874, 
    0.051519111175327335, 
    0.009656992850897175, 
    0.018985035979071415, 
    0.016036901322702968
  ]
}