{
  "adv_t": [
    3,
    6,
    3,
    3,
    0,
    0,
    0
  ],
  "adv_w": [
    4,
    5,
    3,
    3,
    0,
    0,
    0
  ],
  "clfs": [
    "Nearest Neighbors",
    "RBF SVM",
    "Decision Tree",
    "Random Forest",
    "Neural Net",
    "Naive Bayes",
    "Linear SVM"
  ],
  "mean": [
    0.9013227513227513,
    0.9982142857142857,
    0.8727513227513228,
    0.8492724867724869,
    0.6964285714285714,
    0.6660714285714284,
    0.6660714285714284
  ],
  "parameters": {
    "cv_method": "k10",
    "db": "monkone",
    "repetition": 5
  },
  "std": [
    0.040163168130506945,
    0.005646924393157801,
    0.10082367728954537,
    0.05775378783535827,
    0.09172135673396921,
    0.07031449454271888,
    0.07031449454271888
  ]
}