{
  "adv_t": [
    4,
    6,
    2,
    2,
    2,
    0,
    0
  ],
  "adv_w": [
    2,
    6,
    2,
    2,
    0,
    0,
    0
  ],
  "clfs": [
    "Nearest Neighbors",
    "RBF SVM",
    "Decision Tree",
    "Random Forest",
    "Neural Net",
    "Naive Bayes",
    "Linear SVM"
  ],
  "mean": [
    0.8910071942446043,
    0.9467625899280575,
    0.810431654676259,
    0.8679856115107913,
    0.7827338129496402,
    0.6679856115107913,
    0.6654676258992804
  ],
  "parameters": {
    "cv_method": "k2x5",
    "db": "monkone",
    "repetition": 0
  },
  "std": [
    0.02138532151139425,
    0.014268081324358296,
    0.07575907356347925,
    0.03500090163089583,
    0.11126167992200275,
    0.020422448697788316,
    0.018184353582857426
  ]
}