{
  "adv_t": [
    2,
    2,
    4,
    2,
    2,
    1,
    0
  ],
  "adv_w": [
    2,
    2,
    5,
    2,
    4,
    1,
    0
  ],
  "clfs": [
    "Nearest Neighbors",
    "RBF SVM",
    "Decision Tree",
    "Random Forest",
    "Neural Net",
    "Naive Bayes",
    "Linear SVM"
  ],
  "mean": [
    0.9727200577200577,
    0.9801599326599326,
    0.9891209716209716,
    0.9692147667147667,
    0.9873352573352573,
    0.9133994708994709,
    0.8016005291005293
  ],
  "parameters": {
    "cv_method": "k10",
    "db": "monkthree",
    "repetition": 1
  },
  "std": [
    0.021628967644833765,
    0.01344813659404669,
    0.01532309729085308,
    0.030783202200490807,
    0.01911119237934238,
    0.0341774183195489,
    0.04418861494411003
  ]
}