{
  "adv_t": [
    4,
    6,
    3,
    4,
    0,
    0,
    0
  ],
  "adv_w": [
    4,
    6,
    3,
    4,
    2,
    0,
    0
  ],
  "clfs": [
    "Nearest Neighbors",
    "RBF SVM",
    "Decision Tree",
    "Random Forest",
    "Neural Net",
    "Naive Bayes",
    "Linear SVM"
  ],
  "mean": [
    0.8835185185185183,
    1.0,
    0.8314814814814814,
    0.8946296296296293,
    0.7009259259259258,
    0.6662962962962963,
    0.6662962962962963
  ],
  "parameters": {
    "cv_method": "k30",
    "db": "monkone",
    "repetition": 3
  },
  "std": [
    0.055794187366017364,
    0.0,
    0.10579558646785679,
    0.0743709726840818,
    0.1467258917149938,
    0.11033187805383249,
    0.11033187805383249
  ]
}