{
  "adv_t": [
    4,
    6,
    3,
    3,
    0,
    0,
    0
  ],
  "adv_w": [
    3,
    6,
    3,
    3,
    0,
    0,
    0
  ],
  "clfs": [
    "Nearest Neighbors",
    "RBF SVM",
    "Decision Tree",
    "Random Forest",
    "Neural Net",
    "Naive Bayes",
    "Linear SVM"
  ],
  "mean": [
    0.8859712230215827,
    0.9381294964028777,
    0.8233812949640289,
    0.873021582733813,
    0.7190647482014387,
    0.662589928057554,
    0.6654676258992804
  ],
  "parameters": {
    "cv_method": "k2x5",
    "db": "monkone",
    "repetition": 4
  },
  "std": [
    0.02750224206517164,
    0.017276176167220998,
    0.06865908876647366,
    0.03520568281675817,
    0.12241319546897811,
    0.031119670402893672,
    0.029468119250466433
  ]
}