{
  "adv_t": [
    4,
    6,
    3,
    4,
    0,
    0,
    0
  ],
  "adv_w": [
    4,
    6,
    3,
    4,
    2,
    0,
    0
  ],
  "clfs": [
    "Nearest Neighbors",
    "RBF SVM",
    "Decision Tree",
    "Random Forest",
    "Neural Net",
    "Naive Bayes",
    "Linear SVM"
  ],
  "mean": [
    0.8997252747252749,
    0.9982142857142857,
    0.8151098901098901,
    0.9085164835164836,
    0.6962912087912088,
    0.6641483516483515,
    0.6659340659340659
  ],
  "parameters": {
    "cv_method": "k20",
    "db": "monkone",
    "repetition": 7
  },
  "std": [
    0.05371305299796471,
    0.007985957062499223,
    0.09681504466626685,
    0.06087896950076502,
    0.10531796653207234,
    0.08858222658627117,
    0.08849036240672063
  ]
}