{
  "adv_t": [
    2, 
    1, 
    0, 
    2, 
    2, 
    1, 
    2
  ], 
  "adv_w": [
    2, 
    1, 
    0, 
    2, 
    2, 
    2, 
    2
  ], 
  "clfs": [
    "Decision Tree", 
    "Naive Bayes", 
    "Linear SVM", 
    "Neural Net", 
    "RBF SVM", 
    "Random Forest", 
    "Nearest Neighbors"
  ], 
  "mean": [
    0.9891534391534392, 
    0.919083694083694, 
    0.8023232323232323, 
    0.9766534391534393, 
    0.9783730158730158, 
    0.9657082732082731, 
    0.9694781144781144
  ], 
  "parameters": {
    "cv_method": "k10", 
    "db": "monkthree", 
    "repetition": 4
  }, 
  "std": [
    0.01530623909327259, 
    0.04543246383726474, 
    0.08428424627246707, 
    0.03271570769988481, 
    0.02203935089229848, 
    0.026246114240693032, 
    0.018797713948663412
  ]
}