{
  "adv_t": [
    2,
    2,
    4,
    2,
    1,
    1,
    0
  ],
  "adv_w": [
    2,
    2,
    4,
    2,
    1,
    1,
    0
  ],
  "clfs": [
    "Nearest Neighbors",
    "RBF SVM",
    "Decision Tree",
    "Random Forest",
    "Neural Net",
    "Naive Bayes",
    "Linear SVM"
  ],
  "mean": [
    0.9674963924963924,
    0.9801286676286678,
    0.9892207792207792,
    0.969479316979317,
    0.9633285233285234,
    0.9136303511303512,
    0.8016979316979317
  ],
  "parameters": {
    "cv_method": "k10",
    "db": "monkthree",
    "repetition": 5
  },
  "std": [
    0.02537380688127539,
    0.021720994948277204,
    0.01263112666566454,
    0.02395304551481957,
    0.07360468663776018,
    0.0401395939102224,
    0.045326687998757796
  ]
}