{
  "adv_t": [
    4,
    6,
    3,
    4,
    0,
    0,
    0
  ],
  "adv_w": [
    4,
    6,
    3,
    4,
    0,
    0,
    0
  ],
  "clfs": [
    "Nearest Neighbors",
    "RBF SVM",
    "Decision Tree",
    "Random Forest",
    "Neural Net",
    "Naive Bayes",
    "Linear SVM"
  ],
  "mean": [
    0.8846296296296294,
    1.0,
    0.8187037037037036,
    0.8790740740740739,
    0.6716666666666665,
    0.666111111111111,
    0.666111111111111
  ],
  "parameters": {
    "cv_method": "k30",
    "db": "monkone",
    "repetition": 9
  },
  "std": [
    0.07152899445951541,
    0.0,
    0.10250671860497694,
    0.07028318521945362,
    0.11520568534644043,
    0.10518031710354629,
    0.10518031710354629
  ]
}