{
  "adv_t": [
    0,
    6,
    2,
    3,
    0,
    0,
    2
  ],
  "adv_w": [
    0,
    5,
    1,
    2,
    0,
    0,
    1
  ],
  "clfs": [
    "Nearest Neighbors",
    "RBF SVM",
    "Decision Tree",
    "Random Forest",
    "Neural Net",
    "Naive Bayes",
    "Linear SVM"
  ],
  "mean": [
    0.626296788482835,
    0.7440852713178294,
    0.6898449612403101,
    0.6848781838316722,
    0.6485858250276856,
    0.6256456256921373,
    0.6565703211517164
  ],
  "parameters": {
    "cv_method": "k2x5",
    "db": "monktwo",
    "repetition": 4
  },
  "std": [
    0.024229709612903282,
    0.021977548562735975,
    0.04758274389403781,
    0.024969195175679644,
    0.04966275197969557,
    0.028479323643260383,
    0.002377135161487888
  ]
}