{
  "adv_t": [
    4,
    6,
    3,
    4,
    0,
    0,
    0
  ],
  "adv_w": [
    4,
    6,
    3,
    4,
    1,
    0,
    0
  ],
  "clfs": [
    "Nearest Neighbors",
    "RBF SVM",
    "Decision Tree",
    "Random Forest",
    "Neural Net",
    "Naive Bayes",
    "Linear SVM"
  ],
  "mean": [
    0.8993386243386243,
    1.0,
    0.7945767195767196,
    0.8833333333333332,
    0.7181216931216932,
    0.663888888888889,
    0.6656746031746031
  ],
  "parameters": {
    "cv_method": "k10",
    "db": "monkone",
    "repetition": 9
  },
  "std": [
    0.045497646458507596,
    0.0,
    0.05133343222373759,
    0.0633443068107068,
    0.09058770472386161,
    0.04022121161498755,
    0.04217534046387142
  ]
}