{
  "adv_t": [
    4, 
    1, 
    0, 
    2, 
    2, 
    2, 
    2
  ], 
  "adv_w": [
    5, 
    1, 
    0, 
    2, 
    2, 
    2, 
    2
  ], 
  "clfs": [
    "Decision Tree", 
    "Naive Bayes", 
    "Linear SVM", 
    "Neural Net", 
    "RBF SVM", 
    "Random Forest", 
    "Nearest Neighbors"
  ], 
  "mean": [
    0.9894736842105263, 
    0.9166953331040019, 
    0.801203990368077, 
    0.9823586744639375, 
    0.9804093567251461, 
    0.9693498452012385, 
    0.9679222566219469
  ], 
  "parameters": {
    "cv_method": "k30", 
    "db": "monkthree", 
    "repetition": 1
  }, 
  "std": [
    0.025486010426921148, 
    0.0581875627724927, 
    0.0918385838013567, 
    0.03488956730264237, 
    0.03548998089625755, 
    0.03887629182975683, 
    0.03841329085711091
  ]
}