{
  "adv_t": [
    3,
    6,
    3,
    4,
    0,
    0,
    0
  ],
  "adv_w": [
    3,
    6,
    3,
    4,
    0,
    0,
    0
  ],
  "clfs": [
    "Nearest Neighbors",
    "RBF SVM",
    "Decision Tree",
    "Random Forest",
    "Neural Net",
    "Naive Bayes",
    "Linear SVM"
  ],
  "mean": [
    0.8737637362637363,
    0.9982142857142857,
    0.8429945054945055,
    0.8938186813186813,
    0.6784340659340659,
    0.6653846153846152,
    0.6653846153846152
  ],
  "parameters": {
    "cv_method": "k20",
    "db": "monkone",
    "repetition": 9
  },
  "std": [
    0.057540458125067716,
    0.007985957062499223,
    0.06553689781911404,
    0.06404089338381683,
    0.08377745954759667,
    0.07339033147087612,
    0.07339033147087612
  ]
}