{
  "adv_t": [
    2,
    2,
    4,
    2,
    4,
    1,
    0
  ],
  "adv_w": [
    2,
    2,
    5,
    2,
    5,
    1,
    0
  ],
  "clfs": [
    "Nearest Neighbors",
    "RBF SVM",
    "Decision Tree",
    "Random Forest",
    "Neural Net",
    "Naive Bayes",
    "Linear SVM"
  ],
  "mean": [
    0.9641221741221742,
    0.9765548340548342,
    0.9891871091871092,
    0.9673953823953824,
    0.9873352573352573,
    0.9111507936507935,
    0.8012373737373737
  ],
  "parameters": {
    "cv_method": "k10",
    "db": "monkthree",
    "repetition": 2
  },
  "std": [
    0.02794357587782185,
    0.017020156548517303,
    0.009308527555622491,
    0.026830714466693384,
    0.008743268554075798,
    0.049857957934501186,
    0.052827053625201945
  ]
}