{
  "adv_t": [
    4,
    6,
    3,
    4,
    0,
    0,
    0
  ],
  "adv_w": [
    4,
    6,
    3,
    4,
    0,
    0,
    0
  ],
  "clfs": [
    "Nearest Neighbors",
    "RBF SVM",
    "Decision Tree",
    "Random Forest",
    "Neural Net",
    "Naive Bayes",
    "Linear SVM"
  ],
  "mean": [
    0.908148148148148,
    1.0,
    0.8018518518518518,
    0.887037037037037,
    0.6718518518518519,
    0.6651851851851853,
    0.6651851851851853
  ],
  "parameters": {
    "cv_method": "k30",
    "db": "monkone",
    "repetition": 2
  },
  "std": [
    0.05059739612828306,
    0.0,
    0.10195339185612809,
    0.0857110759127897,
    0.14550841075970963,
    0.13913719821172815,
    0.13913719821172815
  ]
}