{
  "adv_t": [
    2, 
    0, 
    0, 
    0, 
    6, 
    3, 
    3
  ], 
  "adv_w": [
    2, 
    0, 
    0, 
    0, 
    5, 
    2, 
    3
  ], 
  "clfs": [
    "Decision Tree", 
    "Naive Bayes", 
    "Linear SVM", 
    "Neural Net", 
    "RBF SVM", 
    "Random Forest", 
    "Nearest Neighbors"
  ], 
  "mean": [
    0.8410071942446044, 
    0.6679856115107914, 
    0.6654676258992805, 
    0.7392086330935251, 
    0.9399280575539569, 
    0.8589928057553957, 
    0.8902877697841726
  ], 
  "parameters": {
    "cv_method": "k2x5", 
    "db": "monkone", 
    "repetition": 6
  }, 
  "std": [
    0.0901563847989525, 
    0.017707684771316644, 
    0.015997199117657485, 
    0.08631844434017245, 
    0.019559438655782087, 
    0.05377801436781717, 
    0.013378845086583572
  ]
}