{
  "adv_t": [
    3, 
    1, 
    0, 
    3, 
    2, 
    2, 
    2
  ], 
  "adv_w": [
    5, 
    1, 
    0, 
    3, 
    3, 
    2, 
    2
  ], 
  "clfs": [
    "Decision Tree", 
    "Naive Bayes", 
    "Linear SVM", 
    "Neural Net", 
    "RBF SVM", 
    "Random Forest", 
    "Nearest Neighbors"
  ], 
  "mean": [
    0.989272030651341, 
    0.9131020799124245, 
    0.8004105090311988, 
    0.9819307608100711, 
    0.9785440613026818, 
    0.9746510673234811, 
    0.9604132457580734
  ], 
  "parameters": {
    "cv_method": "k20", 
    "db": "monkthree", 
    "repetition": 2
  }, 
  "std": [
    0.016828268411423673, 
    0.04617382661225546, 
    0.07675610795304309, 
    0.027884771718530797, 
    0.02436485381699094, 
    0.02946898541632809, 
    0.033358357912394186
  ]
}