{
  "adv_t": [
    2, 
    1, 
    0, 
    2, 
    2, 
    2, 
    2
  ], 
  "adv_w": [
    3, 
    1, 
    0, 
    2, 
    2, 
    2, 
    2
  ], 
  "clfs": [
    "Decision Tree", 
    "Naive Bayes", 
    "Linear SVM", 
    "Neural Net", 
    "RBF SVM", 
    "Random Forest", 
    "Nearest Neighbors"
  ], 
  "mean": [
    0.9889550264550264, 
    0.9170566502463056, 
    0.8012999452654623, 
    0.9698617952928299, 
    0.9782270571063675, 
    0.9689677978471082, 
    0.9763752052545154
  ], 
  "parameters": {
    "cv_method": "k20", 
    "db": "monkthree", 
    "repetition": 1
  }, 
  "std": [
    0.02107365052091842, 
    0.041176989624588586, 
    0.07072072236734378, 
    0.0544250985900137, 
    0.02986282863212144, 
    0.02751968203165155, 
    0.027038804806092165
  ]
}