{
  "adv_t": [
    4,
    6,
    2,
    4,
    0,
    0,
    0
  ],
  "adv_w": [
    4,
    6,
    2,
    4,
    0,
    0,
    0
  ],
  "clfs": [
    "Nearest Neighbors",
    "RBF SVM",
    "Decision Tree",
    "Random Forest",
    "Neural Net",
    "Naive Bayes",
    "Linear SVM"
  ],
  "mean": [
    0.8957010582010583,
    0.9964285714285716,
    0.7736772486772486,
    0.8941137566137565,
    0.7047619047619047,
    0.6654761904761906,
    0.6654761904761906
  ],
  "parameters": {
    "cv_method": "k10",
    "db": "monkone",
    "repetition": 8
  },
  "std": [
    0.05133044974898661,
    0.011293848786315598,
    0.06599322874376488,
    0.04452766181471162,
    0.11103725044300913,
    0.08032730434562138,
    0.08032730434562138
  ]
}