{
  "adv_t": [
    0,
    6,
    3,
    4,
    0,
    0,
    2
  ],
  "adv_w": [
    0,
    6,
    2,
    4,
    0,
    0,
    2
  ],
  "clfs": [
    "Nearest Neighbors",
    "RBF SVM",
    "Decision Tree",
    "Random Forest",
    "Neural Net",
    "Naive Bayes",
    "Linear SVM"
  ],
  "mean": [
    0.6209656699889259,
    0.754750830564784,
    0.6852458471760797,
    0.6905348837209303,
    0.6426013289036544,
    0.6232990033222592,
    0.6562403100775193
  ],
  "parameters": {
    "cv_method": "k2x5",
    "db": "monktwo",
    "repetition": 6
  },
  "std": [
    0.04369283796355853,
    0.017908026452643114,
    0.05455854415165876,
    0.024302303671851412,
    0.05278594620076706,
    0.042707461985943176,
    0.0030053123509649012
  ]
}