{
  "adv_t": [
    2,
    2,
    4,
    2,
    1,
    1,
    0
  ],
  "adv_w": [
    2,
    2,
    4,
    2,
    1,
    1,
    0
  ],
  "clfs": [
    "Nearest Neighbors",
    "RBF SVM",
    "Decision Tree",
    "Random Forest",
    "Neural Net",
    "Naive Bayes",
    "Linear SVM"
  ],
  "mean": [
    0.9712689290275497,
    0.9804620507206714,
    0.9893997445721583,
    0.9623266739646048,
    0.9460431490603906,
    0.9222290640394087,
    0.8011676701331876
  ],
  "parameters": {
    "cv_method": "k20",
    "db": "monkthree",
    "repetition": 3
  },
  "std": [
    0.022521102181631742,
    0.02447750715602127,
    0.016626577472650575,
    0.03176148889974936,
    0.10281806392343086,
    0.03246951140654775,
    0.06345454347813237
  ]
}