{
  "adv_t": [
    4, 
    1, 
    0, 
    4, 
    2, 
    2, 
    2
  ], 
  "adv_w": [
    5, 
    1, 
    0, 
    5, 
    3, 
    2, 
    2
  ], 
  "clfs": [
    "Decision Tree", 
    "Naive Bayes", 
    "Linear SVM", 
    "Neural Net", 
    "RBF SVM", 
    "Random Forest", 
    "Nearest Neighbors"
  ], 
  "mean": [
    0.9891871091871092, 
    0.9148881673881674, 
    0.8009391534391535, 
    0.9891871091871092, 
    0.980127465127465, 
    0.9656770081770081, 
    0.9710004810004811
  ], 
  "parameters": {
    "cv_method": "k10", 
    "db": "monkthree", 
    "repetition": 8
  }, 
  "std": [
    0.012550313273313855, 
    0.041487046073138516, 
    0.0519931371428144, 
    0.012550313273313855, 
    0.015861321796080127, 
    0.024508284393202295, 
    0.01764896667370091
  ]
}