{
  "adv_t": [
    0,
    6,
    3,
    3,
    1,
    0,
    2
  ],
  "adv_w": [
    0,
    5,
    2,
    3,
    0,
    0,
    2
  ],
  "clfs": [
    "Nearest Neighbors",
    "RBF SVM",
    "Decision Tree",
    "Random Forest",
    "Neural Net",
    "Naive Bayes",
    "Linear SVM"
  ],
  "mean": [
    0.6233001107419712,
    0.7593875968992247,
    0.704797342192691,
    0.6895193798449613,
    0.6725548172757474,
    0.6379424141749723,
    0.657236987818383
  ],
  "parameters": {
    "cv_method": "k2x5",
    "db": "monktwo",
    "repetition": 3
  },
  "std": [
    0.020873361785803738,
    0.019547906036111944,
    0.03918858409895597,
    0.01889457532679387,
    0.03925779573252297,
    0.013001659545698272,
    0.0006011712790648766
  ]
}