{
  "adv_t": [
    2, 
    0, 
    0, 
    2, 
    6, 
    4, 
    4
  ], 
  "adv_w": [
    2, 
    0, 
    0, 
    2, 
    6, 
    4, 
    4
  ], 
  "clfs": [
    "Decision Tree", 
    "Naive Bayes", 
    "Linear SVM", 
    "Neural Net", 
    "RBF SVM", 
    "Random Forest", 
    "Nearest Neighbors"
  ], 
  "mean": [
    0.796043165467626, 
    0.6647482014388488, 
    0.6654676258992807, 
    0.7579136690647482, 
    0.9471223021582735, 
    0.8762589928057553, 
    0.8838129496402877
  ], 
  "parameters": {
    "cv_method": "k2x5", 
    "db": "monkone", 
    "repetition": 8
  }, 
  "std": [
    0.035692364349797216, 
    0.0317598717144236, 
    0.03296817046730818, 
    0.0884701974079883, 
    0.01618038765090572, 
    0.050079154547354475, 
    0.02398381276231358
  ]
}