{
  "adv_t": [
    2,
    2,
    2,
    2,
    1,
    1,
    0
  ],
  "adv_w": [
    2,
    2,
    3,
    2,
    2,
    1,
    0
  ],
  "clfs": [
    "Nearest Neighbors",
    "RBF SVM",
    "Decision Tree",
    "Random Forest",
    "Neural Net",
    "Naive Bayes",
    "Linear SVM"
  ],
  "mean": [
    0.9730994152046782,
    0.9802144249512671,
    0.9892787524366471,
    0.9661793372319687,
    0.9673489278752435,
    0.9169131980277492,
    0.8020639834881321
  ],
  "parameters": {
    "cv_method": "k30",
    "db": "monkthree",
    "repetition": 1
  },
  "std": [
    0.03396399121697022,
    0.033556029825818255,
    0.02181807020505153,
    0.047289332557887656,
    0.09472303446904663,
    0.058880607990726135,
    0.09761677261222902
  ]
}