{
  "adv_t": [
    4, 
    0, 
    1, 
    3, 
    6, 
    3, 
    0
  ], 
  "adv_w": [
    4, 
    0, 
    0, 
    2, 
    6, 
    3, 
    0
  ], 
  "clfs": [
    "Decision Tree", 
    "Naive Bayes", 
    "Linear SVM", 
    "Neural Net", 
    "RBF SVM", 
    "Random Forest", 
    "Nearest Neighbors"
  ], 
  "mean": [
    0.7622469204408632, 
    0.6505242196906548, 
    0.6572756321200333, 
    0.7092905436695378, 
    0.8585486709271095, 
    0.6937302028341206, 
    0.6537209410021302
  ], 
  "parameters": {
    "cv_method": "k10", 
    "db": "monktwo", 
    "repetition": 4
  }, 
  "std": [
    0.048927422387252104, 
    0.0117432241795621, 
    0.003662887987644855, 
    0.08413177721168566, 
    0.02533489875683803, 
    0.03811869186150397, 
    0.05187443203440798
  ]
}