{
  "adv_t": [
    3, 
    1, 
    0, 
    1, 
    2, 
    2, 
    2
  ], 
  "adv_w": [
    4, 
    1, 
    0, 
    2, 
    2, 
    2, 
    2
  ], 
  "clfs": [
    "Decision Tree", 
    "Naive Bayes", 
    "Linear SVM", 
    "Neural Net", 
    "RBF SVM", 
    "Random Forest", 
    "Nearest Neighbors"
  ], 
  "mean": [
    0.9889634216259604, 
    0.9156346749226005, 
    0.8016569200779726, 
    0.9626476321522761, 
    0.9781447081756678, 
    0.9625501662653365, 
    0.9726751519321176
  ], 
  "parameters": {
    "cv_method": "k30", 
    "db": "monkthree", 
    "repetition": 3
  }, 
  "std": [
    0.026394270945948244, 
    0.057940833060544344, 
    0.1129897850753899, 
    0.10273853522198377, 
    0.03056770080093122, 
    0.046398311395678356, 
    0.03672265373676213
  ]
}