{
  "adv_t": [
    3, 
    1, 
    0, 
    2, 
    2, 
    2, 
    2
  ], 
  "adv_w": [
    5, 
    1, 
    0, 
    2, 
    2, 
    2, 
    2
  ], 
  "clfs": [
    "Decision Tree", 
    "Naive Bayes", 
    "Linear SVM", 
    "Neural Net", 
    "RBF SVM", 
    "Random Forest", 
    "Nearest Neighbors"
  ], 
  "mean": [
    0.9893762183235867, 
    0.9164144020181172, 
    0.8004242632725606, 
    0.9803118908382066, 
    0.9802029583763329, 
    0.9693613117761724, 
    0.9750372663685355
  ], 
  "parameters": {
    "cv_method": "k30", 
    "db": "monkthree", 
    "repetition": 9
  }, 
  "std": [
    0.02914365463691719, 
    0.06346983862660123, 
    0.11472615733607176, 
    0.04364694901541521, 
    0.035706109538386245, 
    0.038860159507320476, 
    0.04115180063112041
  ]
}