{
  "adv_t": [
    0, 
    0, 
    2, 
    1, 
    6, 
    4, 
    0
  ], 
  "adv_w": [
    0, 
    0, 
    2, 
    1, 
    6, 
    4, 
    0
  ], 
  "clfs": [
    "Decision Tree", 
    "Naive Bayes", 
    "Linear SVM", 
    "Neural Net", 
    "RBF SVM", 
    "Random Forest", 
    "Nearest Neighbors"
  ], 
  "mean": [
    0.6466323366555924, 
    0.6305980066445183, 
    0.657236987818383, 
    0.6639136212624586, 
    0.7547364341085271, 
    0.6925060908084164, 
    0.619624584717608
  ], 
  "parameters": {
    "cv_method": "k2x5", 
    "db": "monktwo", 
    "repetition": 5
  }, 
  "std": [
    0.055344434990410335, 
    0.032487103893543263, 
    0.0006011712790648766, 
    0.05938118882089729, 
    0.015705394662201194, 
    0.01849066110148201, 
    0.02338598364737808
  ]
}