{
  "adv_t": [
    0,
    6,
    3,
    3,
    3,
    0,
    1
  ],
  "adv_w": [
    0,
    6,
    3,
    3,
    3,
    0,
    1
  ],
  "clfs": [
    "Nearest Neighbors",
    "RBF SVM",
    "Decision Tree",
    "Random Forest",
    "Neural Net",
    "Naive Bayes",
    "Linear SVM"
  ],
  "mean": [
    0.6551069741594888,
    0.8617727146429564,
    0.7275155135685838,
    0.7154579975919236,
    0.7117328887653978,
    0.6438830230619617,
    0.6572756321200333
  ],
  "parameters": {
    "cv_method": "k10",
    "db": "monktwo",
    "repetition": 4
  },
  "std": [
    0.0781707926207253,
    0.05357211563358914,
    0.06254500140431869,
    0.03662392737826336,
    0.05865759555955107,
    0.014183430603056844,
    0.003662887987644855
  ]
}