{
  "adv_t": [
    2, 
    1, 
    0, 
    1, 
    2, 
    2, 
    2
  ], 
  "adv_w": [
    2, 
    1, 
    0, 
    1, 
    2, 
    2, 
    2
  ], 
  "clfs": [
    "Decision Tree", 
    "Naive Bayes", 
    "Linear SVM", 
    "Neural Net", 
    "RBF SVM", 
    "Random Forest", 
    "Nearest Neighbors"
  ], 
  "mean": [
    0.9893381682174786, 
    0.9152184820288267, 
    0.8014413428206533, 
    0.9634122422915526, 
    0.9766351943076079, 
    0.9711457763181901, 
    0.9712734902390073
  ], 
  "parameters": {
    "cv_method": "k20", 
    "db": "monkthree", 
    "repetition": 7
  }, 
  "std": [
    0.01672168969073259, 
    0.05088480821763979, 
    0.07565811779806679, 
    0.06798172387772093, 
    0.02108374699896595, 
    0.03219925363434494, 
    0.03232719755106935
  ]
}