{
  "adv_t": [
    3, 
    0, 
    0, 
    0, 
    6, 
    3, 
    3
  ], 
  "adv_w": [
    3, 
    0, 
    0, 
    0, 
    6, 
    4, 
    3
  ], 
  "clfs": [
    "Decision Tree", 
    "Naive Bayes", 
    "Linear SVM", 
    "Neural Net", 
    "RBF SVM", 
    "Random Forest", 
    "Nearest Neighbors"
  ], 
  "mean": [
    0.8144841269841271, 
    0.6652116402116401, 
    0.6652116402116401, 
    0.6812830687830689, 
    0.9964285714285716, 
    0.8970899470899472, 
    0.8775793650793652
  ], 
  "parameters": {
    "cv_method": "k10", 
    "db": "monkone", 
    "repetition": 3
  }, 
  "std": [
    0.0754794520795891, 
    0.07188355322717743, 
    0.07188355322717743, 
    0.07534101325460364, 
    0.007529232524210399, 
    0.06880934920544962, 
    0.02717360722968487
  ]
}