{
  "adv_t": [
    3, 
    0, 
    0, 
    0, 
    6, 
    3, 
    4
  ], 
  "adv_w": [
    3, 
    0, 
    0, 
    0, 
    6, 
    3, 
    4
  ], 
  "clfs": [
    "Decision Tree", 
    "Naive Bayes", 
    "Linear SVM", 
    "Neural Net", 
    "RBF SVM", 
    "Random Forest", 
    "Nearest Neighbors"
  ], 
  "mean": [
    0.8256868131868134, 
    0.665934065934066, 
    0.665934065934066, 
    0.6748626373626375, 
    0.9982142857142857, 
    0.8781593406593406, 
    0.9045329670329672
  ], 
  "parameters": {
    "cv_method": "k20", 
    "db": "monkone", 
    "repetition": 6
  }, 
  "std": [
    0.10233373345892265, 
    0.10449220820267123, 
    0.10449220820267123, 
    0.11585281567874013, 
    0.007985957062499223, 
    0.07237480536387175, 
    0.05513900845731743
  ]
}