{
  "adv_t": [
    2,
    4,
    6,
    2,
    1,
    1,
    0
  ],
  "adv_w": [
    2,
    4,
    6,
    2,
    1,
    1,
    0
  ],
  "clfs": [
    "Nearest Neighbors",
    "RBF SVM",
    "Decision Tree",
    "Random Forest",
    "Neural Net",
    "Naive Bayes",
    "Linear SVM"
  ],
  "mean": [
    0.959927797833935,
    0.9743682310469313,
    0.9866425992779784,
    0.9606498194945848,
    0.9371841155234657,
    0.9129963898916967,
    0.8007220216606499
  ],
  "parameters": {
    "cv_method": "k2x5",
    "db": "monkthree",
    "repetition": 9
  },
  "std": [
    0.012899087553176078,
    0.006902349169530669,
    0.007991315386707139,
    0.015823278530518885,
    0.08592428539832889,
    0.01867744112990681,
    0.008810110814788519
  ]
}