{
  "adv_t": [
    2, 
    0, 
    0, 
    0, 
    6, 
    3, 
    3
  ], 
  "adv_w": [
    2, 
    0, 
    0, 
    0, 
    6, 
    3, 
    2
  ], 
  "clfs": [
    "Decision Tree", 
    "Naive Bayes", 
    "Linear SVM", 
    "Neural Net", 
    "RBF SVM", 
    "Random Forest", 
    "Nearest Neighbors"
  ], 
  "mean": [
    0.8233812949640289, 
    0.662589928057554, 
    0.6654676258992804, 
    0.7172661870503596, 
    0.9410071942446043, 
    0.8647482014388489, 
    0.8859712230215827
  ], 
  "parameters": {
    "cv_method": "k2x5", 
    "db": "monkone", 
    "repetition": 4
  }, 
  "std": [
    0.06865908876647366, 
    0.031119670402893672, 
    0.029468119250466433, 
    0.11957027877938224, 
    0.015559835201446846, 
    0.032802038859976415, 
    0.02750224206517164
  ]
}