{
  "adv_t": [
    2,
    3,
    5,
    2,
    1,
    1,
    0
  ],
  "adv_w": [
    2,
    4,
    6,
    3,
    2,
    1,
    0
  ],
  "clfs": [
    "Nearest Neighbors",
    "RBF SVM",
    "Decision Tree",
    "Random Forest",
    "Neural Net",
    "Naive Bayes",
    "Linear SVM"
  ],
  "mean": [
    0.9570397111913358,
    0.9750902527075812,
    0.9891696750902528,
    0.9660649819494586,
    0.9501805054151623,
    0.9133574007220219,
    0.7765342960288808
  ],
  "parameters": {
    "cv_method": "k2x5",
    "db": "monkthree",
    "repetition": 0
  },
  "std": [
    0.015914532335125547,
    0.013010866831071484,
    0.0045025961333019894,
    0.012983012235149133,
    0.07452734177641934,
    0.026746222347644844,
    0.04817837977026205
  ]
}