{
  "adv_t": [
    4, 
    1, 
    0, 
    4, 
    2, 
    2, 
    2
  ], 
  "adv_w": [
    5, 
    1, 
    0, 
    5, 
    4, 
    2, 
    2
  ], 
  "clfs": [
    "Decision Tree", 
    "Naive Bayes", 
    "Linear SVM", 
    "Neural Net", 
    "RBF SVM", 
    "Random Forest", 
    "Nearest Neighbors"
  ], 
  "mean": [
    0.9892532467532469, 
    0.9131325156325156, 
    0.8011026936026935, 
    0.9892532467532469, 
    0.9784078884078884, 
    0.9585990860990862, 
    0.960453342953343
  ], 
  "parameters": {
    "cv_method": "k10", 
    "db": "monkthree", 
    "repetition": 9
  }, 
  "std": [
    0.022599335846380814, 
    0.04022582968756588, 
    0.04837597824887584, 
    0.022599335846380814, 
    0.02637803524107307, 
    0.029251017696959945, 
    0.031364151947579993
  ]
}