{
  "adv_t": [
    4, 
    1, 
    0, 
    2, 
    2, 
    2, 
    2
  ], 
  "adv_w": [
    5, 
    1, 
    0, 
    3, 
    2, 
    2, 
    2
  ], 
  "clfs": [
    "Decision Tree", 
    "Naive Bayes", 
    "Linear SVM", 
    "Neural Net", 
    "RBF SVM", 
    "Random Forest", 
    "Nearest Neighbors"
  ], 
  "mean": [
    0.9893997445721583, 
    0.9159710819193576, 
    0.8021232439335888, 
    0.9721583652618134, 
    0.9785486225141395, 
    0.9713920817369092, 
    0.9676929392446632
  ], 
  "parameters": {
    "cv_method": "k20", 
    "db": "monkthree", 
    "repetition": 8
  }, 
  "std": [
    0.016626577472650575, 
    0.04375292671668805, 
    0.06526541035979394, 
    0.07640014415277097, 
    0.024149691021857593, 
    0.02472787589893336, 
    0.019823969982307482
  ]
}