{
  "adv_t": [
    2,
    2,
    3,
    2,
    3,
    1,
    0
  ],
  "adv_w": [
    2,
    2,
    5,
    2,
    4,
    1,
    0
  ],
  "clfs": [
    "Nearest Neighbors",
    "RBF SVM",
    "Decision Tree",
    "Random Forest",
    "Neural Net",
    "Naive Bayes",
    "Linear SVM"
  ],
  "mean": [
    0.9746031746031747,
    0.9800601250601251,
    0.9890873015873016,
    0.9694119769119769,
    0.9873015873015873,
    0.9169696969696968,
    0.801600529100529
  ],
  "parameters": {
    "cv_method": "k10",
    "db": "monkthree",
    "repetition": 6
  },
  "std": [
    0.028720935613232235,
    0.018174228327281272,
    0.015341286087043035,
    0.020681980547703354,
    0.014964573335915455,
    0.03710080528252898,
    0.05637449712298388
  ]
}