{
  "adv_t": [
    0,
    6,
    4,
    2,
    2,
    0,
    0
  ],
  "adv_w": [
    0,
    6,
    4,
    2,
    1,
    0,
    0
  ],
  "clfs": [
    "Nearest Neighbors",
    "RBF SVM",
    "Decision Tree",
    "Random Forest",
    "Neural Net",
    "Naive Bayes",
    "Linear SVM"
  ],
  "mean": [
    0.682013366750209,
    0.8652339181286549,
    0.7503341687552215,
    0.7073809523809523,
    0.6936340852130326,
    0.6489974937343362,
    0.6540058479532167
  ],
  "parameters": {
    "cv_method": "k30",
    "db": "monktwo",
    "repetition": 5
  },
  "std": [
    0.0981574800444376,
    0.08150616684369616,
    0.10722163395544008,
    0.06360713121742981,
    0.09152200096635583,
    0.025181702405966355,
    0.02318510579971364
  ]
}