{
  "adv_t": [
    4,
    6,
    3,
    4,
    0,
    0,
    0
  ],
  "adv_w": [
    4,
    6,
    3,
    4,
    0,
    0,
    0
  ],
  "clfs": [
    "Nearest Neighbors",
    "RBF SVM",
    "Decision Tree",
    "Random Forest",
    "Neural Net",
    "Naive Bayes",
    "Linear SVM"
  ],
  "mean": [
    0.887037037037037,
    1.0,
    0.8094444444444444,
    0.890185185185185,
    0.6662962962962963,
    0.6646296296296297,
    0.6646296296296297
  ],
  "parameters": {
    "cv_method": "k30",
    "db": "monkone",
    "repetition": 4
  },
  "std": [
    0.08710290706017822,
    0.0,
    0.11602312932752998,
    0.0875945433807593,
    0.10601265550665173,
    0.10421597385600083,
    0.10421597385600083
  ]
}