{
  "adv_t": [
    4, 
    0, 
    2, 
    0, 
    6, 
    4, 
    0
  ], 
  "adv_w": [
    2, 
    0, 
    1, 
    0, 
    5, 
    3, 
    0
  ], 
  "clfs": [
    "Decision Tree", 
    "Naive Bayes", 
    "Linear SVM", 
    "Neural Net", 
    "RBF SVM", 
    "Random Forest", 
    "Nearest Neighbors"
  ], 
  "mean": [
    0.7021528239202659, 
    0.6316323366555924, 
    0.6559036544850497, 
    0.6356157253599114, 
    0.758407530454042, 
    0.6921738648947953, 
    0.6269723145071981
  ], 
  "parameters": {
    "cv_method": "k2x5", 
    "db": "monktwo", 
    "repetition": 1
  }, 
  "std": [
    0.045378717541228304, 
    0.02150104999433405, 
    0.004452979354778171, 
    0.050454661213922135, 
    0.025337881756208176, 
    0.01675077657418308, 
    0.019104195281570494
  ]
}