{
  "adv_t": [
    4,
    6,
    3,
    3,
    0,
    0,
    0
  ],
  "adv_w": [
    4,
    6,
    3,
    4,
    0,
    0,
    0
  ],
  "clfs": [
    "Nearest Neighbors",
    "RBF SVM",
    "Decision Tree",
    "Random Forest",
    "Neural Net",
    "Naive Bayes",
    "Linear SVM"
  ],
  "mean": [
    0.9010989010989009,
    1.0,
    0.8346153846153846,
    0.8902472527472527,
    0.6975274725274725,
    0.6653846153846154,
    0.6653846153846154
  ],
  "parameters": {
    "cv_method": "k20",
    "db": "monkone",
    "repetition": 1
  },
  "std": [
    0.0706457076455849,
    0.0,
    0.069789213521687,
    0.06293468823058325,
    0.09601493725643971,
    0.071537488699198,
    0.071537488699198
  ]
}