{
  "adv_t": [
    3, 
    0, 
    0, 
    0, 
    6, 
    4, 
    4
  ], 
  "adv_w": [
    3, 
    0, 
    0, 
    0, 
    6, 
    4, 
    4
  ], 
  "clfs": [
    "Decision Tree", 
    "Naive Bayes", 
    "Linear SVM", 
    "Neural Net", 
    "RBF SVM", 
    "Random Forest", 
    "Nearest Neighbors"
  ], 
  "mean": [
    0.805631868131868, 
    0.6648351648351649, 
    0.6648351648351649, 
    0.6684065934065935, 
    1.0, 
    0.895467032967033, 
    0.8956043956043954
  ], 
  "parameters": {
    "cv_method": "k20", 
    "db": "monkone", 
    "repetition": 7
  }, 
  "std": [
    0.09810616118499506, 
    0.10856268829132004, 
    0.10856268829132004, 
    0.11613303504347385, 
    0.0, 
    0.058315337864226, 
    0.06655768320316051
  ]
}