{
  "adv_t": [
    5, 
    0, 
    0, 
    2, 
    6, 
    2, 
    0
  ], 
  "adv_w": [
    5, 
    0, 
    1, 
    2, 
    6, 
    2, 
    0
  ], 
  "clfs": [
    "Decision Tree", 
    "Naive Bayes", 
    "Linear SVM", 
    "Neural Net", 
    "RBF SVM", 
    "Random Forest", 
    "Nearest Neighbors"
  ], 
  "mean": [
    0.7629236188357434, 
    0.6457285873192434, 
    0.65734149054505, 
    0.6854282536151279, 
    0.8701983685576566, 
    0.6983166481275492, 
    0.658559510567297
  ], 
  "parameters": {
    "cv_method": "k20", 
    "db": "monktwo", 
    "repetition": 6
  }, 
  "std": [
    0.08180719460764846, 
    0.029995999331543406, 
    0.009448749072951275, 
    0.06797601221095942, 
    0.05882572391424309, 
    0.05501128504021721, 
    0.0946873424532348
  ]
}