{
  "adv_t": [
    3, 
    0, 
    0, 
    0, 
    6, 
    4, 
    4
  ], 
  "adv_w": [
    3, 
    0, 
    0, 
    0, 
    6, 
    4, 
    4
  ], 
  "clfs": [
    "Decision Tree", 
    "Naive Bayes", 
    "Linear SVM", 
    "Neural Net", 
    "RBF SVM", 
    "Random Forest", 
    "Nearest Neighbors"
  ], 
  "mean": [
    0.8146164021164021, 
    0.6652116402116401, 
    0.6652116402116401, 
    0.6907407407407408, 
    0.9982142857142857, 
    0.8850529100529101, 
    0.8992063492063492
  ], 
  "parameters": {
    "cv_method": "k10", 
    "db": "monkone", 
    "repetition": 2
  }, 
  "std": [
    0.051502487220981885, 
    0.058192539860832566, 
    0.058192539860832566, 
    0.07866954682952369, 
    0.005646924393157801, 
    0.05709987197010237, 
    0.033772926512426166
  ]
}