{
  "adv_t": [
    3, 
    0, 
    0, 
    0, 
    6, 
    3, 
    5
  ], 
  "adv_w": [
    3, 
    0, 
    0, 
    0, 
    6, 
    4, 
    5
  ], 
  "clfs": [
    "Decision Tree", 
    "Naive Bayes", 
    "Linear SVM", 
    "Neural Net", 
    "RBF SVM", 
    "Random Forest", 
    "Nearest Neighbors"
  ], 
  "mean": [
    0.8149470899470901, 
    0.6634920634920636, 
    0.6652777777777777, 
    0.6706349206349208, 
    0.9928571428571429, 
    0.8491402116402117, 
    0.8903439153439153
  ], 
  "parameters": {
    "cv_method": "k10", 
    "db": "monkone", 
    "repetition": 0
  }, 
  "std": [
    0.04829884164638985, 
    0.06399437543521758, 
    0.06360254111866515, 
    0.08090438456811123, 
    0.017251638983558863, 
    0.040808599300356546, 
    0.030824489448125936
  ]
}