{
  "adv_t": [
    4,
    6,
    3,
    3,
    0,
    0,
    0
  ],
  "adv_w": [
    4,
    6,
    3,
    3,
    0,
    0,
    0
  ],
  "clfs": [
    "Nearest Neighbors",
    "RBF SVM",
    "Decision Tree",
    "Random Forest",
    "Neural Net",
    "Naive Bayes",
    "Linear SVM"
  ],
  "mean": [
    0.8944444444444443,
    1.0,
    0.8503703703703702,
    0.8668518518518518,
    0.6764814814814815,
    0.6631481481481482,
    0.6631481481481482
  ],
  "parameters": {
    "cv_method": "k30",
    "db": "monkone",
    "repetition": 1
  },
  "std": [
    0.0801632009244929,
    0.0,
    0.0813484342770665,
    0.09004851033271091,
    0.11446735006179215,
    0.11683060305958881,
    0.11683060305958881
  ]
}