{
  "adv_t": [
    2, 
    0, 
    2, 
    2, 
    6, 
    3, 
    0
  ], 
  "adv_w": [
    2, 
    0, 
    2, 
    2, 
    6, 
    3, 
    0
  ], 
  "clfs": [
    "Decision Tree", 
    "Naive Bayes", 
    "Linear SVM", 
    "Neural Net", 
    "RBF SVM", 
    "Random Forest", 
    "Nearest Neighbors"
  ], 
  "mean": [
    0.6825813953488372, 
    0.6299557032115171, 
    0.657236987818383, 
    0.6798981173864894, 
    0.7647264673311185, 
    0.68418715393134, 
    0.6193167220376523
  ], 
  "parameters": {
    "cv_method": "k2x5", 
    "db": "monktwo", 
    "repetition": 9
  }, 
  "std": [
    0.06692590049355648, 
    0.023520580860226376, 
    0.0006011712790648766, 
    0.054703251471125314, 
    0.033706087137546074, 
    0.03741002183138696, 
    0.030215396623990608
  ]
}