{
  "adv_t": [
    2,
    2,
    5,
    2,
    2,
    1,
    0
  ],
  "adv_w": [
    2,
    2,
    5,
    2,
    2,
    1,
    0
  ],
  "clfs": [
    "Nearest Neighbors",
    "RBF SVM",
    "Decision Tree",
    "Random Forest",
    "Neural Net",
    "Naive Bayes",
    "Linear SVM"
  ],
  "mean": [
    0.972886002886003,
    0.9783417508417507,
    0.989088504088504,
    0.972886002886003,
    0.9676599326599324,
    0.9114814814814818,
    0.8012698412698412
  ],
  "parameters": {
    "cv_method": "k10",
    "db": "monkthree",
    "repetition": 8
  },
  "std": [
    0.0174719243459838,
    0.01411608308704095,
    0.012613620745714696,
    0.022813447525627542,
    0.06504879030086598,
    0.026241328412399238,
    0.04395548657673054
  ]
}