{
  "adv_t": [
    4, 
    0, 
    2, 
    1, 
    6, 
    4, 
    0
  ], 
  "adv_w": [
    4, 
    0, 
    2, 
    2, 
    6, 
    3, 
    0
  ], 
  "clfs": [
    "Decision Tree", 
    "Naive Bayes", 
    "Linear SVM", 
    "Neural Net", 
    "RBF SVM", 
    "Random Forest", 
    "Nearest Neighbors"
  ], 
  "mean": [
    0.721451827242525, 
    0.6339335548172758, 
    0.657236987818383, 
    0.6618792912513842, 
    0.7647464008859357, 
    0.7018050941306756, 
    0.6226201550387598
  ], 
  "parameters": {
    "cv_method": "k2x5", 
    "db": "monktwo", 
    "repetition": 2
  }, 
  "std": [
    0.04670506526036559, 
    0.017620647926013668, 
    0.0006011712790648766, 
    0.050075634475096525, 
    0.03437365702544635, 
    0.03695039179733473, 
    0.0361159408606637
  ]
}