{
  "adv_t": [
    0,
    6,
    5,
    3,
    2,
    0,
    0
  ],
  "adv_w": [
    0,
    6,
    5,
    3,
    2,
    0,
    0
  ],
  "clfs": [
    "Nearest Neighbors",
    "RBF SVM",
    "Decision Tree",
    "Random Forest",
    "Neural Net",
    "Naive Bayes",
    "Linear SVM"
  ],
  "mean": [
    0.6687467556544309,
    0.8783203559510568,
    0.7502354467927327,
    0.7088728216536893,
    0.6931942899517982,
    0.6473340748980347,
    0.65734149054505
  ],
  "parameters": {
    "cv_method": "k20",
    "db": "monktwo",
    "repetition": 7
  },
  "std": [
    0.06871719672681353,
    0.04940527449700528,
    0.0622571028634201,
    0.046950554052868645,
    0.0737639127457696,
    0.024560978445195863,
    0.009448749072951275
  ]
}