{
  "adv_t": [
    4,
    6,
    3,
    4,
    0,
    0,
    0
  ],
  "adv_w": [
    4,
    6,
    3,
    4,
    0,
    0,
    0
  ],
  "clfs": [
    "Nearest Neighbors",
    "RBF SVM",
    "Decision Tree",
    "Random Forest",
    "Neural Net",
    "Naive Bayes",
    "Linear SVM"
  ],
  "mean": [
    0.8866758241758241,
    1.0,
    0.807967032967033,
    0.8850274725274726,
    0.6932692307692307,
    0.6664835164835164,
    0.6664835164835164
  ],
  "parameters": {
    "cv_method": "k20",
    "db": "monkone",
    "repetition": 8
  },
  "std": [
    0.07087516970169858,
    0.0,
    0.0754364526426306,
    0.046930476956941844,
    0.11145243871433987,
    0.10270541299467931,
    0.10270541299467931
  ]
}