{
  "adv_t": [
    0,
    6,
    5,
    3,
    1,
    0,
    0
  ],
  "adv_w": [
    0,
    6,
    5,
    2,
    1,
    0,
    0
  ],
  "clfs": [
    "Nearest Neighbors",
    "RBF SVM",
    "Decision Tree",
    "Random Forest",
    "Neural Net",
    "Naive Bayes",
    "Linear SVM"
  ],
  "mean": [
    0.6538220551378447,
    0.8750835421888055,
    0.7507309941520468,
    0.6969757727652464,
    0.6869172932330828,
    0.6507518796992485,
    0.6573391812865501
  ],
  "parameters": {
    "cv_method": "k30",
    "db": "monktwo",
    "repetition": 6
  },
  "std": [
    0.11109981856067087,
    0.06959696886919929,
    0.09075417869334199,
    0.05867310744205903,
    0.10028950719549333,
    0.025753233307872346,
    0.012393577137173381
  ]
}