{
  "adv_t": [
    2,
    2,
    3,
    2,
    2,
    1,
    0
  ],
  "adv_w": [
    2,
    3,
    4,
    2,
    2,
    1,
    0
  ],
  "clfs": [
    "Nearest Neighbors",
    "RBF SVM",
    "Decision Tree",
    "Random Forest",
    "Neural Net",
    "Naive Bayes",
    "Linear SVM"
  ],
  "mean": [
    0.9712027914614122,
    0.9819307608100711,
    0.9892720306513411,
    0.9693509396095601,
    0.9708196496989601,
    0.9188469257434774,
    0.8017492245940522
  ],
  "parameters": {
    "cv_method": "k20",
    "db": "monkthree",
    "repetition": 1
  },
  "std": [
    0.03452202376354531,
    0.022108203921628034,
    0.020678117039616074,
    0.021103258209751515,
    0.05954824571216771,
    0.04222101033823454,
    0.058157865455223855
  ]
}