{
  "adv_t": [
    5, 
    0, 
    0, 
    0, 
    6, 
    4, 
    0
  ], 
  "adv_w": [
    4, 
    0, 
    0, 
    0, 
    6, 
    4, 
    0
  ], 
  "clfs": [
    "Decision Tree", 
    "Naive Bayes", 
    "Linear SVM", 
    "Neural Net", 
    "RBF SVM", 
    "Random Forest", 
    "Nearest Neighbors"
  ], 
  "mean": [
    0.7422686857460405, 
    0.6455779383161989, 
    0.6458002222839677, 
    0.662304806890803, 
    0.8598254144669815, 
    0.7171246642585902, 
    0.6570260257478929
  ], 
  "parameters": {
    "cv_method": "k10", 
    "db": "monktwo", 
    "repetition": 8
  }, 
  "std": [
    0.038995310697306954, 
    0.017038607011178493, 
    0.037006561604397234, 
    0.0647411523431914, 
    0.03783956897445054, 
    0.02171929952624999, 
    0.054815473870554944
  ]
}