{
  "adv_t": [
    0,
    6,
    4,
    4,
    1,
    0,
    2
  ],
  "adv_w": [
    0,
    6,
    4,
    4,
    1,
    0,
    2
  ],
  "clfs": [
    "Nearest Neighbors",
    "RBF SVM",
    "Decision Tree",
    "Random Forest",
    "Neural Net",
    "Naive Bayes",
    "Linear SVM"
  ],
  "mean": [
    0.61862569213732,
    0.7507286821705426,
    0.6968150609080841,
    0.6945171650055371,
    0.6529080841638981,
    0.6372591362126245,
    0.657236987818383
  ],
  "parameters": {
    "cv_method": "k2x5",
    "db": "monktwo",
    "repetition": 7
  },
  "std": [
    0.034349526855816895,
    0.025173599508458544,
    0.043719827598633375,
    0.022549614634096292,
    0.03927495618689205,
    0.021509370270746352,
    0.0006011712790648766
  ]
}