{
  "adv_t": [
    4, 
    1, 
    0, 
    4, 
    2, 
    2, 
    2
  ], 
  "adv_w": [
    2, 
    1, 
    0, 
    2, 
    2, 
    2, 
    2
  ], 
  "clfs": [
    "Decision Tree", 
    "Naive Bayes", 
    "Linear SVM", 
    "Neural Net", 
    "RBF SVM", 
    "Random Forest", 
    "Nearest Neighbors"
  ], 
  "mean": [
    0.9891546416546415, 
    0.913498075998076, 
    0.8014021164021164, 
    0.9891546416546415, 
    0.9783417508417507, 
    0.9621392496392496, 
    0.9658754208754209
  ], 
  "parameters": {
    "cv_method": "k10", 
    "db": "monkthree", 
    "repetition": 0
  }, 
  "std": [
    0.012570964480030932, 
    0.040089456508910645, 
    0.04750574213744774, 
    0.012570964480030932, 
    0.014304195847849874, 
    0.01965339526993043, 
    0.01967356795445138
  ]
}