{
  "adv_t": [
    5, 
    1, 
    0, 
    1, 
    3, 
    2, 
    2
  ], 
  "adv_w": [
    6, 
    1, 
    0, 
    1, 
    3, 
    2, 
    2
  ], 
  "clfs": [
    "Decision Tree", 
    "Naive Bayes", 
    "Linear SVM", 
    "Neural Net", 
    "RBF SVM", 
    "Random Forest", 
    "Nearest Neighbors"
  ], 
  "mean": [
    0.9891696750902528, 
    0.9021660649819495, 
    0.7797833935018051, 
    0.9245487364620939, 
    0.9711191335740071, 
    0.963176895306859, 
    0.9548736462093862
  ], 
  "parameters": {
    "cv_method": "k2x5", 
    "db": "monkthree", 
    "repetition": 3
  }, 
  "std": [
    0.0053816317148009316, 
    0.04513678178750489, 
    0.037555924270342315, 
    0.0920786020471158, 
    0.00636763251760426, 
    0.01529747155915351, 
    0.007658196186135897
  ]
}