{
  "adv_t": [
    0,
    6,
    3,
    2,
    0,
    0,
    0
  ],
  "adv_w": [
    0,
    6,
    3,
    2,
    0,
    0,
    0
  ],
  "clfs": [
    "Nearest Neighbors",
    "RBF SVM",
    "Decision Tree",
    "Random Forest",
    "Neural Net",
    "Naive Bayes",
    "Linear SVM"
  ],
  "mean": [
    0.6793140526510938,
    0.8702484241750096,
    0.7456154987022617,
    0.713650352243233,
    0.674972191323693,
    0.6440007415647016,
    0.65734149054505
  ],
  "parameters": {
    "cv_method": "k20",
    "db": "monktwo",
    "repetition": 6
  },
  "std": [
    0.10341545904176395,
    0.050381270622067396,
    0.08229270060975534,
    0.07457694472791977,
    0.04760863165959283,
    0.024088618680336675,
    0.009448749072951275
  ]
}