{
  "adv_t": [
    0,
    6,
    5,
    3,
    2,
    0,
    0
  ],
  "adv_w": [
    0,
    6,
    5,
    3,
    1,
    0,
    1
  ],
  "clfs": [
    "Nearest Neighbors",
    "RBF SVM",
    "Decision Tree",
    "Random Forest",
    "Neural Net",
    "Naive Bayes",
    "Linear SVM"
  ],
  "mean": [
    0.6553842940685045,
    0.8738304093567251,
    0.7588178780284044,
    0.7020384294068504,
    0.6821804511278198,
    0.6506725146198833,
    0.6573391812865501
  ],
  "parameters": {
    "cv_method": "k30",
    "db": "monktwo",
    "repetition": 3
  },
  "std": [
    0.10974525698378856,
    0.07587474125947456,
    0.07695238735960616,
    0.0605556480521497,
    0.07779590700260958,
    0.023530435943236182,
    0.012393577137173381
  ]
}