{
  "adv_t": [
    2,
    2,
    4,
    2,
    4,
    1,
    0
  ],
  "adv_w": [
    2,
    2,
    5,
    2,
    4,
    1,
    0
  ],
  "clfs": [
    "Nearest Neighbors",
    "RBF SVM",
    "Decision Tree",
    "Random Forest",
    "Neural Net",
    "Naive Bayes",
    "Linear SVM"
  ],
  "mean": [
    0.9696063674511949,
    0.9803343367998538,
    0.989210454296661,
    0.9692893632548806,
    0.9856344645137748,
    0.9169950738916256,
    0.8018108009487321
  ],
  "parameters": {
    "cv_method": "k20",
    "db": "monkthree",
    "repetition": 7
  },
  "std": [
    0.028601107461221634,
    0.021426593263995982,
    0.01692175786567628,
    0.029478337206629773,
    0.024412996854913802,
    0.03966451590676845,
    0.05625834040443894
  ]
}