{
  "adv_t": [
    2, 
    0, 
    0, 
    2, 
    6, 
    3, 
    4
  ], 
  "adv_w": [
    2, 
    0, 
    0, 
    2, 
    6, 
    3, 
    4
  ], 
  "clfs": [
    "Decision Tree", 
    "Naive Bayes", 
    "Linear SVM", 
    "Neural Net", 
    "RBF SVM", 
    "Random Forest", 
    "Nearest Neighbors"
  ], 
  "mean": [
    0.8007194244604318, 
    0.6636690647482015, 
    0.6654676258992807, 
    0.8118705035971223, 
    0.9553956834532373, 
    0.8723021582733814, 
    0.8902877697841728
  ], 
  "parameters": {
    "cv_method": "k2x5", 
    "db": "monkone", 
    "repetition": 1
  }, 
  "std": [
    0.030906424208822388, 
    0.015929652584636, 
    0.01468519030445551, 
    0.06262735817686568, 
    0.019716839128148173, 
    0.04888940776468853, 
    0.02703830283880023
  ]
}