{
  "adv_t": [
    3, 
    0, 
    0, 
    0, 
    6, 
    4, 
    4
  ], 
  "adv_w": [
    3, 
    0, 
    0, 
    0, 
    6, 
    4, 
    4
  ], 
  "clfs": [
    "Decision Tree", 
    "Naive Bayes", 
    "Linear SVM", 
    "Neural Net", 
    "RBF SVM", 
    "Random Forest", 
    "Nearest Neighbors"
  ], 
  "mean": [
    0.8133241758241759, 
    0.6653846153846154, 
    0.6653846153846154, 
    0.688598901098901, 
    1.0, 
    0.8703296703296702, 
    0.9009615384615385
  ], 
  "parameters": {
    "cv_method": "k20", 
    "db": "monkone", 
    "repetition": 5
  }, 
  "std": [
    0.09950763103065574, 
    0.08444865759452176, 
    0.08444865759452176, 
    0.08989713683414823, 
    0.0, 
    0.08171378699006017, 
    0.05871585767052323
  ]
}