{
  "adv_t": [
    2,
    2,
    3,
    2,
    1,
    1,
    0
  ],
  "adv_w": [
    2,
    2,
    3,
    2,
    1,
    1,
    0
  ],
  "clfs": [
    "Nearest Neighbors",
    "RBF SVM",
    "Decision Tree",
    "Random Forest",
    "Neural Net",
    "Naive Bayes",
    "Linear SVM"
  ],
  "mean": [
    0.9780357757137942,
    0.9782421740626074,
    0.9889634216259604,
    0.9689485150785461,
    0.9304896227496846,
    0.9126648320146772,
    0.7997592019263847
  ],
  "parameters": {
    "cv_method": "k30",
    "db": "monkthree",
    "repetition": 9
  },
  "std": [
    0.03436525294369758,
    0.027144674028929394,
    0.022485936155808316,
    0.04318781964432102,
    0.11790737642607663,
    0.07373680868095675,
    0.09013770740793543
  ]
}