{
  "adv_t": [
    0,
    6,
    3,
    2,
    0,
    0,
    0
  ],
  "adv_w": [
    0,
    6,
    2,
    0,
    0,
    0,
    0
  ],
  "clfs": [
    "Nearest Neighbors",
    "RBF SVM",
    "Decision Tree",
    "Random Forest",
    "Neural Net",
    "Naive Bayes",
    "Linear SVM"
  ],
  "mean": [
    0.6535533018431047,
    0.8536588867277946,
    0.7423525053255532,
    0.7002593312957303,
    0.7081508752431231,
    0.6472728535704363,
    0.6572756321200333
  ],
  "parameters": {
    "cv_method": "k10",
    "db": "monktwo",
    "repetition": 7
  },
  "std": [
    0.07219840057452094,
    0.0297628151153948,
    0.0497285970658007,
    0.03838343878552557,
    0.06658257455217007,
    0.015925843387087843,
    0.003662887987644855
  ]
}