{
  "adv_t": [
    3, 
    0, 
    2, 
    0, 
    6, 
    4, 
    0
  ], 
  "adv_w": [
    2, 
    0, 
    2, 
    0, 
    6, 
    4, 
    0
  ], 
  "clfs": [
    "Decision Tree", 
    "Naive Bayes", 
    "Linear SVM", 
    "Neural Net", 
    "RBF SVM", 
    "Random Forest", 
    "Nearest Neighbors"
  ], 
  "mean": [
    0.6881782945736434, 
    0.6256456256921373, 
    0.657236987818383, 
    0.6475858250276855, 
    0.7447519379844961, 
    0.6838726467331119, 
    0.626296788482835
  ], 
  "parameters": {
    "cv_method": "k2x5", 
    "db": "monktwo", 
    "repetition": 4
  }, 
  "std": [
    0.04421036458214388, 
    0.028479323643260383, 
    0.0006011712790648766, 
    0.04736683115342992, 
    0.02211280236709284, 
    0.020999729705105885, 
    0.024229709612903282
  ]
}