{
  "adv_t": [
    2,
    2,
    5,
    2,
    2,
    1,
    0
  ],
  "adv_w": [
    2,
    2,
    5,
    2,
    1,
    1,
    0
  ],
  "clfs": [
    "Nearest Neighbors",
    "RBF SVM",
    "Decision Tree",
    "Random Forest",
    "Neural Net",
    "Naive Bayes",
    "Linear SVM"
  ],
  "mean": [
    0.9570397111913358,
    0.968592057761733,
    0.9884476534296027,
    0.9588447653429604,
    0.9610108303249097,
    0.9,
    0.7772563176895307
  ],
  "parameters": {
    "cv_method": "k2x5",
    "db": "monkthree",
    "repetition": 8
  },
  "std": [
    0.010274548354337689,
    0.012626780639783071,
    0.004437807199659645,
    0.013421750655690694,
    0.03146299079636292,
    0.032515478570236234,
    0.02597996296744808
  ]
}