{
  "adv_t": [
    3, 
    1, 
    0, 
    2, 
    2, 
    2, 
    2
  ], 
  "adv_w": [
    4, 
    1, 
    0, 
    2, 
    2, 
    2, 
    2
  ], 
  "clfs": [
    "Decision Tree", 
    "Naive Bayes", 
    "Linear SVM", 
    "Neural Net", 
    "RBF SVM", 
    "Random Forest", 
    "Nearest Neighbors"
  ], 
  "mean": [
    0.9891812865497075, 
    0.9149294805641554, 
    0.8009001261323244, 
    0.9643332186675839, 
    0.9784485724114206, 
    0.9638057562206168, 
    0.9747448687077168
  ], 
  "parameters": {
    "cv_method": "k30", 
    "db": "monkthree", 
    "repetition": 8
  }, 
  "std": [
    0.02201736911931777, 
    0.07634003483109196, 
    0.11241328028522643, 
    0.08980070354875876, 
    0.03323196589931282, 
    0.043552164481983985, 
    0.036454421289528464
  ]
}