{
  "adv_t": [
    4,
    6,
    3,
    4,
    0,
    0,
    0
  ],
  "adv_w": [
    3,
    6,
    3,
    3,
    0,
    0,
    0
  ],
  "clfs": [
    "Nearest Neighbors",
    "RBF SVM",
    "Decision Tree",
    "Random Forest",
    "Neural Net",
    "Naive Bayes",
    "Linear SVM"
  ],
  "mean": [
    0.8865740740740741,
    0.9962962962962962,
    0.834457671957672,
    0.8918650793650793,
    0.6993386243386244,
    0.665410052910053,
    0.665410052910053
  ],
  "parameters": {
    "cv_method": "k10",
    "db": "monkone",
    "repetition": 0
  },
  "std": [
    0.03721279003898722,
    0.011712139482105161,
    0.06897009828615565,
    0.043594250607038275,
    0.07763785319565235,
    0.07172967243068887,
    0.07172967243068887
  ]
}