{
  "adv_t": [
    5, 
    0, 
    0, 
    0, 
    6, 
    2, 
    0
  ], 
  "adv_w": [
    5, 
    0, 
    0, 
    1, 
    6, 
    2, 
    0
  ], 
  "clfs": [
    "Decision Tree", 
    "Naive Bayes", 
    "Linear SVM", 
    "Neural Net", 
    "RBF SVM", 
    "Random Forest", 
    "Nearest Neighbors"
  ], 
  "mean": [
    0.7447979236188357, 
    0.647610307749351, 
    0.65734149054505, 
    0.6804634779384502, 
    0.8641787170930664, 
    0.7023136818687431, 
    0.6732981090100112
  ], 
  "parameters": {
    "cv_method": "k20", 
    "db": "monktwo", 
    "repetition": 4
  }, 
  "std": [
    0.0638371769779571, 
    0.03989161477441223, 
    0.009448749072951275, 
    0.08658968819172651, 
    0.07092564903027396, 
    0.05368487368867492, 
    0.09022812152555178
  ]
}