{
  "adv_t": [
    5, 
    0, 
    1, 
    0, 
    6, 
    2, 
    0
  ], 
  "adv_w": [
    5, 
    0, 
    1, 
    0, 
    6, 
    3, 
    0
  ], 
  "clfs": [
    "Decision Tree", 
    "Naive Bayes", 
    "Linear SVM", 
    "Neural Net", 
    "RBF SVM", 
    "Random Forest", 
    "Nearest Neighbors"
  ], 
  "mean": [
    0.7741641196628691, 
    0.6489121978327312, 
    0.6572756321200333, 
    0.6708349541539317, 
    0.8684949523015651, 
    0.7069250717791979, 
    0.6651972770213949
  ], 
  "parameters": {
    "cv_method": "k10", 
    "db": "monktwo", 
    "repetition": 6
  }, 
  "std": [
    0.049686129791454696, 
    0.011133103557080137, 
    0.003662887987644855, 
    0.08031132604090294, 
    0.034289589806318986, 
    0.044602418191370785, 
    0.06599876992335187
  ]
}