{
  "adv_t": [
    2,
    2,
    2,
    2,
    2,
    1,
    0
  ],
  "adv_w": [
    2,
    2,
    3,
    2,
    3,
    1,
    0
  ],
  "clfs": [
    "Nearest Neighbors",
    "RBF SVM",
    "Decision Tree",
    "Random Forest",
    "Neural Net",
    "Naive Bayes",
    "Linear SVM"
  ],
  "mean": [
    0.9723499361430393,
    0.9781654807516876,
    0.9890166028097062,
    0.9613711001642035,
    0.9890166028097062,
    0.9124635103083379,
    0.8009875022806057
  ],
  "parameters": {
    "cv_method": "k20",
    "db": "monkthree",
    "repetition": 4
  },
  "std": [
    0.035767759052953714,
    0.02497906747452916,
    0.020999442539816046,
    0.040723335948075166,
    0.020999442539816046,
    0.06081160168616636,
    0.06635910552410088
  ]
}