{
  "adv_t": [
    5, 
    0, 
    1, 
    1, 
    6, 
    3, 
    0
  ], 
  "adv_w": [
    5, 
    0, 
    1, 
    1, 
    6, 
    2, 
    0
  ], 
  "clfs": [
    "Decision Tree", 
    "Naive Bayes", 
    "Linear SVM", 
    "Neural Net", 
    "RBF SVM", 
    "Random Forest", 
    "Nearest Neighbors"
  ], 
  "mean": [
    0.7536373748609566, 
    0.649115684093437, 
    0.65734149054505, 
    0.6788079347423062, 
    0.8753170189099, 
    0.7020949202817943, 
    0.6624100852799406
  ], 
  "parameters": {
    "cv_method": "k20", 
    "db": "monktwo", 
    "repetition": 9
  }, 
  "std": [
    0.05884928115038628, 
    0.016958343368518706, 
    0.009448749072951275, 
    0.05899719123258656, 
    0.05669917569707887, 
    0.053038068973318905, 
    0.08124346582710633
  ]
}