{
  "adv_t": [
    4,
    6,
    3,
    4,
    0,
    0,
    0
  ],
  "adv_w": [
    4,
    6,
    3,
    4,
    0,
    0,
    0
  ],
  "clfs": [
    "Nearest Neighbors",
    "RBF SVM",
    "Decision Tree",
    "Random Forest",
    "Neural Net",
    "Naive Bayes",
    "Linear SVM"
  ],
  "mean": [
    0.9010989010989009,
    1.0,
    0.830769230769231,
    0.8883241758241758,
    0.6795329670329671,
    0.6652472527472527,
    0.6652472527472527
  ],
  "parameters": {
    "cv_method": "k20",
    "db": "monkone",
    "repetition": 3
  },
  "std": [
    0.051627735447039746,
    0.0,
    0.09632266432802519,
    0.05462075346612779,
    0.08718738218662336,
    0.09214037739982621,
    0.09214037739982621
  ]
}