{
  "adv_t": [
    0,
    6,
    4,
    3,
    3,
    0,
    0
  ],
  "adv_w": [
    0,
    6,
    3,
    3,
    3,
    0,
    1
  ],
  "clfs": [
    "Nearest Neighbors",
    "RBF SVM",
    "Decision Tree",
    "Random Forest",
    "Neural Net",
    "Naive Bayes",
    "Linear SVM"
  ],
  "mean": [
    0.6404260651629076,
    0.8622974101921468,
    0.7462865497076022,
    0.7222932330827069,
    0.6982289055973268,
    0.6490852130325817,
    0.6573391812865501
  ],
  "parameters": {
    "cv_method": "k30",
    "db": "monktwo",
    "repetition": 9
  },
  "std": [
    0.09441573047102007,
    0.06809249548162413,
    0.08940781077442028,
    0.0585061342488485,
    0.08771601863897291,
    0.024015437840224536,
    0.012393577137173381
  ]
}