{
  "adv_t": [
    3, 
    0, 
    0, 
    0, 
    6, 
    3, 
    4
  ], 
  "adv_w": [
    3, 
    0, 
    0, 
    0, 
    6, 
    3, 
    4
  ], 
  "clfs": [
    "Decision Tree", 
    "Naive Bayes", 
    "Linear SVM", 
    "Neural Net", 
    "RBF SVM", 
    "Random Forest", 
    "Nearest Neighbors"
  ], 
  "mean": [
    0.8268518518518518, 
    0.6662962962962964, 
    0.6662962962962964, 
    0.683888888888889, 
    1.0, 
    0.8842592592592591, 
    0.8999999999999998
  ], 
  "parameters": {
    "cv_method": "k30", 
    "db": "monkone", 
    "repetition": 5
  }, 
  "std": [
    0.11349064408521636, 
    0.09010108949915255, 
    0.09010108949915255, 
    0.09080021248120848, 
    0.0, 
    0.07607724074136334, 
    0.07202300848015264
  ]
}