{
  "adv_t": [
    4,
    6,
    2,
    4,
    2,
    0,
    0
  ],
  "adv_w": [
    4,
    6,
    2,
    4,
    2,
    0,
    0
  ],
  "clfs": [
    "Nearest Neighbors",
    "RBF SVM",
    "Decision Tree",
    "Random Forest",
    "Neural Net",
    "Naive Bayes",
    "Linear SVM"
  ],
  "mean": [
    0.8838129496402877,
    0.9456834532374101,
    0.796043165467626,
    0.8647482014388489,
    0.7579136690647482,
    0.6647482014388488,
    0.6654676258992807
  ],
  "parameters": {
    "cv_method": "k2x5",
    "db": "monkone",
    "repetition": 8
  },
  "std": [
    0.02398381276231358,
    0.016304309279045626,
    0.035692364349797216,
    0.05557654199360336,
    0.09261454844189501,
    0.0317598717144236,
    0.03296817046730818
  ]
}