{
  "adv_t": [
    3, 
    0, 
    0, 
    0, 
    6, 
    4, 
    4
  ], 
  "adv_w": [
    3, 
    0, 
    0, 
    0, 
    6, 
    4, 
    4
  ], 
  "clfs": [
    "Decision Tree", 
    "Naive Bayes", 
    "Linear SVM", 
    "Neural Net", 
    "RBF SVM", 
    "Random Forest", 
    "Nearest Neighbors"
  ], 
  "mean": [
    0.8212912087912088, 
    0.6653846153846155, 
    0.6653846153846155, 
    0.6892857142857143, 
    0.9946428571428573, 
    0.8848901098901101, 
    0.8958791208791208
  ], 
  "parameters": {
    "cv_method": "k20", 
    "db": "monkone", 
    "repetition": 9
  }, 
  "std": [
    0.10336880121133486, 
    0.10464112251497064, 
    0.10464112251497064, 
    0.11435027595370181, 
    0.01747716017605687, 
    0.06100151498288703, 
    0.05024662860132465
  ]
}