{
  "adv_t": [
    2, 
    0, 
    0, 
    2, 
    6, 
    3, 
    3
  ], 
  "adv_w": [
    2, 
    0, 
    0, 
    2, 
    6, 
    3, 
    3
  ], 
  "clfs": [
    "Decision Tree", 
    "Naive Bayes", 
    "Linear SVM", 
    "Neural Net", 
    "RBF SVM", 
    "Random Forest", 
    "Nearest Neighbors"
  ], 
  "mean": [
    0.8388489208633093, 
    0.6643884892086331, 
    0.6654676258992805, 
    0.8025179856115109, 
    0.9510791366906475, 
    0.8697841726618705, 
    0.8773381294964029
  ], 
  "parameters": {
    "cv_method": "k2x5", 
    "db": "monkone", 
    "repetition": 3
  }, 
  "std": [
    0.08707380886645728, 
    0.028377016695106054, 
    0.029321389114238563, 
    0.08281978642165425, 
    0.02166252238011743, 
    0.05181743150367652, 
    0.020096009111381773
  ]
}