{
  "adv_t": [
    2, 
    0, 
    2, 
    0, 
    6, 
    3, 
    0
  ], 
  "adv_w": [
    3, 
    0, 
    2, 
    0, 
    6, 
    3, 
    0
  ], 
  "clfs": [
    "Decision Tree", 
    "Naive Bayes", 
    "Linear SVM", 
    "Neural Net", 
    "RBF SVM", 
    "Random Forest", 
    "Nearest Neighbors"
  ], 
  "mean": [
    0.6821849390919158, 
    0.6262945736434109, 
    0.6562369878183831, 
    0.6546157253599114, 
    0.7534042081949058, 
    0.6901738648947952, 
    0.6292990033222592
  ], 
  "parameters": {
    "cv_method": "k2x5", 
    "db": "monktwo", 
    "repetition": 8
  }, 
  "std": [
    0.0516355592267231, 
    0.02768554900941751, 
    0.0034101007674144073, 
    0.05990038802795731, 
    0.025972793402509808, 
    0.024141296506527087, 
    0.03001010481462825
  ]
}