{
  "adv_t": [
    5, 
    0, 
    0, 
    0, 
    6, 
    2, 
    0
  ], 
  "adv_w": [
    5, 
    0, 
    0, 
    0, 
    6, 
    2, 
    0
  ], 
  "clfs": [
    "Decision Tree", 
    "Naive Bayes", 
    "Linear SVM", 
    "Neural Net", 
    "RBF SVM", 
    "Random Forest", 
    "Nearest Neighbors"
  ], 
  "mean": [
    0.7653968253968252, 
    0.6505847953216378, 
    0.6573391812865501, 
    0.6857059314954052, 
    0.8670843776106936, 
    0.6991353383458648, 
    0.6570676691729325
  ], 
  "parameters": {
    "cv_method": "k30", 
    "db": "monktwo", 
    "repetition": 6
  }, 
  "std": [
    0.0907211810723429, 
    0.020950717899236276, 
    0.012393577137173381, 
    0.08897766458425521, 
    0.05830809449036554, 
    0.07012312047495745, 
    0.11235685833965833
  ]
}