{
  "adv_t": [
    0,
    6,
    5,
    2,
    0,
    0,
    0
  ],
  "adv_w": [
    0,
    6,
    4,
    1,
    0,
    0,
    0
  ],
  "clfs": [
    "Nearest Neighbors",
    "RBF SVM",
    "Decision Tree",
    "Random Forest",
    "Neural Net",
    "Naive Bayes",
    "Linear SVM"
  ],
  "mean": [
    0.6645154553049292,
    0.8750751879699248,
    0.7455973266499584,
    0.6890309106098581,
    0.6798955722639934,
    0.6439097744360905,
    0.6573391812865501
  ],
  "parameters": {
    "cv_method": "k30",
    "db": "monktwo",
    "repetition": 1
  },
  "std": [
    0.07784606676071579,
    0.05857907679934344,
    0.09633336432308225,
    0.05528031472784528,
    0.085791795580624,
    0.030215220049682235,
    0.012393577137173381
  ]
}