{
  "adv_t": [
    2,
    3,
    5,
    2,
    1,
    1,
    0
  ],
  "adv_w": [
    2,
    3,
    5,
    2,
    1,
    1,
    0
  ],
  "clfs": [
    "Nearest Neighbors",
    "RBF SVM",
    "Decision Tree",
    "Random Forest",
    "Neural Net",
    "Naive Bayes",
    "Linear SVM"
  ],
  "mean": [
    0.9592057761732852,
    0.9750902527075811,
    0.9891696750902528,
    0.9667870036101084,
    0.9379061371841155,
    0.9184115523465703,
    0.8057761732851985
  ],
  "parameters": {
    "cv_method": "k2x5",
    "db": "monkthree",
    "repetition": 1
  },
  "std": [
    0.008170515136831757,
    0.007309912177370589,
    0.0034036427493937265,
    0.011002772034332073,
    0.09064176073054274,
    0.022590036159340163,
    0.029905606867887503
  ]
}