{
  "adv_t": [
    0,
    6,
    4,
    3,
    3,
    0,
    1
  ],
  "adv_w": [
    0,
    6,
    4,
    3,
    3,
    0,
    1
  ],
  "clfs": [
    "Nearest Neighbors",
    "RBF SVM",
    "Decision Tree",
    "Random Forest",
    "Neural Net",
    "Naive Bayes",
    "Linear SVM"
  ],
  "mean": [
    0.6505506159118274,
    0.8449055293136981,
    0.7402685931277205,
    0.6989260905807169,
    0.7106775030100954,
    0.650579790682597,
    0.6572756321200333
  ],
  "parameters": {
    "cv_method": "k10",
    "db": "monktwo",
    "repetition": 5
  },
  "std": [
    0.05752639591750238,
    0.03846516771500371,
    0.05232584457391171,
    0.029714900318683173,
    0.049328124364249985,
    0.009619276905945098,
    0.003662887987644855
  ]
}