{
  "adv_t": [
    4,
    6,
    3,
    3,
    0,
    0,
    0
  ],
  "adv_w": [
    4,
    6,
    3,
    4,
    0,
    0,
    0
  ],
  "clfs": [
    "Nearest Neighbors",
    "RBF SVM",
    "Decision Tree",
    "Random Forest",
    "Neural Net",
    "Naive Bayes",
    "Linear SVM"
  ],
  "mean": [
    0.9009259259259257,
    1.0,
    0.8312962962962962,
    0.8816666666666666,
    0.6885185185185185,
    0.6668518518518519,
    0.6668518518518519
  ],
  "parameters": {
    "cv_method": "k30",
    "db": "monkone",
    "repetition": 7
  },
  "std": [
    0.06374644011852638,
    0.0,
    0.11641080622221985,
    0.08615466702180528,
    0.11542334513538448,
    0.09194325314751071,
    0.09194325314751071
  ]
}