{
  "adv_t": [
    4,
    6,
    2,
    4,
    2,
    0,
    0
  ],
  "adv_w": [
    4,
    6,
    2,
    4,
    2,
    0,
    0
  ],
  "clfs": [
    "Nearest Neighbors",
    "RBF SVM",
    "Decision Tree",
    "Random Forest",
    "Neural Net",
    "Naive Bayes",
    "Linear SVM"
  ],
  "mean": [
    0.8848920863309353,
    0.9550359712230214,
    0.8262589928057554,
    0.8733812949640287,
    0.764388489208633,
    0.6654676258992807,
    0.6654676258992807
  ],
  "parameters": {
    "cv_method": "k2x5",
    "db": "monkone",
    "repetition": 7
  },
  "std": [
    0.014685190304455528,
    0.01048732355188004,
    0.06356160232943656,
    0.03869763597879003,
    0.09691113022666759,
    0.02599458439889543,
    0.025716559459864757
  ]
}