{
  "adv_t": [
    3, 
    0, 
    0, 
    0, 
    6, 
    4, 
    4
  ], 
  "adv_w": [
    3, 
    0, 
    0, 
    0, 
    6, 
    4, 
    4
  ], 
  "clfs": [
    "Decision Tree", 
    "Naive Bayes", 
    "Linear SVM", 
    "Neural Net", 
    "RBF SVM", 
    "Random Forest", 
    "Nearest Neighbors"
  ], 
  "mean": [
    0.8157407407407405, 
    0.6664814814814816, 
    0.6664814814814816, 
    0.6812962962962964, 
    0.9981481481481481, 
    0.8642592592592592, 
    0.8781481481481481
  ], 
  "parameters": {
    "cv_method": "k30", 
    "db": "monkone", 
    "repetition": 2
  }, 
  "std": [
    0.09563797716553904, 
    0.13699850170967837, 
    0.13699850170967837, 
    0.14603080651832026, 
    0.010143010324169748, 
    0.08010587041771403, 
    0.08054641688595393
  ]
}