{
  "adv_t": [
    4,
    6,
    2,
    3,
    2,
    0,
    0
  ],
  "adv_w": [
    4,
    6,
    2,
    3,
    2,
    0,
    0
  ],
  "clfs": [
    "Nearest Neighbors",
    "RBF SVM",
    "Decision Tree",
    "Random Forest",
    "Neural Net",
    "Naive Bayes",
    "Linear SVM"
  ],
  "mean": [
    0.8899280575539569,
    0.9521582733812949,
    0.8287769784172662,
    0.8852517985611511,
    0.7737410071942445,
    0.6629496402877698,
    0.6654676258992807
  ],
  "parameters": {
    "cv_method": "k2x5",
    "db": "monkone",
    "repetition": 5
  },
  "std": [
    0.017719859186485516,
    0.016618722338137742,
    0.09748724991176297,
    0.049566958895336743,
    0.10096820366050543,
    0.02560731155903584,
    0.0270781529751468
  ]
}