{
  "adv_t": [
    4,
    6,
    3,
    4,
    0,
    0,
    0
  ],
  "adv_w": [
    4,
    6,
    3,
    4,
    0,
    0,
    0
  ],
  "clfs": [
    "Nearest Neighbors",
    "RBF SVM",
    "Decision Tree",
    "Random Forest",
    "Neural Net",
    "Naive Bayes",
    "Linear SVM"
  ],
  "mean": [
    0.8959259259259258,
    1.0,
    0.8098148148148148,
    0.882962962962963,
    0.6666666666666665,
    0.6648148148148146,
    0.6648148148148146
  ],
  "parameters": {
    "cv_method": "k30",
    "db": "monkone",
    "repetition": 0
  },
  "std": [
    0.07913341485357835,
    0.0,
    0.10671059254133212,
    0.09043122336145337,
    0.10449660391555822,
    0.1029403119236096,
    0.1029403119236096
  ]
}