{
  "adv_t": [
    0,
    6,
    3,
    3,
    3,
    0,
    1
  ],
  "adv_w": [
    0,
    6,
    3,
    3,
    3,
    0,
    1
  ],
  "clfs": [
    "Nearest Neighbors",
    "RBF SVM",
    "Decision Tree",
    "Random Forest",
    "Neural Net",
    "Naive Bayes",
    "Linear SVM"
  ],
  "mean": [
    0.6573414905450501,
    0.8707397107897666,
    0.7357267334074897,
    0.713883945124212,
    0.718327771598072,
    0.6455598813496477,
    0.65734149054505
  ],
  "parameters": {
    "cv_method": "k20",
    "db": "monktwo",
    "repetition": 3
  },
  "std": [
    0.0914075216713296,
    0.06082363379486826,
    0.09256667770750762,
    0.04681491663108536,
    0.11730155326509498,
    0.02624723320505213,
    0.009448749072951275
  ]
}