{
  "adv_t": [
    0,
    6,
    3,
    2,
    2,
    0,
    0
  ],
  "adv_w": [
    0,
    6,
    2,
    2,
    1,
    0,
    0
  ],
  "clfs": [
    "Nearest Neighbors",
    "RBF SVM",
    "Decision Tree",
    "Random Forest",
    "Neural Net",
    "Naive Bayes",
    "Linear SVM"
  ],
  "mean": [
    0.652276524644946,
    0.8867752715121134,
    0.7436883876357562,
    0.7004678362573101,
    0.7003801169590645,
    0.6507518796992484,
    0.6573391812865501
  ],
  "parameters": {
    "cv_method": "k30",
    "db": "monktwo",
    "repetition": 8
  },
  "std": [
    0.12472224321820172,
    0.07578269767691488,
    0.12727541934625214,
    0.07006897993456744,
    0.08147994551428453,
    0.02215435019824003,
    0.012393577137173381
  ]
}