{
  "adv_t": [
    2,
    2,
    2,
    2,
    2,
    1,
    0
  ],
  "adv_w": [
    1,
    2,
    2,
    2,
    2,
    1,
    0
  ],
  "clfs": [
    "Nearest Neighbors",
    "RBF SVM",
    "Decision Tree",
    "Random Forest",
    "Neural Net",
    "Naive Bayes",
    "Linear SVM"
  ],
  "mean": [
    0.9674314574314575,
    0.9800288600288599,
    0.9890560365560365,
    0.9693157768157767,
    0.9890560365560365,
    0.9134319384319385,
    0.8017965367965367
  ],
  "parameters": {
    "cv_method": "k10",
    "db": "monkthree",
    "repetition": 0
  },
  "std": [
    0.02693692772320507,
    0.018090094751991626,
    0.015440958760023287,
    0.024131868014677992,
    0.015440958760023287,
    0.03822347210384118,
    0.046945091894423356
  ]
}