{
  "adv_t": [
    4,
    6,
    3,
    4,
    0,
    0,
    0
  ],
  "adv_w": [
    5,
    6,
    3,
    4,
    0,
    0,
    0
  ],
  "clfs": [
    "Nearest Neighbors",
    "RBF SVM",
    "Decision Tree",
    "Random Forest",
    "Neural Net",
    "Naive Bayes",
    "Linear SVM"
  ],
  "mean": [
    0.9085164835164836,
    1.0,
    0.8177197802197803,
    0.872252747252747,
    0.6740384615384615,
    0.6651098901098902,
    0.6651098901098902
  ],
  "parameters": {
    "cv_method": "k20",
    "db": "monkone",
    "repetition": 2
  },
  "std": [
    0.07169556808031964,
    0.0,
    0.09196776952242926,
    0.04616434511118598,
    0.11390258038658578,
    0.10484326108227002,
    0.10484326108227002
  ]
}