{
  "adv_t": [
    4,
    6,
    3,
    4,
    0,
    0,
    0
  ],
  "adv_w": [
    4,
    6,
    2,
    4,
    0,
    0,
    0
  ],
  "clfs": [
    "Nearest Neighbors",
    "RBF SVM",
    "Decision Tree",
    "Random Forest",
    "Neural Net",
    "Naive Bayes",
    "Linear SVM"
  ],
  "mean": [
    0.8887566137566137,
    0.9982142857142857,
    0.8060185185185185,
    0.879563492063492,
    0.687962962962963,
    0.6657407407407409,
    0.6657407407407409
  ],
  "parameters": {
    "cv_method": "k10",
    "db": "monkone",
    "repetition": 1
  },
  "std": [
    0.04279486115432432,
    0.0056469243931578,
    0.04175237072883029,
    0.0489789747902871,
    0.11153189757783397,
    0.07500918845035548,
    0.07500918845035548
  ]
}