{
  "adv_t": [
    3, 
    1, 
    0, 
    2, 
    2, 
    2, 
    2
  ], 
  "adv_w": [
    2, 
    1, 
    0, 
    2, 
    2, 
    2, 
    1
  ], 
  "clfs": [
    "Decision Tree", 
    "Naive Bayes", 
    "Linear SVM", 
    "Neural Net", 
    "RBF SVM", 
    "Random Forest", 
    "Nearest Neighbors"
  ], 
  "mean": [
    0.9891871091871092, 
    0.9221596921596922, 
    0.8012722462722461, 
    0.9766209716209715, 
    0.9765223665223666, 
    0.9674290524290523, 
    0.971002886002886
  ], 
  "parameters": {
    "cv_method": "k10", 
    "db": "monkthree", 
    "repetition": 1
  }, 
  "std": [
    0.012550313273313855, 
    0.0347758546595852, 
    0.04134322514841982, 
    0.02539216299923539, 
    0.022697373768638666, 
    0.01672554364938575, 
    0.027519469510264846
  ]
}