{
  "adv_t": [
    3, 
    0, 
    0, 
    0, 
    6, 
    3, 
    3
  ], 
  "adv_w": [
    3, 
    0, 
    0, 
    0, 
    6, 
    3, 
    3
  ], 
  "clfs": [
    "Decision Tree", 
    "Naive Bayes", 
    "Linear SVM", 
    "Neural Net", 
    "RBF SVM", 
    "Random Forest", 
    "Nearest Neighbors"
  ], 
  "mean": [
    0.8413359788359788, 
    0.6634920634920636, 
    0.6652777777777779, 
    0.6652777777777779, 
    0.9946428571428573, 
    0.8867724867724867, 
    0.8941798941798943
  ], 
  "parameters": {
    "cv_method": "k10", 
    "db": "monkone", 
    "repetition": 7
  }, 
  "std": [
    0.09587460907432663, 
    0.046525426108211046, 
    0.045984980417072246, 
    0.045984980417072246, 
    0.012052652816259831, 
    0.0693017346104293, 
    0.03655758579833202
  ]
}