{
  "adv_t": [
    3, 
    0, 
    0, 
    0, 
    6, 
    4, 
    4
  ], 
  "adv_w": [
    3, 
    0, 
    0, 
    2, 
    6, 
    4, 
    4
  ], 
  "clfs": [
    "Decision Tree", 
    "Naive Bayes", 
    "Linear SVM", 
    "Neural Net", 
    "RBF SVM", 
    "Random Forest", 
    "Nearest Neighbors"
  ], 
  "mean": [
    0.8038888888888887, 
    0.6655555555555555, 
    0.6655555555555555, 
    0.6883333333333332, 
    1.0, 
    0.889259259259259, 
    0.9033333333333331
  ], 
  "parameters": {
    "cv_method": "k30", 
    "db": "monkone", 
    "repetition": 9
  }, 
  "std": [
    0.10825004166186566, 
    0.11194514560118114, 
    0.11194514560118114, 
    0.12612499290653997, 
    0.0, 
    0.08941336331226356, 
    0.08220306290185908
  ]
}