{
  "adv_t": [
    0,
    6,
    2,
    3,
    2,
    0,
    2
  ],
  "adv_w": [
    0,
    6,
    2,
    3,
    2,
    0,
    2
  ],
  "clfs": [
    "Nearest Neighbors",
    "RBF SVM",
    "Decision Tree",
    "Random Forest",
    "Neural Net",
    "Naive Bayes",
    "Linear SVM"
  ],
  "mean": [
    0.6193167220376523,
    0.7627308970099667,
    0.6842403100775194,
    0.6938172757475083,
    0.6805570321151716,
    0.6299557032115171,
    0.657236987818383
  ],
  "parameters": {
    "cv_method": "k2x5",
    "db": "monktwo",
    "repetition": 9
  },
  "std": [
    0.030215396623990608,
    0.03318348758948759,
    0.06413822254069394,
    0.03911711346977081,
    0.05091254211397016,
    0.023520580860226376,
    0.0006011712790648766
  ]
}