{
  "adv_t": [
    0,
    6,
    5,
    2,
    0,
    0,
    0
  ],
  "adv_w": [
    0,
    6,
    5,
    2,
    0,
    0,
    0
  ],
  "clfs": [
    "Nearest Neighbors",
    "RBF SVM",
    "Decision Tree",
    "Random Forest",
    "Neural Net",
    "Naive Bayes",
    "Linear SVM"
  ],
  "mean": [
    0.6661821219715957,
    0.8705597326649959,
    0.7531328320802005,
    0.7021345029239767,
    0.6816624895572265,
    0.6491562238930663,
    0.6573391812865501
  ],
  "parameters": {
    "cv_method": "k30",
    "db": "monktwo",
    "repetition": 0
  },
  "std": [
    0.11911912272682934,
    0.07668701922182351,
    0.0969822584143648,
    0.06450869622729272,
    0.09224367594683912,
    0.02220120327324325,
    0.012393577137173381
  ]
}