{
  "adv_t": [
    0,
    6,
    2,
    3,
    0,
    0,
    1
  ],
  "adv_w": [
    0,
    6,
    1,
    3,
    0,
    0,
    0
  ],
  "clfs": [
    "Nearest Neighbors",
    "RBF SVM",
    "Decision Tree",
    "Random Forest",
    "Neural Net",
    "Naive Bayes",
    "Linear SVM"
  ],
  "mean": [
    0.6306522702104098,
    0.7540897009966778,
    0.6894861572535991,
    0.6925171650055371,
    0.6592303433001107,
    0.6336312292358804,
    0.657236987818383
  ],
  "parameters": {
    "cv_method": "k2x5",
    "db": "monktwo",
    "repetition": 0
  },
  "std": [
    0.03513316353955108,
    0.02204427912826099,
    0.043770582958156515,
    0.031234731937938794,
    0.021607968231921123,
    0.021469477313310566,
    0.0006011712790648766
  ]
}