{
  "adv_t": [
    2,
    2,
    3,
    2,
    1,
    1,
    0
  ],
  "adv_w": [
    2,
    2,
    4,
    2,
    1,
    1,
    0
  ],
  "clfs": [
    "Nearest Neighbors",
    "RBF SVM",
    "Decision Tree",
    "Random Forest",
    "Neural Net",
    "Naive Bayes",
    "Linear SVM"
  ],
  "mean": [
    0.9642300194931773,
    0.9801054924893934,
    0.9891812865497076,
    0.9641210870313036,
    0.958382066276803,
    0.9193383786263041,
    0.8020066506134617
  ],
  "parameters": {
    "cv_method": "k30",
    "db": "monkthree",
    "repetition": 3
  },
  "std": [
    0.05115840244886995,
    0.03335578742020352,
    0.026412517442150476,
    0.03813056187132173,
    0.08207520543482792,
    0.060094167864301586,
    0.08620007565359188
  ]
}