{
  "adv_t": [
    3, 
    0, 
    0, 
    0, 
    6, 
    4, 
    4
  ], 
  "adv_w": [
    3, 
    0, 
    0, 
    0, 
    6, 
    4, 
    4
  ], 
  "clfs": [
    "Decision Tree", 
    "Naive Bayes", 
    "Linear SVM", 
    "Neural Net", 
    "RBF SVM", 
    "Random Forest", 
    "Nearest Neighbors"
  ], 
  "mean": [
    0.7848901098901099, 
    0.6657967032967032, 
    0.6657967032967032, 
    0.671565934065934, 
    0.9982142857142857, 
    0.8744505494505495, 
    0.890521978021978
  ], 
  "parameters": {
    "cv_method": "k20", 
    "db": "monkone", 
    "repetition": 8
  }, 
  "std": [
    0.08811112878320604, 
    0.06987269185596655, 
    0.06987269185596655, 
    0.07960536131668154, 
    0.007985957062499225, 
    0.07617635164786042, 
    0.05577934418694574
  ]
}