{
  "adv_t": [
    4, 
    0, 
    2, 
    0, 
    6, 
    4, 
    0
  ], 
  "adv_w": [
    3, 
    0, 
    2, 
    0, 
    6, 
    4, 
    0
  ], 
  "clfs": [
    "Decision Tree", 
    "Naive Bayes", 
    "Linear SVM", 
    "Neural Net", 
    "RBF SVM", 
    "Random Forest", 
    "Nearest Neighbors"
  ], 
  "mean": [
    0.6964761904761904, 
    0.6372591362126245, 
    0.657236987818383, 
    0.6529080841638981, 
    0.7514019933554817, 
    0.696843853820598, 
    0.61862569213732
  ], 
  "parameters": {
    "cv_method": "k2x5", 
    "db": "monktwo", 
    "repetition": 7
  }, 
  "std": [
    0.04763228182068009, 
    0.021509370270746352, 
    0.0006011712790648766, 
    0.03927495618689205, 
    0.0204324130112672, 
    0.02735039481895164, 
    0.034349526855816895
  ]
}