{
  "adv_t": [
    4, 
    1, 
    0, 
    2, 
    2, 
    2, 
    2
  ], 
  "adv_w": [
    5, 
    1, 
    0, 
    3, 
    3, 
    2, 
    2
  ], 
  "clfs": [
    "Decision Tree", 
    "Naive Bayes", 
    "Linear SVM", 
    "Neural Net", 
    "RBF SVM", 
    "Random Forest", 
    "Nearest Neighbors"
  ], 
  "mean": [
    0.9888888888888887, 
    0.9157156540777229, 
    0.8019385148695493, 
    0.971647509578544, 
    0.9780332056194126, 
    0.962075807334428, 
    0.9619435322021529
  ], 
  "parameters": {
    "cv_method": "k20", 
    "db": "monkthree", 
    "repetition": 4
  }, 
  "std": [
    0.024331358715992072, 
    0.05266770042132637, 
    0.07588459226881243, 
    0.0783199279178638, 
    0.034721180136707434, 
    0.04016776203369325, 
    0.04004871420741336
  ]
}