{
  "adv_t": [
    3,
    6,
    3,
    4,
    0,
    0,
    0
  ],
  "adv_w": [
    3,
    6,
    3,
    4,
    0,
    0,
    0
  ],
  "clfs": [
    "Nearest Neighbors",
    "RBF SVM",
    "Decision Tree",
    "Random Forest",
    "Neural Net",
    "Naive Bayes",
    "Linear SVM"
  ],
  "mean": [
    0.8848901098901096,
    0.998076923076923,
    0.8326923076923078,
    0.908241758241758,
    0.6754120879120878,
    0.6664835164835164,
    0.6664835164835164
  ],
  "parameters": {
    "cv_method": "k20",
    "db": "monkone",
    "repetition": 5
  },
  "std": [
    0.06971119122559091,
    0.008600261451922263,
    0.07477002113468253,
    0.057760432388320244,
    0.09316930957183718,
    0.08362523740097519,
    0.08362523740097519
  ]
}