{
  "adv_t": [
    3, 
    0, 
    0, 
    2, 
    6, 
    2, 
    0
  ], 
  "adv_w": [
    3, 
    0, 
    0, 
    2, 
    6, 
    2, 
    0
  ], 
  "clfs": [
    "Decision Tree", 
    "Naive Bayes", 
    "Linear SVM", 
    "Neural Net", 
    "RBF SVM", 
    "Random Forest", 
    "Nearest Neighbors"
  ], 
  "mean": [
    0.7388429406850459, 
    0.6488304093567253, 
    0.6573391812865501, 
    0.7009607351712616, 
    0.8706641604010024, 
    0.6906349206349207, 
    0.6887844611528824
  ], 
  "parameters": {
    "cv_method": "k30", 
    "db": "monktwo", 
    "repetition": 9
  }, 
  "std": [
    0.09770584791859785, 
    0.024500110772027843, 
    0.012393577137173381, 
    0.07123250380056269, 
    0.07221261513125436, 
    0.06914006135744598, 
    0.10854094000005907
  ]
}