{
  "adv_t": [
    4, 
    1, 
    0, 
    2, 
    2, 
    2, 
    2
  ], 
  "adv_w": [
    6, 
    1, 
    0, 
    2, 
    3, 
    2, 
    2
  ], 
  "clfs": [
    "Decision Tree", 
    "Naive Bayes", 
    "Linear SVM", 
    "Neural Net", 
    "RBF SVM", 
    "Random Forest", 
    "Nearest Neighbors"
  ], 
  "mean": [
    0.9888659557390207, 
    0.9176929251232657, 
    0.8024939800481596, 
    0.9670966632266941, 
    0.9783396399495471, 
    0.9727840843939913, 
    0.9673030615755072
  ], 
  "parameters": {
    "cv_method": "k30", 
    "db": "monkthree", 
    "repetition": 0
  }, 
  "std": [
    0.02267796491501216, 
    0.06313235423992415, 
    0.09433635248434906, 
    0.06831137968415919, 
    0.027024116704167326, 
    0.04230058606856562, 
    0.043990420828858706
  ]
}