{
  "adv_t": [
    2,
    2,
    2,
    2,
    2,
    1,
    0
  ],
  "adv_w": [
    2,
    2,
    2,
    2,
    2,
    1,
    0
  ],
  "clfs": [
    "Nearest Neighbors",
    "RBF SVM",
    "Decision Tree",
    "Random Forest",
    "Neural Net",
    "Naive Bayes",
    "Linear SVM"
  ],
  "mean": [
    0.972993066958584,
    0.9780993431855499,
    0.9891443167305237,
    0.9710089399744574,
    0.9872924648786718,
    0.9076787994891442,
    0.8013090676883781
  ],
  "parameters": {
    "cv_method": "k20",
    "db": "monkthree",
    "repetition": 2
  },
  "std": [
    0.028376122296098517,
    0.030245027448969463,
    0.020839811058516705,
    0.03826507575077151,
    0.021460719434609716,
    0.05585271674771435,
    0.06975917663676498
  ]
}