{
  "adv_t": [
    2,
    2,
    4,
    2,
    2,
    1,
    0
  ],
  "adv_w": [
    2,
    3,
    4,
    2,
    2,
    1,
    0
  ],
  "clfs": [
    "Nearest Neighbors",
    "RBF SVM",
    "Decision Tree",
    "Random Forest",
    "Neural Net",
    "Naive Bayes",
    "Linear SVM"
  ],
  "mean": [
    0.9567711184090495,
    0.9786101988688195,
    0.989465882138296,
    0.9637999452654625,
    0.9719690749863161,
    0.9184067688378029,
    0.801370644043058
  ],
  "parameters": {
    "cv_method": "k20",
    "db": "monkthree",
    "repetition": 9
  },
  "std": [
    0.04508421278481544,
    0.029344885494235237,
    0.019950284771263288,
    0.028952718724303633,
    0.055555377133496,
    0.05596740238330081,
    0.064132956644176
  ]
}