{
  "adv_t": [
    4, 
    1, 
    0, 
    2, 
    2, 
    2, 
    2
  ], 
  "adv_w": [
    5, 
    1, 
    0, 
    2, 
    2, 
    2, 
    2
  ], 
  "clfs": [
    "Decision Tree", 
    "Naive Bayes", 
    "Linear SVM", 
    "Neural Net", 
    "RBF SVM", 
    "Random Forest", 
    "Nearest Neighbors"
  ], 
  "mean": [
    0.989072354087834, 
    0.9190689141153537, 
    0.8023563811489508, 
    0.9835167985322785, 
    0.978351106524481, 
    0.9709322325421396, 
    0.9673259947253754
  ], 
  "parameters": {
    "cv_method": "k30", 
    "db": "monkthree", 
    "repetition": 4
  }, 
  "std": [
    0.022253161782835488, 
    0.06182050542504262, 
    0.09059749058896423, 
    0.03883787512889183, 
    0.030329453583654895, 
    0.03690842223759738, 
    0.044411893884189264
  ]
}