{
  "adv_t": [
    0,
    6,
    5,
    2,
    0,
    0,
    0
  ],
  "adv_w": [
    0,
    6,
    5,
    2,
    0,
    0,
    0
  ],
  "clfs": [
    "Nearest Neighbors",
    "RBF SVM",
    "Decision Tree",
    "Random Forest",
    "Neural Net",
    "Naive Bayes",
    "Linear SVM"
  ],
  "mean": [
    0.6734556915090841,
    0.8670875046347793,
    0.7671968854282536,
    0.6922487949573601,
    0.6852984797923618,
    0.6490044493882091,
    0.65734149054505
  ],
  "parameters": {
    "cv_method": "k20",
    "db": "monktwo",
    "repetition": 2
  },
  "std": [
    0.06901001345116178,
    0.058535899493791,
    0.05840364896464606,
    0.046836533195275344,
    0.061897644722323,
    0.02471542479189565,
    0.009448749072951275
  ]
}