{
  "adv_t": [
    5, 
    1, 
    0, 
    1, 
    3, 
    2, 
    2
  ], 
  "adv_w": [
    6, 
    1, 
    0, 
    1, 
    3, 
    2, 
    2
  ], 
  "clfs": [
    "Decision Tree", 
    "Naive Bayes", 
    "Linear SVM", 
    "Neural Net", 
    "RBF SVM", 
    "Random Forest", 
    "Nearest Neighbors"
  ], 
  "mean": [
    0.9877256317689531, 
    0.9129963898916967, 
    0.799638989169675, 
    0.9382671480144404, 
    0.9743682310469313, 
    0.9602888086642599, 
    0.959927797833935
  ], 
  "parameters": {
    "cv_method": "k2x5", 
    "db": "monkthree", 
    "repetition": 9
  }, 
  "std": [
    0.0054351816080078115, 
    0.01867744112990681, 
    0.008027475369510453, 
    0.0860632118744259, 
    0.006902349169530669, 
    0.015126119241849027, 
    0.012899087553176078
  ]
}