{
  "adv_t": [
    3, 
    0, 
    0, 
    0, 
    6, 
    4, 
    4
  ], 
  "adv_w": [
    3, 
    0, 
    0, 
    0, 
    6, 
    4, 
    5
  ], 
  "clfs": [
    "Decision Tree", 
    "Naive Bayes", 
    "Linear SVM", 
    "Neural Net", 
    "RBF SVM", 
    "Random Forest", 
    "Nearest Neighbors"
  ], 
  "mean": [
    0.8362637362637363, 
    0.6657967032967033, 
    0.6657967032967033, 
    0.6765109890109889, 
    0.9982142857142857, 
    0.8758241758241757, 
    0.908379120879121
  ], 
  "parameters": {
    "cv_method": "k20", 
    "db": "monkone", 
    "repetition": 3
  }, 
  "std": [
    0.05627652218803334, 
    0.06886485021265353, 
    0.06886485021265353, 
    0.0773549955723504, 
    0.007985957062499225, 
    0.05667883403975593, 
    0.0496051420074212
  ]
}