{
  "adv_t": [
    4, 
    0, 
    1, 
    0, 
    6, 
    4, 
    0
  ], 
  "adv_w": [
    4, 
    0, 
    1, 
    0, 
    6, 
    4, 
    0
  ], 
  "clfs": [
    "Decision Tree", 
    "Naive Bayes", 
    "Linear SVM", 
    "Neural Net", 
    "RBF SVM", 
    "Random Forest", 
    "Nearest Neighbors"
  ], 
  "mean": [
    0.7424099286838937, 
    0.6455779383161989, 
    0.6572756321200333, 
    0.6534968046679633, 
    0.8434620727979993, 
    0.7372395109752707, 
    0.6475215337593776
  ], 
  "parameters": {
    "cv_method": "k10", 
    "db": "monktwo", 
    "repetition": 2
  }, 
  "std": [
    0.06805480872584374, 
    0.015049103391982385, 
    0.003662887987644855, 
    0.0772682165498459, 
    0.03552993707556821, 
    0.03175133865370297, 
    0.0779267251696306
  ]
}