{
  "adv_t": [
    5, 
    0, 
    0, 
    2, 
    6, 
    2, 
    0
  ], 
  "adv_w": [
    5, 
    0, 
    0, 
    2, 
    6, 
    2, 
    0
  ], 
  "clfs": [
    "Decision Tree", 
    "Naive Bayes", 
    "Linear SVM", 
    "Neural Net", 
    "RBF SVM", 
    "Random Forest", 
    "Nearest Neighbors"
  ], 
  "mean": [
    0.7685881370091897, 
    0.6490852130325817, 
    0.6573391812865501, 
    0.7071177944862155, 
    0.8707602339181286, 
    0.7106182121971597, 
    0.6573308270676691
  ], 
  "parameters": {
    "cv_method": "k30", 
    "db": "monktwo", 
    "repetition": 3
  }, 
  "std": [
    0.0653835134571034, 
    0.03307540829631634, 
    0.012393577137173381, 
    0.06934666696556314, 
    0.07470664748064448, 
    0.05815920929996724, 
    0.1142275049263567
  ]
}