{
  "adv_t": [
    3, 
    0, 
    0, 
    0, 
    6, 
    4, 
    4
  ], 
  "adv_w": [
    3, 
    0, 
    0, 
    0, 
    6, 
    4, 
    4
  ], 
  "clfs": [
    "Decision Tree", 
    "Naive Bayes", 
    "Linear SVM", 
    "Neural Net", 
    "RBF SVM", 
    "Random Forest", 
    "Nearest Neighbors"
  ], 
  "mean": [
    0.8331481481481481, 
    0.6651851851851853, 
    0.6651851851851853, 
    0.6818518518518518, 
    0.9981481481481481, 
    0.8959259259259258, 
    0.8798148148148146
  ], 
  "parameters": {
    "cv_method": "k30", 
    "db": "monkone", 
    "repetition": 7
  }, 
  "std": [
    0.09775560673982094, 
    0.11869638632724375, 
    0.11869638632724375, 
    0.14113459041800916, 
    0.010143010324169751, 
    0.08786446727234792, 
    0.07828900587228785
  ]
}