{
  "adv_t": [
    4,
    6,
    3,
    3,
    0,
    0,
    0
  ],
  "adv_w": [
    3,
    6,
    3,
    3,
    0,
    0,
    0
  ],
  "clfs": [
    "Nearest Neighbors",
    "RBF SVM",
    "Decision Tree",
    "Random Forest",
    "Neural Net",
    "Naive Bayes",
    "Linear SVM"
  ],
  "mean": [
    0.9116402116402116,
    0.9982142857142857,
    0.8279761904761903,
    0.8826719576719577,
    0.6636243386243386,
    0.6654761904761906,
    0.6654761904761906
  ],
  "parameters": {
    "cv_method": "k10",
    "db": "monkone",
    "repetition": 7
  },
  "std": [
    0.03965460510009745,
    0.0056469243931578,
    0.08709616886169845,
    0.0603977582103094,
    0.045036396583808626,
    0.04297053354496891,
    0.04297053354496891
  ]
}