{
  "adv_t": [
    4,
    6,
    3,
    4,
    0,
    0,
    0
  ],
  "adv_w": [
    4,
    6,
    3,
    4,
    0,
    0,
    0
  ],
  "clfs": [
    "Nearest Neighbors",
    "RBF SVM",
    "Decision Tree",
    "Random Forest",
    "Neural Net",
    "Naive Bayes",
    "Linear SVM"
  ],
  "mean": [
    0.907962962962963,
    1.0,
    0.807962962962963,
    0.878148148148148,
    0.6835185185185184,
    0.6668518518518519,
    0.6668518518518519
  ],
  "parameters": {
    "cv_method": "k30",
    "db": "monkone",
    "repetition": 5
  },
  "std": [
    0.06256003218796455,
    0.0,
    0.09399468447482433,
    0.08179204717530134,
    0.13692079395485257,
    0.14141746794946305,
    0.14141746794946305
  ]
}