{
  "adv_t": [
    4,
    6,
    3,
    4,
    0,
    0,
    0
  ],
  "adv_w": [
    3,
    6,
    3,
    4,
    0,
    0,
    0
  ],
  "clfs": [
    "Nearest Neighbors",
    "RBF SVM",
    "Decision Tree",
    "Random Forest",
    "Neural Net",
    "Naive Bayes",
    "Linear SVM"
  ],
  "mean": [
    0.8867724867724867,
    1.0,
    0.80760582010582,
    0.8992724867724867,
    0.6651455026455027,
    0.6651455026455027,
    0.6651455026455027
  ],
  "parameters": {
    "cv_method": "k10",
    "db": "monkone",
    "repetition": 6
  },
  "std": [
    0.05450705666391514,
    0.0,
    0.059309866022937,
    0.03704103919335806,
    0.08154049361598625,
    0.08154049361598625,
    0.08154049361598625
  ]
}