{
  "adv_t": [
    4,
    6,
    3,
    3,
    0,
    0,
    0
  ],
  "adv_w": [
    5,
    6,
    3,
    3,
    0,
    0,
    0
  ],
  "clfs": [
    "Nearest Neighbors",
    "RBF SVM",
    "Decision Tree",
    "Random Forest",
    "Neural Net",
    "Naive Bayes",
    "Linear SVM"
  ],
  "mean": [
    0.906415343915344,
    0.9982142857142857,
    0.7966931216931217,
    0.8614417989417988,
    0.6779100529100528,
    0.6654100529100528,
    0.6654100529100528
  ],
  "parameters": {
    "cv_method": "k10",
    "db": "monkone",
    "repetition": 4
  },
  "std": [
    0.05255266756458824,
    0.005646924393157801,
    0.06264685815302644,
    0.052146021314983124,
    0.061035574073664604,
    0.04239395633967478,
    0.04239395633967478
  ]
}