{
  "adv_t": [
    3, 
    0, 
    0, 
    0, 
    6, 
    3, 
    3
  ], 
  "adv_w": [
    3, 
    0, 
    0, 
    0, 
    5, 
    3, 
    3
  ], 
  "clfs": [
    "Decision Tree", 
    "Naive Bayes", 
    "Linear SVM", 
    "Neural Net", 
    "RBF SVM", 
    "Random Forest", 
    "Nearest Neighbors"
  ], 
  "mean": [
    0.8544973544973544, 
    0.6656746031746031, 
    0.6656746031746031, 
    0.6763888888888889, 
    0.9928571428571429, 
    0.8904100529100528, 
    0.888293650793651
  ], 
  "parameters": {
    "cv_method": "k10", 
    "db": "monkone", 
    "repetition": 6
  }, 
  "std": [
    0.09408286720678982, 
    0.04288273063811589, 
    0.04288273063811589, 
    0.06759781983236805, 
    0.015058465048420802, 
    0.056073710081217455, 
    0.03926199112701639
  ]
}