{
  "adv_t": [
    3, 
    0, 
    0, 
    0, 
    6, 
    4, 
    3
  ], 
  "adv_w": [
    3, 
    0, 
    0, 
    0, 
    6, 
    4, 
    3
  ], 
  "clfs": [
    "Decision Tree", 
    "Naive Bayes", 
    "Linear SVM", 
    "Neural Net", 
    "RBF SVM", 
    "Random Forest", 
    "Nearest Neighbors"
  ], 
  "mean": [
    0.8183333333333332, 
    0.6648148148148147, 
    0.6648148148148147, 
    0.6720370370370371, 
    1.0, 
    0.8949999999999999, 
    0.8772222222222221
  ], 
  "parameters": {
    "cv_method": "k30", 
    "db": "monkone", 
    "repetition": 1
  }, 
  "std": [
    0.11416446427945326, 
    0.11021026899302133, 
    0.11021026899302133, 
    0.12014503911645301, 
    0.0, 
    0.08495046511969657, 
    0.09733955700111474
  ]
}