{
  "adv_t": [
    3, 
    0, 
    0, 
    0, 
    6, 
    4, 
    4
  ], 
  "adv_w": [
    3, 
    0, 
    0, 
    0, 
    6, 
    4, 
    4
  ], 
  "clfs": [
    "Decision Tree", 
    "Naive Bayes", 
    "Linear SVM", 
    "Neural Net", 
    "RBF SVM", 
    "Random Forest", 
    "Nearest Neighbors"
  ], 
  "mean": [
    0.7892195767195768, 
    0.6657407407407407, 
    0.6657407407407407, 
    0.6818121693121694, 
    0.9892857142857142, 
    0.8650132275132275, 
    0.8919312169312169
  ], 
  "parameters": {
    "cv_method": "k10", 
    "db": "monkone", 
    "repetition": 1
  }, 
  "std": [
    0.046661291117606016, 
    0.05690752295048827, 
    0.05690752295048827, 
    0.05559530261197943, 
    0.0191958517816632, 
    0.051771113535178666, 
    0.04583544879588795
  ]
}