{
  "adv_t": [
    0,
    6,
    5,
    3,
    0,
    0,
    0
  ],
  "adv_w": [
    0,
    6,
    4,
    0,
    0,
    0,
    0
  ],
  "clfs": [
    "Nearest Neighbors",
    "RBF SVM",
    "Decision Tree",
    "Random Forest",
    "Neural Net",
    "Naive Bayes",
    "Linear SVM"
  ],
  "mean": [
    0.640771047513198,
    0.8551041956098917,
    0.7683032323793645,
    0.6986737056589793,
    0.6786982495137538,
    0.6376035009724924,
    0.6572756321200333
  ],
  "parameters": {
    "cv_method": "k10",
    "db": "monktwo",
    "repetition": 1
  },
  "std": [
    0.038522768454671265,
    0.053173010385877635,
    0.06598274343416485,
    0.03637494919185614,
    0.05609826650836449,
    0.040267269362491476,
    0.003662887987644855
  ]
}