{
  "adv_t": [
    2,
    2,
    4,
    2,
    2,
    1,
    0
  ],
  "adv_w": [
    2,
    2,
    4,
    2,
    2,
    1,
    0
  ],
  "clfs": [
    "Nearest Neighbors",
    "RBF SVM",
    "Decision Tree",
    "Random Forest",
    "Neural Net",
    "Naive Bayes",
    "Linear SVM"
  ],
  "mean": [
    0.9712131636280242,
    0.9799965600275198,
    0.9893762183235867,
    0.9715284944387111,
    0.9640350877192982,
    0.9120399036807706,
    0.801347322554753
  ],
  "parameters": {
    "cv_method": "k30",
    "db": "monkthree",
    "repetition": 8
  },
  "std": [
    0.03369636928213319,
    0.030495270567929427,
    0.021616479307829617,
    0.03872359763636474,
    0.08818572639355336,
    0.07019383387468356,
    0.09741919929658958
  ]
}