{
  "adv_t": [
    3, 
    1, 
    0, 
    2, 
    2, 
    2, 
    2
  ], 
  "adv_w": [
    5, 
    1, 
    0, 
    1, 
    2, 
    2, 
    3
  ], 
  "clfs": [
    "Decision Tree", 
    "Naive Bayes", 
    "Linear SVM", 
    "Neural Net", 
    "RBF SVM", 
    "Random Forest", 
    "Nearest Neighbors"
  ], 
  "mean": [
    0.9891883116883117, 
    0.9205411255411257, 
    0.8015019240019241, 
    0.9639923039923041, 
    0.9784415584415583, 
    0.9712000962000962, 
    0.9819805194805195
  ], 
  "parameters": {
    "cv_method": "k10", 
    "db": "monkthree", 
    "repetition": 2
  }, 
  "std": [
    0.012651741968571044, 
    0.035239035428513026, 
    0.03598141587392539, 
    0.051369992273389266, 
    0.025107385416620425, 
    0.019325911572260806, 
    0.019098128868150932
  ]
}