{
  "adv_t": [
    2, 
    1, 
    0, 
    2, 
    2, 
    2, 
    2
  ], 
  "adv_w": [
    3, 
    1, 
    0, 
    2, 
    2, 
    2, 
    2
  ], 
  "clfs": [
    "Decision Tree", 
    "Naive Bayes", 
    "Linear SVM", 
    "Neural Net", 
    "RBF SVM", 
    "Random Forest", 
    "Nearest Neighbors"
  ], 
  "mean": [
    0.9889634216259604, 
    0.9146141497534687, 
    0.8002579979360166, 
    0.9686331842678592, 
    0.9780357757137942, 
    0.9672170622635019, 
    0.9691549134273593
  ], 
  "parameters": {
    "cv_method": "k30", 
    "db": "monkthree", 
    "repetition": 6
  }, 
  "std": [
    0.027280988482067964, 
    0.06620933569697438, 
    0.10770800818283506, 
    0.0660584134364475, 
    0.031463159344212004, 
    0.052817468163807155, 
    0.04194540094722098
  ]
}