{
  "adv_t": [
    4, 
    1, 
    0, 
    3, 
    3, 
    2, 
    2
  ], 
  "adv_w": [
    4, 
    1, 
    0, 
    4, 
    3, 
    2, 
    2
  ], 
  "clfs": [
    "Decision Tree", 
    "Naive Bayes", 
    "Linear SVM", 
    "Neural Net", 
    "RBF SVM", 
    "Random Forest", 
    "Nearest Neighbors"
  ], 
  "mean": [
    0.9890548340548339, 
    0.913529341029341, 
    0.8012361712361713, 
    0.9854834054834054, 
    0.9800276575276576, 
    0.9602525252525252, 
    0.9637590187590188
  ], 
  "parameters": {
    "cv_method": "k10", 
    "db": "monkthree", 
    "repetition": 7
  }, 
  "std": [
    0.015357950461531463, 
    0.040129372135426576, 
    0.039833203522158515, 
    0.023664276418579815, 
    0.018094663410368663, 
    0.016875645942831016, 
    0.02835193527774846
  ]
}