{
  "adv_t": [
    0,
    6,
    5,
    3,
    2,
    0,
    0
  ],
  "adv_w": [
    0,
    6,
    5,
    3,
    2,
    0,
    0
  ],
  "clfs": [
    "Nearest Neighbors",
    "RBF SVM",
    "Decision Tree",
    "Random Forest",
    "Neural Net",
    "Naive Bayes",
    "Linear SVM"
  ],
  "mean": [
    0.6589080459770115,
    0.8617000370782353,
    0.7728012606599927,
    0.7086577678902485,
    0.6923173896922507,
    0.6523377827215424,
    0.6506748238783833
  ],
  "parameters": {
    "cv_method": "k20",
    "db": "monktwo",
    "repetition": 4
  },
  "std": [
    0.07343926233779471,
    0.052076859272672076,
    0.10288383331109933,
    0.049789518792826545,
    0.07450538935106221,
    0.015977028613336965,
    0.029108213326614396
  ]
}