{
  "adv_t": [
    5, 
    0, 
    0, 
    2, 
    6, 
    3, 
    0
  ], 
  "adv_w": [
    5, 
    0, 
    1, 
    2, 
    6, 
    3, 
    0
  ], 
  "clfs": [
    "Decision Tree", 
    "Naive Bayes", 
    "Linear SVM", 
    "Neural Net", 
    "RBF SVM", 
    "Random Forest", 
    "Nearest Neighbors"
  ], 
  "mean": [
    0.7509751575824991, 
    0.647610307749351, 
    0.65734149054505, 
    0.682639970337412, 
    0.872083796811272, 
    0.6936392287727103, 
    0.6509510567296996
  ], 
  "parameters": {
    "cv_method": "k20", 
    "db": "monktwo", 
    "repetition": 8
  }, 
  "std": [
    0.1023923773691273, 
    0.028715775499593102, 
    0.009448749072951275, 
    0.05842459602566688, 
    0.05503026123370712, 
    0.04830349792553757, 
    0.09154743633323024
  ]
}