{
  "adv_t": [
    4, 
    1, 
    2, 
    2, 
    6, 
    4, 
    0
  ], 
  "adv_w": [
    4, 
    1, 
    2, 
    2, 
    6, 
    4, 
    0
  ], 
  "clfs": [
    "Decision Tree", 
    "Naive Bayes", 
    "Linear SVM", 
    "Neural Net", 
    "RBF SVM", 
    "Random Forest", 
    "Nearest Neighbors"
  ], 
  "mean": [
    0.7137807308970099, 
    0.6379424141749723, 
    0.657236987818383, 
    0.6702259136212624, 
    0.7543953488372093, 
    0.6975005537098561, 
    0.6233001107419712
  ], 
  "parameters": {
    "cv_method": "k2x5", 
    "db": "monktwo", 
    "repetition": 3
  }, 
  "std": [
    0.03833925719871188, 
    0.013001659545698272, 
    0.0006011712790648766, 
    0.03667976008075612, 
    0.021100281315998122, 
    0.02191455433380342, 
    0.020873361785803738
  ]
}