{
  "adv_t": [
    4, 
    0, 
    0, 
    1, 
    6, 
    3, 
    0
  ], 
  "adv_w": [
    4, 
    0, 
    0, 
    0, 
    6, 
    3, 
    0
  ], 
  "clfs": [
    "Decision Tree", 
    "Naive Bayes", 
    "Linear SVM", 
    "Neural Net", 
    "RBF SVM", 
    "Random Forest", 
    "Nearest Neighbors"
  ], 
  "mean": [
    0.7800574233583402, 
    0.6523020283412059, 
    0.6572756321200333, 
    0.722151060479763, 
    0.8335996110030566, 
    0.7155381124386403, 
    0.6258803371306845
  ], 
  "parameters": {
    "cv_method": "k10", 
    "db": "monktwo", 
    "repetition": 9
  }, 
  "std": [
    0.054610627439250735, 
    0.008642083489539572, 
    0.003662887987644855, 
    0.10689451720231587, 
    0.053483724229748286, 
    0.04184619191914662, 
    0.05618288936410046
  ]
}