{
  "adv_t": [
    3,
    5,
    2,
    2,
    2,
    0,
    0
  ],
  "adv_w": [
    2,
    5,
    2,
    2,
    0,
    0,
    0
  ],
  "clfs": [
    "Nearest Neighbors",
    "RBF SVM",
    "Decision Tree",
    "Random Forest",
    "Neural Net",
    "Naive Bayes",
    "Linear SVM"
  ],
  "mean": [
    0.8830935251798561,
    0.9377697841726619,
    0.8489208633093526,
    0.8611510791366908,
    0.7708633093525179,
    0.6669064748201439,
    0.6654676258992807
  ],
  "parameters": {
    "cv_method": "k2x5",
    "db": "monkone",
    "repetition": 2
  },
  "std": [
    0.02740798429415457,
    0.022690084323771384,
    0.11456958451406479,
    0.045664409381845635,
    0.09263007060679494,
    0.014899016371231715,
    0.013671168166656332
  ]
}