{
  "adv_t": [
    0,
    6,
    4,
    2,
    0,
    0,
    0
  ],
  "adv_w": [
    0,
    6,
    4,
    4,
    0,
    0,
    1
  ],
  "clfs": [
    "Nearest Neighbors",
    "RBF SVM",
    "Decision Tree",
    "Random Forest",
    "Neural Net",
    "Naive Bayes",
    "Linear SVM"
  ],
  "mean": [
    0.6683333333333333,
    0.8757351712614869,
    0.7448162071846283,
    0.7043567251461987,
    0.6719256474519633,
    0.6506725146198834,
    0.6573391812865501
  ],
  "parameters": {
    "cv_method": "k30",
    "db": "monktwo",
    "repetition": 4
  },
  "std": [
    0.12083706285644996,
    0.06542192297321633,
    0.08949087929376802,
    0.07230115241858384,
    0.06940423181087538,
    0.023530435943236182,
    0.012393577137173381
  ]
}