{
  "adv_t": [
    3, 
    0, 
    0, 
    0, 
    6, 
    4, 
    4
  ], 
  "adv_w": [
    3, 
    0, 
    0, 
    0, 
    6, 
    4, 
    4
  ], 
  "clfs": [
    "Decision Tree", 
    "Naive Bayes", 
    "Linear SVM", 
    "Neural Net", 
    "RBF SVM", 
    "Random Forest", 
    "Nearest Neighbors"
  ], 
  "mean": [
    0.812962962962963, 
    0.6651851851851852, 
    0.6651851851851852, 
    0.6651851851851852, 
    1.0, 
    0.9062962962962963, 
    0.8888888888888891
  ], 
  "parameters": {
    "cv_method": "k30", 
    "db": "monkone", 
    "repetition": 8
  }, 
  "std": [
    0.10570500947426832, 
    0.11018709014526806, 
    0.11018709014526806, 
    0.11018709014526806, 
    0.0, 
    0.07850960213476539, 
    0.08087695166854554
  ]
}