{
  "adv_t": [
    0,
    6,
    3,
    2,
    2,
    0,
    0
  ],
  "adv_w": [
    0,
    6,
    2,
    2,
    2,
    0,
    0
  ],
  "clfs": [
    "Nearest Neighbors",
    "RBF SVM",
    "Decision Tree",
    "Random Forest",
    "Neural Net",
    "Naive Bayes",
    "Linear SVM"
  ],
  "mean": [
    0.6743641082684465,
    0.8733741193919171,
    0.7475658138672601,
    0.7154894327030032,
    0.7062068965517241,
    0.6523377827215424,
    0.65734149054505
  ],
  "parameters": {
    "cv_method": "k20",
    "db": "monktwo",
    "repetition": 1
  },
  "std": [
    0.07413469363923629,
    0.07577313351214382,
    0.08303891109086108,
    0.06693360725205046,
    0.07035854993049656,
    0.015977028613336965,
    0.009448749072951275
  ]
}