{
  "adv_t": [
    3, 
    0, 
    0, 
    0, 
    6, 
    4, 
    4
  ], 
  "adv_w": [
    3, 
    0, 
    0, 
    0, 
    6, 
    3, 
    4
  ], 
  "clfs": [
    "Decision Tree", 
    "Naive Bayes", 
    "Linear SVM", 
    "Neural Net", 
    "RBF SVM", 
    "Random Forest", 
    "Nearest Neighbors"
  ], 
  "mean": [
    0.8448148148148148, 
    0.6655555555555556, 
    0.6655555555555556, 
    0.6785185185185186, 
    1.0, 
    0.894074074074074, 
    0.9048148148148147
  ], 
  "parameters": {
    "cv_method": "k30", 
    "db": "monkone", 
    "repetition": 4
  }, 
  "std": [
    0.11214018978698259, 
    0.10778942939743885, 
    0.10778942939743885, 
    0.11432826500140668, 
    0.0, 
    0.06847691256903991, 
    0.06023816314542122
  ]
}