{
  "adv_t": [
    2,
    6,
    4,
    2,
    2,
    0,
    0
  ],
  "adv_w": [
    2,
    6,
    4,
    2,
    2,
    0,
    0
  ],
  "clfs": [
    "Nearest Neighbors",
    "RBF SVM",
    "Decision Tree",
    "Random Forest",
    "Neural Net",
    "Naive Bayes",
    "Linear SVM"
  ],
  "mean": [
    0.6886206896551725,
    0.8620652576937339,
    0.7554949944382647,
    0.7189377085650722,
    0.7035354097144976,
    0.65050241008528,
    0.65734149054505
  ],
  "parameters": {
    "cv_method": "k20",
    "db": "monktwo",
    "repetition": 9
  },
  "std": [
    0.07323353215117515,
    0.06452147734037594,
    0.09697526370250707,
    0.060133713993956533,
    0.09419373870749494,
    0.020058268153444175,
    0.009448749072951275
  ]
}