{
  "adv_t": [
    0,
    6,
    5,
    1,
    1,
    0,
    0
  ],
  "adv_w": [
    0,
    6,
    3,
    1,
    0,
    0,
    0
  ],
  "clfs": [
    "Nearest Neighbors",
    "RBF SVM",
    "Decision Tree",
    "Random Forest",
    "Neural Net",
    "Naive Bayes",
    "Linear SVM"
  ],
  "mean": [
    0.6388811706955636,
    0.8602426599981478,
    0.7766921367046401,
    0.6886445308882096,
    0.687117254792998,
    0.6421343891821802,
    0.6572756321200333
  ],
  "parameters": {
    "cv_method": "k10",
    "db": "monktwo",
    "repetition": 8
  },
  "std": [
    0.04555114232029815,
    0.03472830698075746,
    0.061890609999787766,
    0.03949128338932131,
    0.04024362243380038,
    0.022655639371967067,
    0.003662887987644855
  ]
}