{
  "adv_t": [
    2, 
    1, 
    0, 
    1, 
    2, 
    2, 
    2
  ], 
  "adv_w": [
    2, 
    1, 
    0, 
    1, 
    2, 
    2, 
    2
  ], 
  "clfs": [
    "Decision Tree", 
    "Naive Bayes", 
    "Linear SVM", 
    "Neural Net", 
    "RBF SVM", 
    "Random Forest", 
    "Nearest Neighbors"
  ], 
  "mean": [
    0.9892207792207792, 
    0.9134968734968734, 
    0.8016678691678691, 
    0.9386339586339588, 
    0.9801936026936027, 
    0.9711664261664261, 
    0.9729846079846081
  ], 
  "parameters": {
    "cv_method": "k10", 
    "db": "monkthree", 
    "repetition": 6
  }, 
  "std": [
    0.00927811776172042, 
    0.039132870175700385, 
    0.04374715719826745, 
    0.0975354369423232, 
    0.010234974389042653, 
    0.029520932823681754, 
    0.01937748361573602
  ]
}