{
  "adv_t": [
    2,
    2,
    4,
    2,
    2,
    1,
    0
  ],
  "adv_w": [
    2,
    2,
    5,
    2,
    2,
    1,
    0
  ],
  "clfs": [
    "Nearest Neighbors",
    "RBF SVM",
    "Decision Tree",
    "Random Forest",
    "Neural Net",
    "Naive Bayes",
    "Linear SVM"
  ],
  "mean": [
    0.9733100711548988,
    0.9768244845831052,
    0.9890827403758436,
    0.9678206531654807,
    0.9786763364349571,
    0.9152709359605913,
    0.8008506659368726
  ],
  "parameters": {
    "cv_method": "k20",
    "db": "monkthree",
    "repetition": 8
  },
  "std": [
    0.02541355706779774,
    0.02645923510023055,
    0.02091498124242258,
    0.03600727393914942,
    0.04301413331314078,
    0.050246451601123523,
    0.07340539680003322
  ]
}