{
  "adv_t": [
    2,
    2,
    4,
    2,
    3,
    1,
    0
  ],
  "adv_w": [
    2,
    2,
    5,
    2,
    3,
    1,
    0
  ],
  "clfs": [
    "Nearest Neighbors",
    "RBF SVM",
    "Decision Tree",
    "Random Forest",
    "Neural Net",
    "Naive Bayes",
    "Linear SVM"
  ],
  "mean": [
    0.9731823572340812,
    0.9780332056194124,
    0.9890166028097062,
    0.9605455208903484,
    0.9816753329684363,
    0.915464787447546,
    0.801441342820653
  ],
  "parameters": {
    "cv_method": "k20",
    "db": "monkthree",
    "repetition": 5
  },
  "std": [
    0.02997663965702029,
    0.036741723648501166,
    0.020999442539816046,
    0.030492178449561844,
    0.030518826122098344,
    0.05698212061859467,
    0.07392143878061565
  ]
}