{
  "adv_t": [
    5, 
    1, 
    0, 
    1, 
    4, 
    2, 
    2
  ], 
  "adv_w": [
    6, 
    1, 
    0, 
    1, 
    4, 
    2, 
    2
  ], 
  "clfs": [
    "Decision Tree", 
    "Naive Bayes", 
    "Linear SVM", 
    "Neural Net", 
    "RBF SVM", 
    "Random Forest", 
    "Nearest Neighbors"
  ], 
  "mean": [
    0.9891696750902528, 
    0.912996389891697, 
    0.7963898916967509, 
    0.9534296028880866, 
    0.9772563176895306, 
    0.9624548736462092, 
    0.9617328519855597
  ], 
  "parameters": {
    "cv_method": "k2x5", 
    "db": "monkthree", 
    "repetition": 6
  }, 
  "std": [
    0.002947641086381679, 
    0.015169138786191935, 
    0.01753784520070922, 
    0.07176865444510648, 
    0.0034248494514458297, 
    0.016517314018554496, 
    0.009805799657022121
  ]
}