{
  "adv_t": [
    3, 
    0, 
    0, 
    0, 
    6, 
    4, 
    5
  ], 
  "adv_w": [
    3, 
    0, 
    0, 
    0, 
    6, 
    4, 
    4
  ], 
  "clfs": [
    "Decision Tree", 
    "Naive Bayes", 
    "Linear SVM", 
    "Neural Net", 
    "RBF SVM", 
    "Random Forest", 
    "Nearest Neighbors"
  ], 
  "mean": [
    0.8309259259259256, 
    0.6642592592592593, 
    0.6642592592592593, 
    0.6675925925925927, 
    1.0, 
    0.8703703703703703, 
    0.9009259259259256
  ], 
  "parameters": {
    "cv_method": "k30", 
    "db": "monkone", 
    "repetition": 6
  }, 
  "std": [
    0.09588914564828166, 
    0.11006870540340341, 
    0.11006870540340341, 
    0.1141918066058111, 
    0.0, 
    0.06657614117794018, 
    0.07389145752648343
  ]
}