{
  "adv_t": [
    0,
    6,
    2,
    3,
    0,
    0,
    2
  ],
  "adv_w": [
    0,
    6,
    2,
    3,
    0,
    0,
    2
  ],
  "clfs": [
    "Nearest Neighbors",
    "RBF SVM",
    "Decision Tree",
    "Random Forest",
    "Neural Net",
    "Naive Bayes",
    "Linear SVM"
  ],
  "mean": [
    0.6292990033222592,
    0.7620598006644519,
    0.6781937984496123,
    0.690171650055371,
    0.6549501661129569,
    0.6262945736434109,
    0.657236987818383
  ],
  "parameters": {
    "cv_method": "k2x5",
    "db": "monktwo",
    "repetition": 8
  },
  "std": [
    0.03001010481462825,
    0.029115303797001835,
    0.05241998354091607,
    0.022718669284337325,
    0.06151849923301958,
    0.02768554900941751,
    0.0006011712790648766
  ]
}