{
  "adv_t": [
    5, 
    0, 
    0, 
    0, 
    6, 
    3, 
    0
  ], 
  "adv_w": [
    5, 
    0, 
    0, 
    0, 
    6, 
    3, 
    0
  ], 
  "clfs": [
    "Decision Tree", 
    "Naive Bayes", 
    "Linear SVM", 
    "Neural Net", 
    "RBF SVM", 
    "Random Forest", 
    "Nearest Neighbors"
  ], 
  "mean": [
    0.7651461988304092, 
    0.6507518796992485, 
    0.654243943191312, 
    0.6722765246449457, 
    0.8775772765246449, 
    0.6935296574770258, 
    0.6509983291562239
  ], 
  "parameters": {
    "cv_method": "k30", 
    "db": "monktwo", 
    "repetition": 8
  }, 
  "std": [
    0.09621902560532439, 
    0.02215435019824003, 
    0.0285731102317589, 
    0.08037336802719047, 
    0.09637140700210538, 
    0.06367498004348164, 
    0.09066733092920701
  ]
}