{
  "adv_t": [
    5,
    6,
    3,
    3,
    0,
    0,
    0
  ],
  "adv_w": [
    5,
    6,
    3,
    3,
    0,
    0,
    0
  ],
  "clfs": [
    "Nearest Neighbors",
    "RBF SVM",
    "Decision Tree",
    "Random Forest",
    "Neural Net",
    "Naive Bayes",
    "Linear SVM"
  ],
  "mean": [
    0.9065476190476189,
    0.9964285714285716,
    0.8144841269841269,
    0.8488095238095237,
    0.6863756613756613,
    0.66494708994709,
    0.66494708994709
  ],
  "parameters": {
    "cv_method": "k10",
    "db": "monkone",
    "repetition": 3
  },
  "std": [
    0.039130058103758074,
    0.0075292325242104,
    0.08924528773207083,
    0.06293556950568308,
    0.07236805139763113,
    0.08331245130897502,
    0.08331245130897502
  ]
}