{
  "adv_t": [
    5, 
    0, 
    1, 
    0, 
    6, 
    2, 
    0
  ], 
  "adv_w": [
    5, 
    0, 
    0, 
    0, 
    6, 
    1, 
    0
  ], 
  "clfs": [
    "Decision Tree", 
    "Naive Bayes", 
    "Linear SVM", 
    "Neural Net", 
    "RBF SVM", 
    "Random Forest", 
    "Nearest Neighbors"
  ], 
  "mean": [
    0.737017227007502, 
    0.6455779383161989, 
    0.6572756321200333, 
    0.6584148374548485, 
    0.8481568954339169, 
    0.6908386588867278, 
    0.6523274983791794
  ], 
  "parameters": {
    "cv_method": "k10", 
    "db": "monktwo", 
    "repetition": 3
  }, 
  "std": [
    0.050440332104176644, 
    0.015049103391982385, 
    0.003662887987644855, 
    0.07990600073723707, 
    0.06723545849095384, 
    0.04657593827119334, 
    0.0587077075638288
  ]
}