{
  "adv_t": [
    3,
    6,
    3,
    3,
    2,
    0,
    0
  ],
  "adv_w": [
    3,
    6,
    3,
    3,
    0,
    0,
    0
  ],
  "clfs": [
    "Nearest Neighbors",
    "RBF SVM",
    "Decision Tree",
    "Random Forest",
    "Neural Net",
    "Naive Bayes",
    "Linear SVM"
  ],
  "mean": [
    0.8902877697841726,
    0.9399280575539569,
    0.8410071942446044,
    0.864388489208633,
    0.7392086330935251,
    0.6679856115107914,
    0.6654676258992805
  ],
  "parameters": {
    "cv_method": "k2x5",
    "db": "monkone",
    "repetition": 6
  },
  "std": [
    0.013378845086583572,
    0.0207714563387436,
    0.0901563847989525,
    0.0409099636845847,
    0.08631844434017245,
    0.017707684771316644,
    0.015997199117657485
  ]
}