{
  "adv_t": [
    2,
    2,
    2,
    2,
    1,
    1,
    0
  ],
  "adv_w": [
    2,
    2,
    3,
    2,
    1,
    1,
    0
  ],
  "clfs": [
    "Nearest Neighbors",
    "RBF SVM",
    "Decision Tree",
    "Random Forest",
    "Neural Net",
    "Naive Bayes",
    "Linear SVM"
  ],
  "mean": [
    0.9658410873928114,
    0.9785486225141398,
    0.9893381682174786,
    0.974844918810436,
    0.954408410873928,
    0.9171182266009852,
    0.8018062397372742
  ],
  "parameters": {
    "cv_method": "k20",
    "db": "monkthree",
    "repetition": 0
  },
  "std": [
    0.03589835510019978,
    0.02435851495924449,
    0.01672168969073259,
    0.02627344279551056,
    0.07267640381103799,
    0.044292864932219976,
    0.07580608585507669
  ]
}