{
  "adv_t": [
    4, 
    0, 
    0, 
    3, 
    6, 
    2, 
    0
  ], 
  "adv_w": [
    4, 
    0, 
    0, 
    3, 
    6, 
    2, 
    0
  ], 
  "clfs": [
    "Decision Tree", 
    "Naive Bayes", 
    "Linear SVM", 
    "Neural Net", 
    "RBF SVM", 
    "Random Forest", 
    "Nearest Neighbors"
  ], 
  "mean": [
    0.7753968253968254, 
    0.6474979114452801, 
    0.6573391812865501, 
    0.7366959064327486, 
    0.8755680868838761, 
    0.698688387635756, 
    0.6637593984962405
  ], 
  "parameters": {
    "cv_method": "k30", 
    "db": "monktwo", 
    "repetition": 4
  }, 
  "std": [
    0.08282021308224599, 
    0.0303872747459046, 
    0.012393577137173381, 
    0.09670609267509656, 
    0.07021817780809966, 
    0.053481666644805255, 
    0.10442392445439384
  ]
}