{
  "adv_t": [
    4, 
    0, 
    0, 
    0, 
    6, 
    2, 
    0
  ], 
  "adv_w": [
    3, 
    0, 
    0, 
    0, 
    6, 
    2, 
    0
  ], 
  "clfs": [
    "Decision Tree", 
    "Naive Bayes", 
    "Linear SVM", 
    "Neural Net", 
    "RBF SVM", 
    "Random Forest", 
    "Nearest Neighbors"
  ], 
  "mean": [
    0.7522358175750835, 
    0.6491694475342972, 
    0.65734149054505, 
    0.685704486466444, 
    0.8787041156840936, 
    0.7156006674082315, 
    0.6608509454949942
  ], 
  "parameters": {
    "cv_method": "k20", 
    "db": "monktwo", 
    "repetition": 1
  }, 
  "std": [
    0.06435109993792446, 
    0.018944134316455367, 
    0.009448749072951275, 
    0.07238677899298193, 
    0.04211322005038238, 
    0.05219156236684411, 
    0.09379778822086889
  ]
}