{
  "adv_t": [
    5, 
    0, 
    0, 
    1, 
    6, 
    1, 
    0
  ], 
  "adv_w": [
    3, 
    0, 
    0, 
    0, 
    6, 
    0, 
    0
  ], 
  "clfs": [
    "Decision Tree", 
    "Naive Bayes", 
    "Linear SVM", 
    "Neural Net", 
    "RBF SVM", 
    "Random Forest", 
    "Nearest Neighbors"
  ], 
  "mean": [
    0.7438232842456237, 
    0.647356673149949, 
    0.6572756321200333, 
    0.6741409650828933, 
    0.8634375289432251, 
    0.6837264981013245, 
    0.6375215337593777
  ], 
  "parameters": {
    "cv_method": "k10", 
    "db": "monktwo", 
    "repetition": 5
  }, 
  "std": [
    0.05257922002806877, 
    0.015525236224223912, 
    0.003662887987644855, 
    0.02183270708834406, 
    0.031787006195495335, 
    0.030217869648209005, 
    0.06294709411642636
  ]
}