{
  "adv_t": [
    2,
    2,
    2,
    2,
    1,
    1,
    0
  ],
  "adv_w": [
    2,
    2,
    4,
    2,
    1,
    1,
    0
  ],
  "clfs": [
    "Nearest Neighbors",
    "RBF SVM",
    "Decision Tree",
    "Random Forest",
    "Neural Net",
    "Naive Bayes",
    "Linear SVM"
  ],
  "mean": [
    0.9729314906039042,
    0.9783547710271849,
    0.989272030651341,
    0.969223225688743,
    0.9614942528735633,
    0.9139960773581463,
    0.80103995621237
  ],
  "parameters": {
    "cv_method": "k20",
    "db": "monkthree",
    "repetition": 6
  },
  "std": [
    0.025350063882907826,
    0.027269337463471894,
    0.020207792948314405,
    0.03596996395378912,
    0.08611513268602564,
    0.06098300032966989,
    0.07228051381537343
  ]
}