{
  "adv_t": [
    4,
    6,
    3,
    4,
    0,
    0,
    0
  ],
  "adv_w": [
    4,
    6,
    3,
    4,
    0,
    0,
    0
  ],
  "clfs": [
    "Nearest Neighbors",
    "RBF SVM",
    "Decision Tree",
    "Random Forest",
    "Neural Net",
    "Naive Bayes",
    "Linear SVM"
  ],
  "mean": [
    0.8875925925925924,
    1.0,
    0.8225925925925927,
    0.8796296296296297,
    0.6774074074074078,
    0.661666666666667,
    0.6633333333333337
  ],
  "parameters": {
    "cv_method": "k30",
    "db": "monkone",
    "repetition": 8
  },
  "std": [
    0.0796795857436332,
    0.0,
    0.10565062600421066,
    0.09353669385739535,
    0.12030836402738325,
    0.10692646761383695,
    0.1095153610410847
  ]
}