{
  "adv_t": [
    2,
    6,
    1,
    2,
    5,
    1,
    0
  ],
  "adv_w": [
    2,
    6,
    1,
    2,
    5,
    1,
    0
  ],
  "clfs": [
    "Nearest Neighbors",
    "RBF SVM",
    "Decision Tree",
    "Random Forest",
    "Neural Net",
    "Naive Bayes",
    "Linear SVM"
  ],
  "mean": [
    0.737595931576514,
    0.8096162736939435,
    0.7085251964863616,
    0.7295885344429034,
    0.7817198335644938,
    0.6827369394359686,
    0.6025242718446602
  ],
  "parameters": {
    "cv_method": "k2x5",
    "db": "sonar",
    "repetition": 8
  },
  "std": [
    0.03161777261625449,
    0.034769342221025186,
    0.042691242399403063,
    0.0411556683662883,
    0.03316963142652431,
    0.033349877734892786,
    0.12896048263506993
  ]
}