{
  "adv_t": [
    2, 
    1, 
    0, 
    4, 
    6, 
    2, 
    2
  ], 
  "adv_w": [
    2, 
    0, 
    0, 
    4, 
    6, 
    2, 
    3
  ], 
  "clfs": [
    "Decision Tree", 
    "Naive Bayes", 
    "Linear SVM", 
    "Neural Net", 
    "RBF SVM", 
    "Random Forest", 
    "Nearest Neighbors"
  ], 
  "mean": [
    0.7393712436430884, 
    0.67500693481276, 
    0.5259177068885806, 
    0.7942302357836339, 
    0.8230050855293574, 
    0.7366250577901063, 
    0.7680906148867314
  ], 
  "parameters": {
    "cv_method": "k2x5", 
    "db": "sonar", 
    "repetition": 7
  }, 
  "std": [
    0.03138852692518726, 
    0.047106495395349335, 
    0.18963232269714622, 
    0.022340222883256745, 
    0.034578379991037356, 
    0.037175405855228265, 
    0.04376751228661855
  ]
}