{
  "adv_t": [
    3,
    4,
    0,
    2,
    3,
    0,
    0
  ],
  "adv_w": [
    3,
    4,
    0,
    2,
    3,
    0,
    0
  ],
  "clfs": [
    "Nearest Neighbors",
    "RBF SVM",
    "Decision Tree",
    "Random Forest",
    "Neural Net",
    "Naive Bayes",
    "Linear SVM"
  ],
  "mean": [
    0.8172619047619046,
    0.8621031746031745,
    0.7232142857142854,
    0.7662698412698411,
    0.821626984126984,
    0.6763888888888889,
    0.6837301587301586
  ],
  "parameters": {
    "cv_method": "k30",
    "db": "sonar",
    "repetition": 8
  },
  "std": [
    0.1536220973934707,
    0.15740824586316288,
    0.14491833693610637,
    0.16870624350044977,
    0.1665015260127321,
    0.1552701277977745,
    0.16385540529279996
  ]
}