{
  "adv_t": [
    0, 
    0, 
    0, 
    3, 
    4, 
    1, 
    3
  ], 
  "adv_w": [
    0, 
    0, 
    0, 
    4, 
    6, 
    2, 
    4
  ], 
  "clfs": [
    "Decision Tree", 
    "Naive Bayes", 
    "Linear SVM", 
    "Neural Net", 
    "RBF SVM", 
    "Random Forest", 
    "Nearest Neighbors"
  ], 
  "mean": [
    0.688095238095238, 
    0.676984126984127, 
    0.6716269841269839, 
    0.8220238095238095, 
    0.8761904761904762, 
    0.7563492063492064, 
    0.8178571428571427
  ], 
  "parameters": {
    "cv_method": "k30", 
    "db": "sonar", 
    "repetition": 2
  }, 
  "std": [
    0.1465851819792353, 
    0.1857738350627922, 
    0.16300579551376113, 
    0.1349258164915062, 
    0.12940759238455954, 
    0.18285057174381752, 
    0.1629796853129036
  ]
}