{
  "adv_t": [
    3,
    4,
    0,
    1,
    3,
    0,
    0
  ],
  "adv_w": [
    3,
    5,
    0,
    1,
    3,
    0,
    0
  ],
  "clfs": [
    "Nearest Neighbors",
    "RBF SVM",
    "Decision Tree",
    "Random Forest",
    "Neural Net",
    "Naive Bayes",
    "Linear SVM"
  ],
  "mean": [
    0.8323232323232324,
    0.8806060606060608,
    0.6617171717171717,
    0.7571212121212121,
    0.8152020202020204,
    0.6676262626262626,
    0.7042929292929294
  ],
  "parameters": {
    "cv_method": "k20",
    "db": "sonar",
    "repetition": 7
  },
  "std": [
    0.12301686745566327,
    0.10935424141134148,
    0.0988943218134638,
    0.1699902136441706,
    0.10921315290396892,
    0.1545489205394664,
    0.13482239850263822
  ]
}