{
  "adv_t": [
    3,
    5,
    0,
    3,
    3,
    0,
    0
  ],
  "adv_w": [
    3,
    5,
    0,
    3,
    3,
    0,
    0
  ],
  "clfs": [
    "Nearest Neighbors",
    "RBF SVM",
    "Decision Tree",
    "Random Forest",
    "Neural Net",
    "Naive Bayes",
    "Linear SVM"
  ],
  "mean": [
    0.8146969696969698,
    0.8706060606060607,
    0.6857070707070706,
    0.7626262626262628,
    0.8057070707070707,
    0.6742929292929292,
    0.675909090909091
  ],
  "parameters": {
    "cv_method": "k20",
    "db": "sonar",
    "repetition": 0
  },
  "std": [
    0.10226465730397151,
    0.1171867943882619,
    0.10491304700458999,
    0.13520626455351054,
    0.11822033251478643,
    0.09652313609887393,
    0.14860009017657963
  ]
}