{
  "adv_t": [
    0, 
    0, 
    0, 
    3, 
    4, 
    2, 
    3
  ], 
  "adv_w": [
    0, 
    0, 
    0, 
    3, 
    5, 
    0, 
    3
  ], 
  "clfs": [
    "Decision Tree", 
    "Naive Bayes", 
    "Linear SVM", 
    "Neural Net", 
    "RBF SVM", 
    "Random Forest", 
    "Nearest Neighbors"
  ], 
  "mean": [
    0.7208333333333332, 
    0.6757936507936507, 
    0.6753968253968254, 
    0.8259920634920636, 
    0.8738095238095238, 
    0.7706349206349207, 
    0.8071428571428572
  ], 
  "parameters": {
    "cv_method": "k30", 
    "db": "sonar", 
    "repetition": 8
  }, 
  "std": [
    0.15458299308625514, 
    0.16225944359652883, 
    0.1769889744832821, 
    0.1359391891450417, 
    0.14936595476611583, 
    0.1668259071942331, 
    0.14648513065232416
  ]
}