{
  "adv_t": [
    0, 
    0, 
    0, 
    3, 
    5, 
    3, 
    3
  ], 
  "adv_w": [
    0, 
    0, 
    0, 
    3, 
    5, 
    3, 
    3
  ], 
  "clfs": [
    "Decision Tree", 
    "Naive Bayes", 
    "Linear SVM", 
    "Neural Net", 
    "RBF SVM", 
    "Random Forest", 
    "Nearest Neighbors"
  ], 
  "mean": [
    0.7115079365079365, 
    0.6823412698412697, 
    0.6882936507936506, 
    0.8144841269841271, 
    0.8751984126984126, 
    0.807936507936508, 
    0.8279761904761905
  ], 
  "parameters": {
    "cv_method": "k30", 
    "db": "sonar", 
    "repetition": 9
  }, 
  "std": [
    0.12674936392853398, 
    0.18774652345616888, 
    0.18435146974322328, 
    0.13122344066748728, 
    0.12796529083814304, 
    0.12257632863930268, 
    0.13814716126511997
  ]
}