{
  "adv_t": [
    4,
    6,
    0,
    0,
    2,
    0,
    0
  ],
  "adv_w": [
    4,
    6,
    0,
    0,
    3,
    0,
    0
  ],
  "clfs": [
    "Nearest Neighbors",
    "RBF SVM",
    "Decision Tree",
    "Random Forest",
    "Neural Net",
    "Naive Bayes",
    "Linear SVM"
  ],
  "mean": [
    0.8268398268398268,
    0.8706493506493507,
    0.7401298701298702,
    0.7265367965367966,
    0.7933116883116883,
    0.7027056277056277,
    0.7015584415584416
  ],
  "parameters": {
    "cv_method": "k10",
    "db": "sonar",
    "repetition": 3
  },
  "std": [
    0.03349924042739023,
    0.06820614635790644,
    0.0854503128378921,
    0.11536907987589165,
    0.1160882979609169,
    0.04960413222216127,
    0.07558764697905367
  ]
}