{
  "adv_t": [
    3,
    5,
    1,
    1,
    4,
    0,
    0
  ],
  "adv_w": [
    2,
    5,
    1,
    1,
    4,
    0,
    0
  ],
  "clfs": [
    "Nearest Neighbors",
    "RBF SVM",
    "Decision Tree",
    "Random Forest",
    "Neural Net",
    "Naive Bayes",
    "Linear SVM"
  ],
  "mean": [
    0.7404900601017106,
    0.8117799352750807,
    0.6942949607027277,
    0.7114563106796117,
    0.7769024503005085,
    0.6826259824318076,
    0.5311511789181692
  ],
  "parameters": {
    "cv_method": "k2x5",
    "db": "sonar",
    "repetition": 2
  },
  "std": [
    0.03406694250871305,
    0.04414938363550655,
    0.028205253375114196,
    0.02431247824886342,
    0.034038197635478024,
    0.05095351335530984,
    0.1641113628465865
  ]
}