{
  "adv_t": [
    0, 
    0, 
    0, 
    3, 
    4, 
    0, 
    3
  ], 
  "adv_w": [
    0, 
    0, 
    0, 
    2, 
    4, 
    0, 
    3
  ], 
  "clfs": [
    "Decision Tree", 
    "Naive Bayes", 
    "Linear SVM", 
    "Neural Net", 
    "RBF SVM", 
    "Random Forest", 
    "Nearest Neighbors"
  ], 
  "mean": [
    0.6621717171717171, 
    0.6692424242424243, 
    0.7055555555555555, 
    0.8202020202020203, 
    0.8755050505050507, 
    0.7325757575757577, 
    0.8150505050505054
  ], 
  "parameters": {
    "cv_method": "k20", 
    "db": "sonar", 
    "repetition": 8
  }, 
  "std": [
    0.09952144661296779, 
    0.15190821777357313, 
    0.11566358809461379, 
    0.13544871957693758, 
    0.09067124358615261, 
    0.13971250648295713, 
    0.12178709103767651
  ]
}