{
  "adv_t": [
    0, 
    0, 
    0, 
    3, 
    4, 
    0, 
    3
  ], 
  "adv_w": [
    0, 
    0, 
    0, 
    3, 
    4, 
    1, 
    3
  ], 
  "clfs": [
    "Decision Tree", 
    "Naive Bayes", 
    "Linear SVM", 
    "Neural Net", 
    "RBF SVM", 
    "Random Forest", 
    "Nearest Neighbors"
  ], 
  "mean": [
    0.6652020202020202, 
    0.6754545454545454, 
    0.6880303030303031, 
    0.8142424242424244, 
    0.8792424242424243, 
    0.7457575757575758, 
    0.8176767676767678
  ], 
  "parameters": {
    "cv_method": "k20", 
    "db": "sonar", 
    "repetition": 5
  }, 
  "std": [
    0.14703585292227847, 
    0.11691069755330981, 
    0.14340187088899298, 
    0.11170105816057335, 
    0.11040298005311036, 
    0.15338246816028459, 
    0.12956696935087353
  ]
}