{
  "adv_t": [
    0, 
    0, 
    0, 
    3, 
    4, 
    0, 
    3
  ], 
  "adv_w": [
    0, 
    0, 
    0, 
    3, 
    4, 
    0, 
    3
  ], 
  "clfs": [
    "Decision Tree", 
    "Naive Bayes", 
    "Linear SVM", 
    "Neural Net", 
    "RBF SVM", 
    "Random Forest", 
    "Nearest Neighbors"
  ], 
  "mean": [
    0.7166666666666666, 
    0.6773809523809524, 
    0.6986111111111112, 
    0.8166666666666667, 
    0.8851190476190475, 
    0.7628968253968255, 
    0.8202380952380951
  ], 
  "parameters": {
    "cv_method": "k30", 
    "db": "sonar", 
    "repetition": 3
  }, 
  "std": [
    0.11388218990918986, 
    0.16315051260919008, 
    0.1867874772771957, 
    0.15507263236101182, 
    0.08659957773402248, 
    0.15418519657530033, 
    0.15169533514523265
  ]
}