{
  "adv_t": [
    1, 
    1, 
    0, 
    4, 
    6, 
    1, 
    4
  ], 
  "adv_w": [
    0, 
    0, 
    0, 
    1, 
    5, 
    1, 
    3
  ], 
  "clfs": [
    "Decision Tree", 
    "Naive Bayes", 
    "Linear SVM", 
    "Neural Net", 
    "RBF SVM", 
    "Random Forest", 
    "Nearest Neighbors"
  ], 
  "mean": [
    0.701747572815534, 
    0.6980120203421174, 
    0.5605455386037911, 
    0.7769579288025891, 
    0.8346740638002773, 
    0.7249930651872399, 
    0.7769024503005085
  ], 
  "parameters": {
    "cv_method": "k2x5", 
    "db": "sonar", 
    "repetition": 5
  }, 
  "std": [
    0.03501956121900104, 
    0.050089566728701455, 
    0.14000900670393226, 
    0.03343252310852419, 
    0.02823047529086052, 
    0.036002571122789026, 
    0.036616869870178675
  ]
}