{
  "adv_t": [
    0, 
    0, 
    0, 
    3, 
    4, 
    2, 
    3
  ], 
  "adv_w": [
    0, 
    0, 
    0, 
    3, 
    3, 
    3, 
    3
  ], 
  "clfs": [
    "Decision Tree", 
    "Naive Bayes", 
    "Linear SVM", 
    "Neural Net", 
    "RBF SVM", 
    "Random Forest", 
    "Nearest Neighbors"
  ], 
  "mean": [
    0.7144841269841269, 
    0.6817460317460318, 
    0.6863095238095238, 
    0.8249999999999998, 
    0.8623015873015873, 
    0.7835317460317458, 
    0.8164682539682537
  ], 
  "parameters": {
    "cv_method": "k30", 
    "db": "sonar", 
    "repetition": 6
  }, 
  "std": [
    0.16906469863686885, 
    0.16054111978838712, 
    0.17371017191046195, 
    0.1170251020145881, 
    0.14801291981599096, 
    0.17582371051968698, 
    0.12425085676142365
  ]
}