{
  "adv_t": [
    3,
    4,
    0,
    0,
    0,
    0,
    0
  ],
  "adv_w": [
    2,
    5,
    0,
    0,
    0,
    0,
    0
  ],
  "clfs": [
    "Nearest Neighbors",
    "RBF SVM",
    "Decision Tree",
    "Random Forest",
    "Neural Net",
    "Naive Bayes",
    "Linear SVM"
  ],
  "mean": [
    0.8136904761904764,
    0.8759920634920634,
    0.7121031746031746,
    0.7259920634920634,
    0.7851190476190477,
    0.68234126984127,
    0.6865079365079365
  ],
  "parameters": {
    "cv_method": "k30",
    "db": "sonar",
    "repetition": 7
  },
  "std": [
    0.13452499018619604,
    0.1275789873423982,
    0.15349745017884056,
    0.1820909547881908,
    0.16564717218151348,
    0.1942581949840231,
    0.1667130868187987
  ]
}