{
  "adv_t": [
    4,
    4,
    0,
    0,
    4,
    0,
    0
  ],
  "adv_w": [
    4,
    4,
    0,
    0,
    4,
    0,
    0
  ],
  "clfs": [
    "Nearest Neighbors",
    "RBF SVM",
    "Decision Tree",
    "Random Forest",
    "Neural Net",
    "Naive Bayes",
    "Linear SVM"
  ],
  "mean": [
    0.818452380952381,
    0.8682539682539684,
    0.7160714285714284,
    0.7253968253968256,
    0.8142857142857143,
    0.6734126984126984,
    0.669047619047619
  ],
  "parameters": {
    "cv_method": "k30",
    "db": "sonar",
    "repetition": 1
  },
  "std": [
    0.14008278594618806,
    0.12206493693284841,
    0.1858870270476531,
    0.15790924145706384,
    0.12432278039787462,
    0.14559947682738983,
    0.22419720641466756
  ]
}