{
  "adv_t": [
    2,
    6,
    1,
    0,
    4,
    0,
    0
  ],
  "adv_w": [
    1,
    6,
    2,
    0,
    4,
    0,
    0
  ],
  "clfs": [
    "Nearest Neighbors",
    "RBF SVM",
    "Decision Tree",
    "Random Forest",
    "Neural Net",
    "Naive Bayes",
    "Linear SVM"
  ],
  "mean": [
    0.7481460933888119,
    0.8337771613499767,
    0.7269348127600554,
    0.7049560795191863,
    0.7742672214516875,
    0.6858714748035136,
    0.6121590383726306
  ],
  "parameters": {
    "cv_method": "k2x5",
    "db": "sonar",
    "repetition": 6
  },
  "std": [
    0.05669523781434021,
    0.028561038178003487,
    0.04392822981715111,
    0.05447419683209869,
    0.04710321323514599,
    0.05359089169168991,
    0.1331609416453809
  ]
}