{
  "adv_t": [
    1, 
    0, 
    0, 
    3, 
    5, 
    2, 
    3
  ], 
  "adv_w": [
    1, 
    0, 
    0, 
    3, 
    6, 
    2, 
    3
  ], 
  "clfs": [
    "Decision Tree", 
    "Naive Bayes", 
    "Linear SVM", 
    "Neural Net", 
    "RBF SVM", 
    "Random Forest", 
    "Nearest Neighbors"
  ], 
  "mean": [
    0.7115584415584415, 
    0.6774675324675326, 
    0.6103896103896104, 
    0.7835064935064935, 
    0.860865800865801, 
    0.7587229437229437, 
    0.8032251082251083
  ], 
  "parameters": {
    "cv_method": "k10", 
    "db": "sonar", 
    "repetition": 0
  }, 
  "std": [
    0.05959973294274717, 
    0.08831200956755268, 
    0.11996684768534888, 
    0.05175477110601481, 
    0.10777683979377842, 
    0.06772505945863037, 
    0.08785487973198937
  ]
}