{
  "adv_t": [
    4,
    6,
    0,
    0,
    4,
    0,
    0
  ],
  "adv_w": [
    4,
    6,
    0,
    0,
    4,
    0,
    0
  ],
  "clfs": [
    "Nearest Neighbors",
    "RBF SVM",
    "Decision Tree",
    "Random Forest",
    "Neural Net",
    "Naive Bayes",
    "Linear SVM"
  ],
  "mean": [
    0.8128138528138529,
    0.8795021645021646,
    0.7124675324675325,
    0.7212770562770563,
    0.8129870129870129,
    0.6724675324675325,
    0.6756277056277055
  ],
  "parameters": {
    "cv_method": "k10",
    "db": "sonar",
    "repetition": 1
  },
  "std": [
    0.09145828067964566,
    0.05222838521716871,
    0.0669970978201052,
    0.08128134257644214,
    0.07814009370612748,
    0.10953283028782204,
    0.13556321581196568
  ]
}