{
  "adv_t": [
    0, 
    0, 
    0, 
    3, 
    4, 
    0, 
    3
  ], 
  "adv_w": [
    0, 
    0, 
    0, 
    3, 
    4, 
    0, 
    2
  ], 
  "clfs": [
    "Decision Tree", 
    "Naive Bayes", 
    "Linear SVM", 
    "Neural Net", 
    "RBF SVM", 
    "Random Forest", 
    "Nearest Neighbors"
  ], 
  "mean": [
    0.6950396825396826, 
    0.6958333333333334, 
    0.6658730158730157, 
    0.8095238095238095, 
    0.863293650793651, 
    0.7255952380952381, 
    0.8156746031746032
  ], 
  "parameters": {
    "cv_method": "k30", 
    "db": "sonar", 
    "repetition": 5
  }, 
  "std": [
    0.18121795915126948, 
    0.1437468021585717, 
    0.1912490307933448, 
    0.1441342748482096, 
    0.1362515950696243, 
    0.2044312615694025, 
    0.1422957233656694
  ]
}