{
  "adv_t": [
    0, 
    0, 
    0, 
    2, 
    3, 
    0, 
    2
  ], 
  "adv_w": [
    0, 
    0, 
    0, 
    1, 
    2, 
    0, 
    0
  ], 
  "clfs": [
    "Decision Tree", 
    "Naive Bayes", 
    "Linear SVM", 
    "Neural Net", 
    "RBF SVM", 
    "Random Forest", 
    "Nearest Neighbors"
  ], 
  "mean": [
    0.7129004329004329, 
    0.67, 
    0.6924458874458874, 
    0.7979870129870129, 
    0.8613636363636363, 
    0.7553679653679655, 
    0.8035064935064936
  ], 
  "parameters": {
    "cv_method": "k10", 
    "db": "sonar", 
    "repetition": 4
  }, 
  "std": [
    0.13213687207709082, 
    0.10650426980180949, 
    0.06731864266133876, 
    0.04931541086830076, 
    0.0683969174737664, 
    0.09736800197976815, 
    0.06769174985001801
  ]
}