{
  "adv_t": [
    4,
    5,
    0,
    0,
    3,
    0,
    0
  ],
  "adv_w": [
    3,
    5,
    0,
    0,
    3,
    0,
    0
  ],
  "clfs": [
    "Nearest Neighbors",
    "RBF SVM",
    "Decision Tree",
    "Random Forest",
    "Neural Net",
    "Naive Bayes",
    "Linear SVM"
  ],
  "mean": [
    0.8319444444444443,
    0.8704365079365078,
    0.6660714285714284,
    0.7373015873015872,
    0.7976190476190476,
    0.6734126984126986,
    0.6815476190476191
  ],
  "parameters": {
    "cv_method": "k30",
    "db": "sonar",
    "repetition": 2
  },
  "std": [
    0.15884228216991517,
    0.11113572670877793,
    0.14848774734337886,
    0.17709938787825688,
    0.15760927447265502,
    0.15661182270979632,
    0.1856673738695164
  ]
}