{
  "adv_t": [
    4,
    6,
    0,
    0,
    4,
    0,
    0
  ],
  "adv_w": [
    4,
    6,
    0,
    0,
    4,
    0,
    0
  ],
  "clfs": [
    "Nearest Neighbors",
    "RBF SVM",
    "Decision Tree",
    "Random Forest",
    "Neural Net",
    "Naive Bayes",
    "Linear SVM"
  ],
  "mean": [
    0.8030303030303033,
    0.8866161616161617,
    0.6809090909090909,
    0.7223232323232324,
    0.8055050505050507,
    0.6838383838383839,
    0.6849999999999999
  ],
  "parameters": {
    "cv_method": "k20",
    "db": "sonar",
    "repetition": 3
  },
  "std": [
    0.07165686976687392,
    0.08686304582156475,
    0.11494329085023469,
    0.13398295983889558,
    0.11718110056105041,
    0.17206363397127158,
    0.13829019870544282
  ]
}