{
  "adv_t": [
    1, 
    0, 
    0, 
    3, 
    6, 
    1, 
    1
  ], 
  "adv_w": [
    1, 
    0, 
    0, 
    3, 
    5, 
    0, 
    1
  ], 
  "clfs": [
    "Decision Tree", 
    "Naive Bayes", 
    "Linear SVM", 
    "Neural Net", 
    "RBF SVM", 
    "Random Forest", 
    "Nearest Neighbors"
  ], 
  "mean": [
    0.7241146555709663, 
    0.6858714748035136, 
    0.5793712436430882, 
    0.776208969024503, 
    0.8280258899676374, 
    0.7137124364308831, 
    0.7481460933888119
  ], 
  "parameters": {
    "cv_method": "k2x5", 
    "db": "sonar", 
    "repetition": 6
  }, 
  "std": [
    0.051052561076275, 
    0.05359089169168991, 
    0.12583328732425195, 
    0.0493404740198981, 
    0.02703766630049295, 
    0.03624385269667323, 
    0.05669523781434021
  ]
}