{
  "adv_t": [
    0, 
    0, 
    0, 
    3, 
    4, 
    0, 
    3
  ], 
  "adv_w": [
    0, 
    0, 
    0, 
    3, 
    6, 
    0, 
    3
  ], 
  "clfs": [
    "Decision Tree", 
    "Naive Bayes", 
    "Linear SVM", 
    "Neural Net", 
    "RBF SVM", 
    "Random Forest", 
    "Nearest Neighbors"
  ], 
  "mean": [
    0.7116666666666667, 
    0.6731818181818181, 
    0.6642424242424243, 
    0.8052020202020204, 
    0.8721212121212124, 
    0.760909090909091, 
    0.8137373737373738
  ], 
  "parameters": {
    "cv_method": "k20", 
    "db": "sonar", 
    "repetition": 9
  }, 
  "std": [
    0.1243935988942227, 
    0.15594704666437587, 
    0.18532862519426488, 
    0.14687572698625986, 
    0.08155647593104609, 
    0.12275471544025934, 
    0.12013583835600451
  ]
}