{
  "adv_t": [
    1, 
    0, 
    0, 
    3, 
    6, 
    0, 
    4
  ], 
  "adv_w": [
    1, 
    0, 
    0, 
    2, 
    6, 
    1, 
    3
  ], 
  "clfs": [
    "Decision Tree", 
    "Naive Bayes", 
    "Linear SVM", 
    "Neural Net", 
    "RBF SVM", 
    "Random Forest", 
    "Nearest Neighbors"
  ], 
  "mean": [
    0.7415151515151515, 
    0.6900000000000001, 
    0.6829220779220779, 
    0.812943722943723, 
    0.8853896103896105, 
    0.7513203463203464, 
    0.8282034632034632
  ], 
  "parameters": {
    "cv_method": "k10", 
    "db": "sonar", 
    "repetition": 6
  }, 
  "std": [
    0.06870488868355541, 
    0.11750749803194, 
    0.06610147294474861, 
    0.10495481306769862, 
    0.059355900303411535, 
    0.110474481422273, 
    0.08517938942110209
  ]
}