{
  "adv_t": [
    3,
    5,
    0,
    1,
    3,
    0,
    0
  ],
  "adv_w": [
    3,
    5,
    0,
    1,
    3,
    0,
    0
  ],
  "clfs": [
    "Nearest Neighbors",
    "RBF SVM",
    "Decision Tree",
    "Random Forest",
    "Neural Net",
    "Naive Bayes",
    "Linear SVM"
  ],
  "mean": [
    0.8081313131313133,
    0.8769696969696972,
    0.7316666666666668,
    0.7629292929292931,
    0.8283838383838384,
    0.6671717171717171,
    0.6957070707070707
  ],
  "parameters": {
    "cv_method": "k20",
    "db": "sonar",
    "repetition": 4
  },
  "std": [
    0.10520501202573662,
    0.09713436311257438,
    0.11914743175393529,
    0.11772135472173224,
    0.09999699274284342,
    0.12525874176406604,
    0.1167455792920453
  ]
}