{
  "adv_t": [
    3,
    4,
    0,
    2,
    3,
    0,
    0
  ],
  "adv_w": [
    4,
    5,
    0,
    2,
    3,
    0,
    0
  ],
  "clfs": [
    "Nearest Neighbors",
    "RBF SVM",
    "Decision Tree",
    "Random Forest",
    "Neural Net",
    "Naive Bayes",
    "Linear SVM"
  ],
  "mean": [
    0.8274891774891776,
    0.8653679653679655,
    0.7036363636363635,
    0.7596320346320347,
    0.8170562770562769,
    0.6677489177489176,
    0.6879220779220779
  ],
  "parameters": {
    "cv_method": "k10",
    "db": "sonar",
    "repetition": 6
  },
  "std": [
    0.10537354395635286,
    0.08052988859376643,
    0.12099211291654155,
    0.0770105447950366,
    0.0899425126094666,
    0.1039901570438506,
    0.06934810318400943
  ]
}