{
  "adv_t": [
    0, 
    0, 
    0, 
    3, 
    4, 
    0, 
    3
  ], 
  "adv_w": [
    0, 
    0, 
    0, 
    4, 
    5, 
    0, 
    4
  ], 
  "clfs": [
    "Decision Tree", 
    "Naive Bayes", 
    "Linear SVM", 
    "Neural Net", 
    "RBF SVM", 
    "Random Forest", 
    "Nearest Neighbors"
  ], 
  "mean": [
    0.6795634920634921, 
    0.6738095238095237, 
    0.7055555555555555, 
    0.8121031746031746, 
    0.8732142857142858, 
    0.7353174603174604, 
    0.8206349206349207
  ], 
  "parameters": {
    "cv_method": "k30", 
    "db": "sonar", 
    "repetition": 1
  }, 
  "std": [
    0.18034209248939934, 
    0.18710063157748985, 
    0.17631118366998538, 
    0.1324061281203914, 
    0.1112617122889612, 
    0.17208195514302074, 
    0.16821888414667832
  ]
}