{
  "adv_t": [
    1, 
    1, 
    0, 
    4, 
    5, 
    1, 
    4
  ], 
  "adv_w": [
    1, 
    1, 
    0, 
    4, 
    6, 
    1, 
    4
  ], 
  "clfs": [
    "Decision Tree", 
    "Naive Bayes", 
    "Linear SVM", 
    "Neural Net", 
    "RBF SVM", 
    "Random Forest", 
    "Nearest Neighbors"
  ], 
  "mean": [
    0.7020619509939899, 
    0.6806287563569116, 
    0.6077484974572352, 
    0.7711326860841423, 
    0.8123439667128988, 
    0.7049006010171059, 
    0.7643735552473416
  ], 
  "parameters": {
    "cv_method": "k2x5", 
    "db": "sonar", 
    "repetition": 1
  }, 
  "std": [
    0.04134897797949553, 
    0.074331033302101, 
    0.07375122385561331, 
    0.04755553314674932, 
    0.05116698404600142, 
    0.06141081721985387, 
    0.032308552068343585
  ]
}