{
  "adv_t": [
    3,
    6,
    0,
    2,
    3,
    0,
    0
  ],
  "adv_w": [
    3,
    6,
    0,
    3,
    3,
    0,
    0
  ],
  "clfs": [
    "Nearest Neighbors",
    "RBF SVM",
    "Decision Tree",
    "Random Forest",
    "Neural Net",
    "Naive Bayes",
    "Linear SVM"
  ],
  "mean": [
    0.8142424242424244,
    0.8666161616161616,
    0.6830808080808082,
    0.7568686868686869,
    0.7994949494949497,
    0.6626262626262627,
    0.6889393939393939
  ],
  "parameters": {
    "cv_method": "k20",
    "db": "sonar",
    "repetition": 1
  },
  "std": [
    0.09747779122765113,
    0.09210418607874968,
    0.1599414409483052,
    0.11688635069931541,
    0.13124788793444303,
    0.1365366024540963,
    0.12981539630408775
  ]
}