{
  "adv_t": [
    0, 
    0, 
    0, 
    1, 
    4, 
    0, 
    1
  ], 
  "adv_w": [
    0, 
    0, 
    0, 
    0, 
    2, 
    0, 
    0
  ], 
  "clfs": [
    "Decision Tree", 
    "Naive Bayes", 
    "Linear SVM", 
    "Neural Net", 
    "RBF SVM", 
    "Random Forest", 
    "Nearest Neighbors"
  ], 
  "mean": [
    0.7313203463203463, 
    0.6813852813852814, 
    0.6624675324675325, 
    0.800909090909091, 
    0.8940259740259741, 
    0.7642207792207792, 
    0.8111255411255411
  ], 
  "parameters": {
    "cv_method": "k10", 
    "db": "sonar", 
    "repetition": 7
  }, 
  "std": [
    0.08043565293564979, 
    0.108259301957551, 
    0.10081362049250085, 
    0.09134864759901205, 
    0.04974026183338626, 
    0.07626962593184206, 
    0.09483380891748278
  ]
}