{
  "adv_t": [
    4,
    5,
    0,
    2,
    4,
    0,
    0
  ],
  "adv_w": [
    4,
    5,
    0,
    1,
    4,
    0,
    0
  ],
  "clfs": [
    "Nearest Neighbors",
    "RBF SVM",
    "Decision Tree",
    "Random Forest",
    "Neural Net",
    "Naive Bayes",
    "Linear SVM"
  ],
  "mean": [
    0.7798705501618122,
    0.8172907998150718,
    0.6702080443828016,
    0.7122607489597781,
    0.7865926953305593,
    0.6703744798890431,
    0.6066111881645863
  ],
  "parameters": {
    "cv_method": "k2x5",
    "db": "sonar",
    "repetition": 9
  },
  "std": [
    0.04277018564279558,
    0.04950377732335824,
    0.052039378393763,
    0.05400803691899285,
    0.05170829937448911,
    0.05670798146697004,
    0.1328104336764433
  ]
}