{
  "adv_t": [
    2,
    5,
    0,
    0,
    2,
    0,
    0
  ],
  "adv_w": [
    3,
    6,
    0,
    0,
    2,
    0,
    0
  ],
  "clfs": [
    "Nearest Neighbors",
    "RBF SVM",
    "Decision Tree",
    "Random Forest",
    "Neural Net",
    "Naive Bayes",
    "Linear SVM"
  ],
  "mean": [
    0.8234848484848485,
    0.8847402597402597,
    0.7549134199134199,
    0.7456060606060607,
    0.793051948051948,
    0.6734199134199134,
    0.6727922077922078
  ],
  "parameters": {
    "cv_method": "k10",
    "db": "sonar",
    "repetition": 8
  },
  "std": [
    0.09430896253667084,
    0.0721439571723243,
    0.1154849322276203,
    0.12383256469998136,
    0.07510447889433833,
    0.1079074607302457,
    0.12896425487497956
  ]
}