{
  "adv_t": [
    0, 
    0, 
    0, 
    2, 
    4, 
    0, 
    3
  ], 
  "adv_w": [
    0, 
    0, 
    0, 
    2, 
    3, 
    0, 
    3
  ], 
  "clfs": [
    "Decision Tree", 
    "Naive Bayes", 
    "Linear SVM", 
    "Neural Net", 
    "RBF SVM", 
    "Random Forest", 
    "Nearest Neighbors"
  ], 
  "mean": [
    0.726010101010101, 
    0.6724242424242425, 
    0.6827272727272728, 
    0.816868686868687, 
    0.8811616161616163, 
    0.7654545454545454, 
    0.8222222222222223
  ], 
  "parameters": {
    "cv_method": "k20", 
    "db": "sonar", 
    "repetition": 0
  }, 
  "std": [
    0.10474533179187796, 
    0.15121824533376307, 
    0.137426460470854, 
    0.11489899282004545, 
    0.11413519199424402, 
    0.10397281835690245, 
    0.10482175642858912
  ]
}