{
  "adv_t": [
    3,
    3,
    0,
    3,
    3,
    0,
    0
  ],
  "adv_w": [
    3,
    4,
    0,
    3,
    3,
    0,
    0
  ],
  "clfs": [
    "Nearest Neighbors",
    "RBF SVM",
    "Decision Tree",
    "Random Forest",
    "Neural Net",
    "Naive Bayes",
    "Linear SVM"
  ],
  "mean": [
    0.8107142857142855,
    0.8700396825396823,
    0.6638888888888885,
    0.7980158730158727,
    0.8091269841269839,
    0.6591269841269839,
    0.6869047619047619
  ],
  "parameters": {
    "cv_method": "k30",
    "db": "sonar",
    "repetition": 4
  },
  "std": [
    0.1301137499541262,
    0.09679156037040973,
    0.1469276186711182,
    0.123973750077025,
    0.14038060444116143,
    0.1859907349748755,
    0.18725858908268347
  ]
}