{
  "adv_t": [
    3,
    6,
    1,
    1,
    3,
    1,
    0
  ],
  "adv_w": [
    4,
    6,
    1,
    1,
    2,
    0,
    0
  ],
  "clfs": [
    "Nearest Neighbors",
    "RBF SVM",
    "Decision Tree",
    "Random Forest",
    "Neural Net",
    "Naive Bayes",
    "Linear SVM"
  ],
  "mean": [
    0.7539528432732316,
    0.8057512713823393,
    0.7020249653259362,
    0.6911974110032363,
    0.746019417475728,
    0.6608691631992604,
    0.571918631530282
  ],
  "parameters": {
    "cv_method": "k2x5",
    "db": "sonar",
    "repetition": 4
  },
  "std": [
    0.04048093618158512,
    0.04862468298693031,
    0.0672908410196541,
    0.050068530865543664,
    0.057414298483886385,
    0.07909830486750206,
    0.1029412284761901
  ]
}