{
  "adv_t": [
    1, 
    0, 
    0, 
    2, 
    6, 
    1, 
    3
  ], 
  "adv_w": [
    1, 
    0, 
    0, 
    2, 
    6, 
    1, 
    3
  ], 
  "clfs": [
    "Decision Tree", 
    "Naive Bayes", 
    "Linear SVM", 
    "Neural Net", 
    "RBF SVM", 
    "Random Forest", 
    "Nearest Neighbors"
  ], 
  "mean": [
    0.7077577438742487, 
    0.6608691631992604, 
    0.5911141932501156, 
    0.746019417475728, 
    0.8008784096162735, 
    0.7057420249653259, 
    0.7539528432732316
  ], 
  "parameters": {
    "cv_method": "k2x5", 
    "db": "sonar", 
    "repetition": 4
  }, 
  "std": [
    0.08019754355128451, 
    0.07909830486750206, 
    0.07908315180032993, 
    0.057414298483886385, 
    0.0559579503792385, 
    0.03868154933942196, 
    0.04048093618158512
  ]
}