{
  "adv_t": [
    3,
    5,
    0,
    0,
    2,
    0,
    0
  ],
  "adv_w": [
    2,
    6,
    0,
    1,
    2,
    0,
    0
  ],
  "clfs": [
    "Nearest Neighbors",
    "RBF SVM",
    "Decision Tree",
    "Random Forest",
    "Neural Net",
    "Naive Bayes",
    "Linear SVM"
  ],
  "mean": [
    0.8259307359307358,
    0.8840259740259742,
    0.7065584415584415,
    0.7684632034632033,
    0.7882683982683982,
    0.677034632034632,
    0.6783116883116883
  ],
  "parameters": {
    "cv_method": "k10",
    "db": "sonar",
    "repetition": 5
  },
  "std": [
    0.08001744217445157,
    0.07040137705626806,
    0.11202051197789585,
    0.08859000896883788,
    0.056397067434940704,
    0.11050764940337472,
    0.11969132889837969
  ]
}