{
  "adv_t": [
    3,
    5,
    1,
    1,
    3,
    1,
    0
  ],
  "adv_w": [
    2,
    5,
    1,
    1,
    2,
    0,
    0
  ],
  "clfs": [
    "Nearest Neighbors",
    "RBF SVM",
    "Decision Tree",
    "Random Forest",
    "Neural Net",
    "Naive Bayes",
    "Linear SVM"
  ],
  "mean": [
    0.7643735552473416,
    0.8142857142857143,
    0.6905224225612575,
    0.7183818770226538,
    0.7711326860841423,
    0.6806287563569116,
    0.5617383263985206
  ],
  "parameters": {
    "cv_method": "k2x5",
    "db": "sonar",
    "repetition": 1
  },
  "std": [
    0.032308552068343585,
    0.040991388536258715,
    0.0350435816336385,
    0.05300745151893429,
    0.04755553314674932,
    0.074331033302101,
    0.10593157784803982
  ]
}