{
  "adv_t": [
    1, 
    1, 
    0, 
    5, 
    6, 
    3, 
    3
  ], 
  "adv_w": [
    1, 
    1, 
    0, 
    5, 
    6, 
    2, 
    3
  ], 
  "clfs": [
    "Decision Tree", 
    "Naive Bayes", 
    "Linear SVM", 
    "Neural Net", 
    "RBF SVM", 
    "Random Forest", 
    "Nearest Neighbors"
  ], 
  "mean": [
    0.6885251964863616, 
    0.6826259824318076, 
    0.5681091077207582, 
    0.7769024503005085, 
    0.8098196948682386, 
    0.7229588534442903, 
    0.7404900601017106
  ], 
  "parameters": {
    "cv_method": "k2x5", 
    "db": "sonar", 
    "repetition": 2
  }, 
  "std": [
    0.02910672599748877, 
    0.05095351335530984, 
    0.06306240861795491, 
    0.034038197635478024, 
    0.039478454263081234, 
    0.033652633624490086, 
    0.03406694250871305
  ]
}