{
  "adv_t": [
    0, 
    0, 
    0, 
    3, 
    4, 
    0, 
    3
  ], 
  "adv_w": [
    0, 
    0, 
    0, 
    3, 
    3, 
    2, 
    3
  ], 
  "clfs": [
    "Decision Tree", 
    "Naive Bayes", 
    "Linear SVM", 
    "Neural Net", 
    "RBF SVM", 
    "Random Forest", 
    "Nearest Neighbors"
  ], 
  "mean": [
    0.6875, 
    0.6748015873015871, 
    0.6892857142857142, 
    0.8226190476190477, 
    0.8755952380952381, 
    0.7775793650793649, 
    0.8180555555555554
  ], 
  "parameters": {
    "cv_method": "k30", 
    "db": "sonar", 
    "repetition": 0
  }, 
  "std": [
    0.16355700634105083, 
    0.19783533264235925, 
    0.1499700233293702, 
    0.13141246242392318, 
    0.1173248707776606, 
    0.1401240623429793, 
    0.12486488253384975
  ]
}