{
  "adv_t": [
    3,
    5,
    0,
    1,
    3,
    0,
    0
  ],
  "adv_w": [
    4,
    5,
    0,
    2,
    3,
    0,
    0
  ],
  "clfs": [
    "Nearest Neighbors",
    "RBF SVM",
    "Decision Tree",
    "Random Forest",
    "Neural Net",
    "Naive Bayes",
    "Linear SVM"
  ],
  "mean": [
    0.8317965367965368,
    0.8803679653679654,
    0.7206277056277056,
    0.7639393939393938,
    0.8131818181818181,
    0.6740909090909091,
    0.6750216450216451
  ],
  "parameters": {
    "cv_method": "k10",
    "db": "sonar",
    "repetition": 2
  },
  "std": [
    0.08126599603609047,
    0.07413953032375284,
    0.11918030342513604,
    0.09922653343140646,
    0.07601772483923372,
    0.08917247180438452,
    0.14563999893206317
  ]
}