{
  "adv_t": [
    1, 
    1, 
    0, 
    5, 
    5, 
    3, 
    3
  ], 
  "adv_w": [
    1, 
    1, 
    0, 
    5, 
    6, 
    3, 
    3
  ], 
  "clfs": [
    "Decision Tree", 
    "Naive Bayes", 
    "Linear SVM", 
    "Neural Net", 
    "RBF SVM", 
    "Random Forest", 
    "Nearest Neighbors"
  ], 
  "mean": [
    0.6912343966712899, 
    0.6827369394359686, 
    0.5798705501618123, 
    0.7817198335644938, 
    0.8038465094775773, 
    0.7325936199722607, 
    0.737595931576514
  ], 
  "parameters": {
    "cv_method": "k2x5", 
    "db": "sonar", 
    "repetition": 8
  }, 
  "std": [
    0.03385569553264952, 
    0.033349877734892786, 
    0.14239127316605155, 
    0.03316963142652431, 
    0.03086100705523066, 
    0.038136410778196767, 
    0.03161777261625449
  ]
}