{
  "adv_t": [
    0, 
    0, 
    0, 
    2, 
    4, 
    0, 
    2
  ], 
  "adv_w": [
    0, 
    0, 
    0, 
    1, 
    2, 
    0, 
    1
  ], 
  "clfs": [
    "Decision Tree", 
    "Naive Bayes", 
    "Linear SVM", 
    "Neural Net", 
    "RBF SVM", 
    "Random Forest", 
    "Nearest Neighbors"
  ], 
  "mean": [
    0.6736363636363636, 
    0.6786580086580087, 
    0.7115800865800865, 
    0.8180086580086581, 
    0.8699783549783549, 
    0.7507792207792208, 
    0.823008658008658
  ], 
  "parameters": {
    "cv_method": "k10", 
    "db": "sonar", 
    "repetition": 5
  }, 
  "std": [
    0.12851824839539255, 
    0.10396778832136042, 
    0.10775024488851609, 
    0.09143266394050165, 
    0.0604631423178762, 
    0.113544281159725, 
    0.061830721758076974
  ]
}