{
  "adv_t": [
    4,
    4,
    0,
    0,
    3,
    0,
    0
  ],
  "adv_w": [
    4,
    4,
    0,
    0,
    3,
    0,
    0
  ],
  "clfs": [
    "Nearest Neighbors",
    "RBF SVM",
    "Decision Tree",
    "Random Forest",
    "Neural Net",
    "Naive Bayes",
    "Linear SVM"
  ],
  "mean": [
    0.8173232323232325,
    0.8611111111111113,
    0.6932323232323231,
    0.7147474747474749,
    0.7996464646464647,
    0.6871717171717172,
    0.6740909090909091
  ],
  "parameters": {
    "cv_method": "k20",
    "db": "sonar",
    "repetition": 8
  },
  "std": [
    0.11974177991508483,
    0.11212025422142552,
    0.1569758821171821,
    0.14667857298520795,
    0.12248633595843625,
    0.1081153834802268,
    0.12074661409988655
  ]
}