{
  "adv_t": [
    0, 
    0, 
    0, 
    1, 
    2, 
    0, 
    1
  ], 
  "adv_w": [
    0, 
    0, 
    0, 
    1, 
    1, 
    0, 
    0
  ], 
  "clfs": [
    "Decision Tree", 
    "Naive Bayes", 
    "Linear SVM", 
    "Neural Net", 
    "RBF SVM", 
    "Random Forest", 
    "Nearest Neighbors"
  ], 
  "mean": [
    0.7346103896103897, 
    0.6811255411255411, 
    0.6933549783549784, 
    0.8111471861471861, 
    0.8562770562770563, 
    0.7625324675324675, 
    0.817987012987013
  ], 
  "parameters": {
    "cv_method": "k10", 
    "db": "sonar", 
    "repetition": 9
  }, 
  "std": [
    0.14218150496879242, 
    0.08951389357304972, 
    0.11532895306211607, 
    0.06199175597954964, 
    0.09371463970935177, 
    0.09278243720097543, 
    0.08075565514919315
  ]
}