{
  "adv_t": [
    3,
    4,
    0,
    0,
    3,
    0,
    0
  ],
  "adv_w": [
    3,
    6,
    0,
    1,
    3,
    0,
    0
  ],
  "clfs": [
    "Nearest Neighbors",
    "RBF SVM",
    "Decision Tree",
    "Random Forest",
    "Neural Net",
    "Naive Bayes",
    "Linear SVM"
  ],
  "mean": [
    0.8176587301587301,
    0.8640873015873016,
    0.6712301587301586,
    0.7470238095238094,
    0.7940476190476191,
    0.6791666666666667,
    0.6835317460317458
  ],
  "parameters": {
    "cv_method": "k30",
    "db": "sonar",
    "repetition": 0
  },
  "std": [
    0.15501024767343716,
    0.12450625111028803,
    0.16651766836606946,
    0.22162750170341852,
    0.15675114137431934,
    0.1911315567653736,
    0.15777262327225225
  ]
}