{
  "adv_t": [
    2,
    3,
    0,
    0,
    2,
    0,
    0
  ],
  "adv_w": [
    2,
    3,
    0,
    1,
    3,
    0,
    0
  ],
  "clfs": [
    "Nearest Neighbors",
    "RBF SVM",
    "Decision Tree",
    "Random Forest",
    "Neural Net",
    "Naive Bayes",
    "Linear SVM"
  ],
  "mean": [
    0.817878787878788,
    0.8584848484848487,
    0.7217171717171718,
    0.7639898989898991,
    0.813838383838384,
    0.6787878787878788,
    0.6690909090909092
  ],
  "parameters": {
    "cv_method": "k20",
    "db": "sonar",
    "repetition": 6
  },
  "std": [
    0.12060858961672093,
    0.11492506904436836,
    0.12910069274773786,
    0.12079241309165091,
    0.13879092770710488,
    0.1480551235981684,
    0.11298663567404764
  ]
}