{
  "adv_t": [
    0, 
    0, 
    0, 
    1, 
    5, 
    0, 
    3
  ], 
  "adv_w": [
    0, 
    0, 
    0, 
    2, 
    6, 
    0, 
    2
  ], 
  "clfs": [
    "Decision Tree", 
    "Naive Bayes", 
    "Linear SVM", 
    "Neural Net", 
    "RBF SVM", 
    "Random Forest", 
    "Nearest Neighbors"
  ], 
  "mean": [
    0.7215584415584415, 
    0.6932467532467532, 
    0.682012987012987, 
    0.7735281385281385, 
    0.860909090909091, 
    0.73991341991342, 
    0.7925757575757575
  ], 
  "parameters": {
    "cv_method": "k10", 
    "db": "sonar", 
    "repetition": 8
  }, 
  "std": [
    0.07210952684716164, 
    0.12207092007933404, 
    0.07233766737506994, 
    0.10178603488826792, 
    0.07963846394605775, 
    0.0693324428039965, 
    0.07230100014838155
  ]
}