{
  "adv_t": [
    3,
    4,
    0,
    0,
    1,
    0,
    0
  ],
  "adv_w": [
    2,
    4,
    0,
    0,
    0,
    0,
    0
  ],
  "clfs": [
    "Nearest Neighbors",
    "RBF SVM",
    "Decision Tree",
    "Random Forest",
    "Neural Net",
    "Naive Bayes",
    "Linear SVM"
  ],
  "mean": [
    0.8137229437229436,
    0.8763419913419913,
    0.6927056277056276,
    0.7112554112554113,
    0.7995670995670995,
    0.677943722943723,
    0.7167099567099567
  ],
  "parameters": {
    "cv_method": "k10",
    "db": "sonar",
    "repetition": 9
  },
  "std": [
    0.09035120512332069,
    0.0772028731570499,
    0.08837527125189816,
    0.06502551020357109,
    0.08855415459696822,
    0.06440398909457183,
    0.08026771243380411
  ]
}