{
  "adv_t": [
    0, 
    0, 
    0, 
    3, 
    4, 
    0, 
    3
  ], 
  "adv_w": [
    0, 
    0, 
    0, 
    3, 
    4, 
    0, 
    3
  ], 
  "clfs": [
    "Decision Tree", 
    "Naive Bayes", 
    "Linear SVM", 
    "Neural Net", 
    "RBF SVM", 
    "Random Forest", 
    "Nearest Neighbors"
  ], 
  "mean": [
    0.6751984126984126, 
    0.6813492063492064, 
    0.6795634920634919, 
    0.8390873015873015, 
    0.8720238095238094, 
    0.7458333333333332, 
    0.8196428571428572
  ], 
  "parameters": {
    "cv_method": "k30", 
    "db": "sonar", 
    "repetition": 4
  }, 
  "std": [
    0.1482104800763501, 
    0.15242114275683136, 
    0.199407570093535, 
    0.11803223932978275, 
    0.13235136806022896, 
    0.2050387515366662, 
    0.14954375514108498
  ]
}