{
  "adv_t": [
    2,
    4,
    0,
    0,
    2,
    0,
    0
  ],
  "adv_w": [
    1,
    4,
    0,
    0,
    1,
    0,
    0
  ],
  "clfs": [
    "Nearest Neighbors",
    "RBF SVM",
    "Decision Tree",
    "Random Forest",
    "Neural Net",
    "Naive Bayes",
    "Linear SVM"
  ],
  "mean": [
    0.7984415584415585,
    0.884004329004329,
    0.6790909090909092,
    0.7496536796536797,
    0.817987012987013,
    0.6943073593073592,
    0.6588311688311689
  ],
  "parameters": {
    "cv_method": "k10",
    "db": "sonar",
    "repetition": 0
  },
  "std": [
    0.0830597948086084,
    0.048355670568710624,
    0.06858586010384872,
    0.06389704242673504,
    0.08557268963409617,
    0.10864909972311868,
    0.09500445783504578
  ]
}