{
  "adv_t": [
    3,
    4,
    0,
    0,
    4,
    0,
    0
  ],
  "adv_w": [
    3,
    5,
    0,
    0,
    4,
    0,
    0
  ],
  "clfs": [
    "Nearest Neighbors",
    "RBF SVM",
    "Decision Tree",
    "Random Forest",
    "Neural Net",
    "Naive Bayes",
    "Linear SVM"
  ],
  "mean": [
    0.8198412698412697,
    0.8845238095238094,
    0.6815476190476191,
    0.7450396825396826,
    0.8263888888888887,
    0.6888888888888889,
    0.6845238095238098
  ],
  "parameters": {
    "cv_method": "k30",
    "db": "sonar",
    "repetition": 6
  },
  "std": [
    0.1509973273739787,
    0.12114934572269012,
    0.18615368160157686,
    0.16173415481504616,
    0.13604160802999063,
    0.164904872306326,
    0.19258758960542838
  ]
}