{
  "adv_t": [
    3,
    4,
    0,
    0,
    3,
    0,
    0
  ],
  "adv_w": [
    1,
    3,
    0,
    0,
    3,
    0,
    0
  ],
  "clfs": [
    "Nearest Neighbors",
    "RBF SVM",
    "Decision Tree",
    "Random Forest",
    "Neural Net",
    "Naive Bayes",
    "Linear SVM"
  ],
  "mean": [
    0.817828282828283,
    0.8711111111111112,
    0.6585353535353535,
    0.7254040404040405,
    0.833030303030303,
    0.6872727272727274,
    0.6637878787878788
  ],
  "parameters": {
    "cv_method": "k20",
    "db": "sonar",
    "repetition": 5
  },
  "std": [
    0.1583461975447076,
    0.13112504421084312,
    0.13774478262457643,
    0.1638355306338096,
    0.12776169121652814,
    0.12115203188937808,
    0.14991366100926182
  ]
}