{
  "adv_t": [
    2,
    6,
    1,
    2,
    5,
    1,
    0
  ],
  "adv_w": [
    2,
    6,
    1,
    2,
    5,
    1,
    0
  ],
  "clfs": [
    "Nearest Neighbors",
    "RBF SVM",
    "Decision Tree",
    "Random Forest",
    "Neural Net",
    "Naive Bayes",
    "Linear SVM"
  ],
  "mean": [
    0.7422653721682848,
    0.8182801664355062,
    0.7096625057790106,
    0.7210355987055016,
    0.7843920480813684,
    0.6855570966250578,
    0.5251872399445215
  ],
  "parameters": {
    "cv_method": "k2x5",
    "db": "sonar",
    "repetition": 0
  },
  "std": [
    0.05864485594453248,
    0.03180716829868065,
    0.057109316153644916,
    0.045789819669864146,
    0.029095157122839964,
    0.030117909470198677,
    0.14883093289167992
  ]
}