{
  "adv_t": [
    0, 
    0, 
    0, 
    2, 
    3, 
    1, 
    2
  ], 
  "adv_w": [
    0, 
    0, 
    0, 
    3, 
    3, 
    0, 
    1
  ], 
  "clfs": [
    "Decision Tree", 
    "Naive Bayes", 
    "Linear SVM", 
    "Neural Net", 
    "RBF SVM", 
    "Random Forest", 
    "Nearest Neighbors"
  ], 
  "mean": [
    0.7064141414141415, 
    0.6631818181818183, 
    0.6771717171717173, 
    0.794848484848485, 
    0.8600505050505053, 
    0.7706565656565658, 
    0.8101010101010104
  ], 
  "parameters": {
    "cv_method": "k20", 
    "db": "sonar", 
    "repetition": 7
  }, 
  "std": [
    0.13693964430467445, 
    0.14493989932061646, 
    0.14778081019366626, 
    0.10093665591442871, 
    0.11335915150829246, 
    0.10023223882370257, 
    0.13101589882799727
  ]
}