{
  "adv_t": [
    4,
    4,
    0,
    0,
    1,
    0,
    0
  ],
  "adv_w": [
    4,
    5,
    0,
    0,
    1,
    0,
    0
  ],
  "clfs": [
    "Nearest Neighbors",
    "RBF SVM",
    "Decision Tree",
    "Random Forest",
    "Neural Net",
    "Naive Bayes",
    "Linear SVM"
  ],
  "mean": [
    0.8267965367965369,
    0.8780519480519482,
    0.7210173160173161,
    0.7546320346320345,
    0.7961038961038961,
    0.6956277056277056,
    0.6767316017316017
  ],
  "parameters": {
    "cv_method": "k10",
    "db": "sonar",
    "repetition": 7
  },
  "std": [
    0.06468404262391582,
    0.08668915688790803,
    0.062452499810382416,
    0.08114770929286212,
    0.12067025691239017,
    0.15270312808486713,
    0.0979581319672996
  ]
}