{
  "adv_t": [
    2,
    3,
    0,
    1,
    2,
    0,
    0
  ],
  "adv_w": [
    2,
    2,
    0,
    0,
    2,
    0,
    0
  ],
  "clfs": [
    "Nearest Neighbors",
    "RBF SVM",
    "Decision Tree",
    "Random Forest",
    "Neural Net",
    "Naive Bayes",
    "Linear SVM"
  ],
  "mean": [
    0.8416017316017317,
    0.87495670995671,
    0.7389393939393939,
    0.7794155844155843,
    0.8413419913419913,
    0.6770129870129871,
    0.677034632034632
  ],
  "parameters": {
    "cv_method": "k10",
    "db": "sonar",
    "repetition": 4
  },
  "std": [
    0.06351876979984104,
    0.06852684941649323,
    0.09378290796631925,
    0.08032266659437008,
    0.06440492264892472,
    0.08211545487358099,
    0.07109125315977871
  ]
}