{
  "adv_t": [
    2,
    4,
    0,
    0,
    1,
    0,
    0
  ],
  "adv_w": [
    2,
    4,
    1,
    0,
    2,
    0,
    0
  ],
  "clfs": [
    "Nearest Neighbors",
    "RBF SVM",
    "Decision Tree",
    "Random Forest",
    "Neural Net",
    "Naive Bayes",
    "Linear SVM"
  ],
  "mean": [
    0.8119696969696969,
    0.8677777777777779,
    0.7467676767676769,
    0.740959595959596,
    0.7932323232323234,
    0.6661616161616162,
    0.7065656565656566
  ],
  "parameters": {
    "cv_method": "k20",
    "db": "sonar",
    "repetition": 2
  },
  "std": [
    0.14367796660981677,
    0.0967833913803843,
    0.12413371626775167,
    0.13329284058011504,
    0.1498455233936373,
    0.13638371876459235,
    0.15360546400019479
  ]
}