{
  "adv_t": [
    0, 
    0, 
    0, 
    3, 
    4, 
    0, 
    4
  ], 
  "adv_w": [
    0, 
    0, 
    0, 
    3, 
    4, 
    1, 
    3
  ], 
  "clfs": [
    "Decision Tree", 
    "Naive Bayes", 
    "Linear SVM", 
    "Neural Net", 
    "RBF SVM", 
    "Random Forest", 
    "Nearest Neighbors"
  ], 
  "mean": [
    0.6651010101010101, 
    0.6684343434343434, 
    0.6794444444444445, 
    0.8036868686868688, 
    0.8594949494949496, 
    0.7378282828282828, 
    0.8157575757575758
  ], 
  "parameters": {
    "cv_method": "k20", 
    "db": "sonar", 
    "repetition": 3
  }, 
  "std": [
    0.13105912332104322, 
    0.12962223605014148, 
    0.17072524432263358, 
    0.13791613338479872, 
    0.0969236666401076, 
    0.14969578410244655, 
    0.09373904653038195
  ]
}