{
  "adv_t": [
    3,
    5,
    0,
    1,
    3,
    0,
    0
  ],
  "adv_w": [
    3,
    6,
    0,
    1,
    3,
    0,
    0
  ],
  "clfs": [
    "Nearest Neighbors",
    "RBF SVM",
    "Decision Tree",
    "Random Forest",
    "Neural Net",
    "Naive Bayes",
    "Linear SVM"
  ],
  "mean": [
    0.8204365079365079,
    0.8851190476190476,
    0.7261904761904762,
    0.7680555555555556,
    0.8285714285714285,
    0.6771825396825394,
    0.6984126984126984
  ],
  "parameters": {
    "cv_method": "k30",
    "db": "sonar",
    "repetition": 3
  },
  "std": [
    0.14219780911879376,
    0.11179848130559672,
    0.14686329929869357,
    0.19883940842353454,
    0.17696596302166018,
    0.14728432950248432,
    0.15240992044714485
  ]
}