{
  "adv_t": [
    4,
    6,
    2,
    2,
    4,
    1,
    0
  ],
  "adv_w": [
    4,
    6,
    2,
    2,
    4,
    1,
    0
  ],
  "clfs": [
    "Nearest Neighbors",
    "RBF SVM",
    "Decision Tree",
    "Random Forest",
    "Neural Net",
    "Naive Bayes",
    "Linear SVM"
  ],
  "mean": [
    0.7680906148867314,
    0.8211003236245954,
    0.7258899676375404,
    0.7337124364308829,
    0.7942302357836339,
    0.67500693481276,
    0.5900693481276005
  ],
  "parameters": {
    "cv_method": "k2x5",
    "db": "sonar",
    "repetition": 7
  },
  "std": [
    0.04376751228661855,
    0.03707257985855778,
    0.038736939283924,
    0.03867276256344804,
    0.022340222883256745,
    0.047106495395349335,
    0.10796527660070225
  ]
}