{
  "adv_t": [
    3,
    6,
    1,
    2,
    4,
    1,
    0
  ],
  "adv_w": [
    3,
    6,
    2,
    2,
    3,
    1,
    0
  ],
  "clfs": [
    "Nearest Neighbors",
    "RBF SVM",
    "Decision Tree",
    "Random Forest",
    "Neural Net",
    "Naive Bayes",
    "Linear SVM"
  ],
  "mean": [
    0.7547018030513175,
    0.8269625520110957,
    0.7031067961165048,
    0.7271752196024039,
    0.7681830790568654,
    0.6771521035598707,
    0.5369764216366157
  ],
  "parameters": {
    "cv_method": "k2x5",
    "db": "sonar",
    "repetition": 3
  },
  "std": [
    0.05138289851084266,
    0.02839993999463003,
    0.05187476089963091,
    0.05423162093299029,
    0.03099315522497258,
    0.05378588135817381,
    0.13742197936206504
  ]
}