{
  "adv_t": [
    0, 
    0, 
    0, 
    3, 
    4, 
    3, 
    3
  ], 
  "adv_w": [
    0, 
    0, 
    0, 
    3, 
    5, 
    3, 
    3
  ], 
  "clfs": [
    "Decision Tree", 
    "Naive Bayes", 
    "Linear SVM", 
    "Neural Net", 
    "RBF SVM", 
    "Random Forest", 
    "Nearest Neighbors"
  ], 
  "mean": [
    0.6682828282828284, 
    0.6752020202020202, 
    0.6666161616161616, 
    0.8212121212121213, 
    0.862929292929293, 
    0.7584848484848485, 
    0.8191919191919194
  ], 
  "parameters": {
    "cv_method": "k20", 
    "db": "sonar", 
    "repetition": 1
  }, 
  "std": [
    0.14039711754185677, 
    0.10954896009944322, 
    0.12743358146537048, 
    0.1280530159674982, 
    0.12238538149379184, 
    0.15446287314223228, 
    0.11411530001948793
  ]
}