{
  "adv_t": [
    3,
    4,
    0,
    0,
    3,
    0,
    0
  ],
  "adv_w": [
    3,
    4,
    0,
    0,
    3,
    0,
    0
  ],
  "clfs": [
    "Nearest Neighbors",
    "RBF SVM",
    "Decision Tree",
    "Random Forest",
    "Neural Net",
    "Naive Bayes",
    "Linear SVM"
  ],
  "mean": [
    0.8077380952380951,
    0.8694444444444446,
    0.6650793650793649,
    0.7424603174603174,
    0.8355158730158728,
    0.6700396825396826,
    0.6797619047619047
  ],
  "parameters": {
    "cv_method": "k30",
    "db": "sonar",
    "repetition": 5
  },
  "std": [
    0.15666967059073314,
    0.14774192848046122,
    0.15598021578561563,
    0.13050316042939386,
    0.14462071104740482,
    0.20275901212123001,
    0.18391299401037786
  ]
}