{
  "adv_t": [
    0, 
    0, 
    0, 
    3, 
    4, 
    3, 
    3
  ], 
  "adv_w": [
    0, 
    0, 
    0, 
    3, 
    5, 
    3, 
    3
  ], 
  "clfs": [
    "Decision Tree", 
    "Naive Bayes", 
    "Linear SVM", 
    "Neural Net", 
    "RBF SVM", 
    "Random Forest", 
    "Nearest Neighbors"
  ], 
  "mean": [
    0.6841919191919191, 
    0.6812626262626262, 
    0.7045454545454545, 
    0.8298484848484851, 
    0.8724747474747477, 
    0.7841414141414143, 
    0.8283838383838384
  ], 
  "parameters": {
    "cv_method": "k20", 
    "db": "sonar", 
    "repetition": 4
  }, 
  "std": [
    0.1193284771752464, 
    0.1525822690942657, 
    0.12718894654332843, 
    0.12846478323924465, 
    0.11515192320175424, 
    0.11665042889364174, 
    0.11793546573373548
  ]
}