{
  "adv_t": [
    1, 
    1, 
    0, 
    4, 
    6, 
    2, 
    3
  ], 
  "adv_w": [
    2, 
    1, 
    0, 
    4, 
    6, 
    2, 
    3
  ], 
  "clfs": [
    "Decision Tree", 
    "Naive Bayes", 
    "Linear SVM", 
    "Neural Net", 
    "RBF SVM", 
    "Random Forest", 
    "Nearest Neighbors"
  ], 
  "mean": [
    0.7118446601941748, 
    0.6771521035598707, 
    0.51582061950994, 
    0.7681830790568654, 
    0.825039297272307, 
    0.7281645862228386, 
    0.7547018030513175
  ], 
  "parameters": {
    "cv_method": "k2x5", 
    "db": "sonar", 
    "repetition": 3
  }, 
  "std": [
    0.05329714760375089, 
    0.05378588135817381, 
    0.1360813983978404, 
    0.03099315522497258, 
    0.033076099337236084, 
    0.04382239062015897, 
    0.05138289851084266
  ]
}