{
  "adv_t": [
    0, 
    0, 
    0, 
    3, 
    4, 
    0, 
    3
  ], 
  "adv_w": [
    0, 
    0, 
    0, 
    3, 
    5, 
    1, 
    3
  ], 
  "clfs": [
    "Decision Tree", 
    "Naive Bayes", 
    "Linear SVM", 
    "Neural Net", 
    "RBF SVM", 
    "Random Forest", 
    "Nearest Neighbors"
  ], 
  "mean": [
    0.706010101010101, 
    0.6954040404040404, 
    0.6909090909090909, 
    0.8302525252525254, 
    0.8771717171717173, 
    0.7614141414141413, 
    0.8202525252525256
  ], 
  "parameters": {
    "cv_method": "k20", 
    "db": "sonar", 
    "repetition": 6
  }, 
  "std": [
    0.15999233243271177, 
    0.11900275810575174, 
    0.16933329806878022, 
    0.10802364251105472, 
    0.09635325950523912, 
    0.14416910888045978, 
    0.10814884303035252
  ]
}