{
  "adv_t": [
    4,
    5,
    0,
    0,
    4,
    0,
    0
  ],
  "adv_w": [
    4,
    6,
    0,
    0,
    4,
    0,
    0
  ],
  "clfs": [
    "Nearest Neighbors",
    "RBF SVM",
    "Decision Tree",
    "Random Forest",
    "Neural Net",
    "Naive Bayes",
    "Linear SVM"
  ],
  "mean": [
    0.8240079365079365,
    0.8765873015873015,
    0.7277777777777777,
    0.7206349206349206,
    0.8184523809523809,
    0.6785714285714284,
    0.6797619047619047
  ],
  "parameters": {
    "cv_method": "k30",
    "db": "sonar",
    "repetition": 9
  },
  "std": [
    0.14140168652115018,
    0.10844552615117664,
    0.14430314067397074,
    0.13111958773262627,
    0.13349112101011446,
    0.15450116977866543,
    0.1368503140104443
  ]
}