{
  "adv_t": [
    0, 
    0, 
    0, 
    4, 
    4, 
    0, 
    4
  ], 
  "adv_w": [
    0, 
    0, 
    0, 
    4, 
    5, 
    0, 
    4
  ], 
  "clfs": [
    "Decision Tree", 
    "Naive Bayes", 
    "Linear SVM", 
    "Neural Net", 
    "RBF SVM", 
    "Random Forest", 
    "Nearest Neighbors"
  ], 
  "mean": [
    0.7244949494949495, 
    0.6936363636363636, 
    0.7062626262626265, 
    0.8114646464646466, 
    0.8669191919191921, 
    0.7407575757575758, 
    0.8189898989898993
  ], 
  "parameters": {
    "cv_method": "k20", 
    "db": "sonar", 
    "repetition": 2
  }, 
  "std": [
    0.1377390906535493, 
    0.1278574872259034, 
    0.11414945891020647, 
    0.12157719035913961, 
    0.1292824935149134, 
    0.11083832688643758, 
    0.12540489094830035
  ]
}