{
  "adv_t": [
    0, 
    0, 
    0, 
    3, 
    5, 
    0, 
    3
  ], 
  "adv_w": [
    0, 
    0, 
    0, 
    3, 
    6, 
    2, 
    4
  ], 
  "clfs": [
    "Decision Tree", 
    "Naive Bayes", 
    "Linear SVM", 
    "Neural Net", 
    "RBF SVM", 
    "Random Forest", 
    "Nearest Neighbors"
  ], 
  "mean": [
    0.688095238095238, 
    0.6761904761904761, 
    0.6857142857142856, 
    0.8146825396825396, 
    0.8726190476190474, 
    0.7434523809523809, 
    0.8126984126984126
  ], 
  "parameters": {
    "cv_method": "k30", 
    "db": "sonar", 
    "repetition": 7
  }, 
  "std": [
    0.1596089521087216, 
    0.16256686312744764, 
    0.15325781677210304, 
    0.13915507372246969, 
    0.11630250460758236, 
    0.19278636774278923, 
    0.16808810152139858
  ]
}