{
  "adv_t": [
    0, 
    0, 
    0, 
    4, 
    5, 
    0, 
    1
  ], 
  "adv_w": [
    0, 
    0, 
    0, 
    4, 
    5, 
    0, 
    2
  ], 
  "clfs": [
    "Decision Tree", 
    "Naive Bayes", 
    "Linear SVM", 
    "Neural Net", 
    "RBF SVM", 
    "Random Forest", 
    "Nearest Neighbors"
  ], 
  "mean": [
    0.7077392510402218, 
    0.6855570966250578, 
    0.5967175219602404, 
    0.7824503005085528, 
    0.8134997688395746, 
    0.7085067036523347, 
    0.7422653721682848
  ], 
  "parameters": {
    "cv_method": "k2x5", 
    "db": "sonar", 
    "repetition": 0
  }, 
  "std": [
    0.03747393837311267, 
    0.030117909470198677, 
    0.14010273152163144, 
    0.03097289930217181, 
    0.03094307923671876, 
    0.034680165898568815, 
    0.05864485594453248
  ]
}