{
  "adv_t": [
    3,
    4,
    0,
    0,
    3,
    0,
    0
  ],
  "adv_w": [
    1,
    4,
    0,
    0,
    3,
    0,
    0
  ],
  "clfs": [
    "Nearest Neighbors",
    "RBF SVM",
    "Decision Tree",
    "Random Forest",
    "Neural Net",
    "Naive Bayes",
    "Linear SVM"
  ],
  "mean": [
    0.8158585858585861,
    0.8776262626262626,
    0.7230303030303034,
    0.7441919191919193,
    0.8277777777777778,
    0.6912121212121213,
    0.6802020202020203
  ],
  "parameters": {
    "cv_method": "k20",
    "db": "sonar",
    "repetition": 9
  },
  "std": [
    0.09987942402877782,
    0.09553658969286419,
    0.07903938917706424,
    0.12075310705241529,
    0.09733257681944482,
    0.1689745959991737,
    0.11134015346953774
  ]
}