{
  "adv_t": [
    0, 
    0, 
    0, 
    1, 
    3, 
    0, 
    2
  ], 
  "adv_w": [
    0, 
    0, 
    0, 
    3, 
    4, 
    2, 
    3
  ], 
  "clfs": [
    "Decision Tree", 
    "Naive Bayes", 
    "Linear SVM", 
    "Neural Net", 
    "RBF SVM", 
    "Random Forest", 
    "Nearest Neighbors"
  ], 
  "mean": [
    0.7279437229437229, 
    0.6832251082251083, 
    0.6975108225108224, 
    0.813982683982684, 
    0.8613419913419913, 
    0.7692424242424243, 
    0.808939393939394
  ], 
  "parameters": {
    "cv_method": "k10", 
    "db": "sonar", 
    "repetition": 3
  }, 
  "std": [
    0.11181717763438753, 
    0.10085812366144976, 
    0.15256911134725287, 
    0.1252044381395124, 
    0.07138739758101545, 
    0.12236518018063766, 
    0.05620504976391651
  ]
}