{
  "adv_t": [
    0, 
    0, 
    0, 
    0, 
    6, 
    0, 
    1
  ], 
  "adv_w": [
    1, 
    0, 
    0, 
    0, 
    5, 
    0, 
    1
  ], 
  "clfs": [
    "Decision Tree", 
    "Naive Bayes", 
    "Linear SVM", 
    "Neural Net", 
    "RBF SVM", 
    "Random Forest", 
    "Nearest Neighbors"
  ], 
  "mean": [
    0.7310606060606061, 
    0.663874458874459, 
    0.7043939393939394, 
    0.7591774891774892, 
    0.8683333333333334, 
    0.735108225108225, 
    0.7934632034632034
  ], 
  "parameters": {
    "cv_method": "k10", 
    "db": "sonar", 
    "repetition": 1
  }, 
  "std": [
    0.08450188913386875, 
    0.1056695606403574, 
    0.16028238966310504, 
    0.10438104318690948, 
    0.09147354768966677, 
    0.08928103096729455, 
    0.05448995856003377
  ]
}