{
  "adv_t": [
    1, 
    1, 
    0, 
    3, 
    4, 
    1, 
    3
  ], 
  "adv_w": [
    0, 
    0, 
    0, 
    3, 
    4, 
    1, 
    3
  ], 
  "clfs": [
    "Decision Tree", 
    "Naive Bayes", 
    "Linear SVM", 
    "Neural Net", 
    "RBF SVM", 
    "Random Forest", 
    "Nearest Neighbors"
  ], 
  "mean": [
    0.6701155802126676, 
    0.6703744798890431, 
    0.4911604253351826, 
    0.7865926953305593, 
    0.8153120665742024, 
    0.719001386962552, 
    0.7798705501618122
  ], 
  "parameters": {
    "cv_method": "k2x5", 
    "db": "sonar", 
    "repetition": 9
  }, 
  "std": [
    0.05309005773040559, 
    0.05670798146697004, 
    0.1700701147366625, 
    0.05170829937448911, 
    0.042937574825501326, 
    0.05613713253632077, 
    0.04277018564279558
  ]
}