{
  "adv_t": [
    4,
    6,
    0,
    0,
    4,
    0,
    0
  ],
  "adv_w": [
    4,
    6,
    1,
    0,
    4,
    0,
    0
  ],
  "clfs": [
    "Nearest Neighbors",
    "RBF SVM",
    "Decision Tree",
    "Random Forest",
    "Neural Net",
    "Naive Bayes",
    "Linear SVM"
  ],
  "mean": [
    0.7769024503005085,
    0.8375866851595004,
    0.7160887656033288,
    0.7240036985668054,
    0.7750531668978271,
    0.6980120203421174,
    0.6382061950993989
  ],
  "parameters": {
    "cv_method": "k2x5",
    "db": "sonar",
    "repetition": 5
  },
  "std": [
    0.036616869870178675,
    0.026861659248153116,
    0.03627498881693402,
    0.04850727609096422,
    0.03372101787569516,
    0.050089566728701455,
    0.12128330006877149
  ]
}