{
  "adv_t": [
    0, 
    0, 
    0, 
    0, 
    4, 
    0, 
    3
  ], 
  "adv_w": [
    0, 
    0, 
    0, 
    0, 
    3, 
    0, 
    1
  ], 
  "clfs": [
    "Decision Tree", 
    "Naive Bayes", 
    "Linear SVM", 
    "Neural Net", 
    "RBF SVM", 
    "Random Forest", 
    "Nearest Neighbors"
  ], 
  "mean": [
    0.7020129870129871, 
    0.6670346320346321, 
    0.669047619047619, 
    0.7895454545454546, 
    0.865844155844156, 
    0.755064935064935, 
    0.812056277056277
  ], 
  "parameters": {
    "cv_method": "k10", 
    "db": "sonar", 
    "repetition": 2
  }, 
  "std": [
    0.06261828654297358, 
    0.12179129008551512, 
    0.09141120866882127, 
    0.13323350593187402, 
    0.08648779352134253, 
    0.0634307226972714, 
    0.09483681970483829
  ]
}