{
  "adv_t": [
    2,
    0,
    3,
    4,
    0,
    6,
    4
  ],
  "adv_w": [
    2,
    0,
    3,
    4,
    0,
    5,
    4
  ],
  "clfs": [
    "Nearest Neighbors",
    "RBF SVM",
    "Decision Tree",
    "Random Forest",
    "Neural Net",
    "Naive Bayes",
    "Linear SVM"
  ],
  "mean": [
    0.6931565656565658,
    0.3988636363636364,
    0.8988383838383838,
    0.9428030303030303,
    0.3988636363636364,
    0.9718939393939394,
    0.9404545454545454
  ],
  "parameters": {
    "cv_method": "k2x5",
    "db": "wine",
    "repetition": 9
  },
  "std": [
    0.04122267097480242,
    0.0011978324470334994,
    0.03155481295228505,
    0.019856847048906497,
    0.0011978324470334994,
    0.012227166218613332,
    0.022436347224767884
  ]
}