{
  "adv_t": [
    3, 
    4, 
    4, 
    0, 
    0, 
    4, 
    2
  ], 
  "adv_w": [
    3, 
    4, 
    4, 
    0, 
    0, 
    4, 
    2
  ], 
  "clfs": [
    "Decision Tree", 
    "Naive Bayes", 
    "Linear SVM", 
    "Neural Net", 
    "RBF SVM", 
    "Random Forest", 
    "Nearest Neighbors"
  ], 
  "mean": [
    0.8867460317460318, 
    0.9746825396825397, 
    0.9490476190476191, 
    0.39825396825396825, 
    0.39825396825396825, 
    0.9557142857142858, 
    0.7213492063492065
  ], 
  "parameters": {
    "cv_method": "k30", 
    "db": "wine", 
    "repetition": 6
  }, 
  "std": [
    0.1327981331795917, 
    0.06732748763226178, 
    0.09139324372208918, 
    0.04152242607277435, 
    0.04152242607277435, 
    0.09940120983201611, 
    0.16181839110929747
  ]
}