{
  "adv_t": [
    2,
    0,
    3,
    4,
    0,
    4,
    4
  ],
  "adv_w": [
    2,
    0,
    3,
    4,
    0,
    4,
    4
  ],
  "clfs": [
    "Nearest Neighbors",
    "RBF SVM",
    "Decision Tree",
    "Random Forest",
    "Neural Net",
    "Naive Bayes",
    "Linear SVM"
  ],
  "mean": [
    0.700672944616443,
    0.3992539559683522,
    0.9159378224974202,
    0.983625730994152,
    0.3992539559683522,
    0.9777433780529755,
    0.9725146198830409
  ],
  "parameters": {
    "cv_method": "k10",
    "db": "wine",
    "repetition": 4
  },
  "std": [
    0.08355768250707303,
    0.01778421058376654,
    0.028622598721403547,
    0.02637708549713218,
    0.01778421058376654,
    0.02877027404224904,
    0.039064249668227226
  ]
}