{
  "adv_t": [
    3, 
    5, 
    3, 
    0, 
    0, 
    5, 
    2
  ], 
  "adv_w": [
    3, 
    5, 
    4, 
    0, 
    0, 
    5, 
    2
  ], 
  "clfs": [
    "Decision Tree", 
    "Naive Bayes", 
    "Linear SVM", 
    "Neural Net", 
    "RBF SVM", 
    "Random Forest", 
    "Nearest Neighbors"
  ], 
  "mean": [
    0.8852525252525252, 
    0.9707828282828281, 
    0.9180555555555555, 
    0.3988636363636364, 
    0.3988636363636364, 
    0.9618686868686869, 
    0.6966414141414141
  ], 
  "parameters": {
    "cv_method": "k2x5", 
    "db": "wine", 
    "repetition": 3
  }, 
  "std": [
    0.04621820778914494, 
    0.005813628834113713, 
    0.03029537174078313, 
    0.0011978324470334994, 
    0.0011978324470334994, 
    0.019685095272485024, 
    0.03577650023606937
  ]
}