{
  "adv_t": [
    3, 
    4, 
    3, 
    0, 
    0, 
    4, 
    2
  ], 
  "adv_w": [
    3, 
    4, 
    4, 
    0, 
    0, 
    3, 
    2
  ], 
  "clfs": [
    "Decision Tree", 
    "Naive Bayes", 
    "Linear SVM", 
    "Neural Net", 
    "RBF SVM", 
    "Random Forest", 
    "Nearest Neighbors"
  ], 
  "mean": [
    0.898249914000688, 
    0.9770833333333334, 
    0.9486111111111111, 
    0.3992539559683522, 
    0.3992539559683522, 
    0.9645833333333332, 
    0.7353478672170622
  ], 
  "parameters": {
    "cv_method": "k10", 
    "db": "wine", 
    "repetition": 8
  }, 
  "std": [
    0.06388340499315127, 
    0.039562345529726164, 
    0.06281641441883608, 
    0.01778421058376654, 
    0.01778421058376654, 
    0.0650170456176723, 
    0.11532599359677624
  ]
}