{
  "adv_t": [
    2,
    0,
    3,
    4,
    0,
    4,
    4
  ],
  "adv_w": [
    2,
    0,
    3,
    4,
    0,
    4,
    4
  ],
  "clfs": [
    "Nearest Neighbors",
    "RBF SVM",
    "Decision Tree",
    "Random Forest",
    "Neural Net",
    "Naive Bayes",
    "Linear SVM"
  ],
  "mean": [
    0.7382051943584452,
    0.3992539559683522,
    0.8808888028895769,
    0.9545343137254904,
    0.3992539559683522,
    0.9659722222222223,
    0.9600898692810459
  ],
  "parameters": {
    "cv_method": "k10",
    "db": "wine",
    "repetition": 6
  },
  "std": [
    0.08378949067694481,
    0.01778421058376654,
    0.06880603991919397,
    0.044170589585780906,
    0.01778421058376654,
    0.047264187961381876,
    0.027629233788886844
  ]
}