{
  "adv_t": [
    3, 
    5, 
    3, 
    0, 
    0, 
    3, 
    2
  ], 
  "adv_w": [
    3, 
    4, 
    3, 
    0, 
    0, 
    3, 
    2
  ], 
  "clfs": [
    "Decision Tree", 
    "Naive Bayes", 
    "Linear SVM", 
    "Neural Net", 
    "RBF SVM", 
    "Random Forest", 
    "Nearest Neighbors"
  ], 
  "mean": [
    0.9010353535353536, 
    0.9608080808080807, 
    0.9314393939393939, 
    0.3988636363636364, 
    0.3988636363636364, 
    0.9359848484848484, 
    0.7067929292929293
  ], 
  "parameters": {
    "cv_method": "k2x5", 
    "db": "wine", 
    "repetition": 4
  }, 
  "std": [
    0.03495515684660953, 
    0.02596765193555664, 
    0.018022610883422042, 
    0.0011978324470334994, 
    0.0011978324470334994, 
    0.03605490158818035, 
    0.027835225260990235
  ]
}