{
  "adv_t": [
    2,
    0,
    3,
    4,
    0,
    4,
    3
  ],
  "adv_w": [
    2,
    0,
    3,
    4,
    0,
    4,
    4
  ],
  "clfs": [
    "Nearest Neighbors",
    "RBF SVM",
    "Decision Tree",
    "Random Forest",
    "Neural Net",
    "Naive Bayes",
    "Linear SVM"
  ],
  "mean": [
    0.716765873015873,
    0.3980952380952381,
    0.8994444444444445,
    0.96,
    0.3980952380952381,
    0.9724999999999999,
    0.9506944444444445
  ],
  "parameters": {
    "cv_method": "k20",
    "db": "wine",
    "repetition": 2
  },
  "std": [
    0.09723009660710076,
    0.024782942030718926,
    0.10945253331939142,
    0.06949062791787863,
    0.024782942030718926,
    0.07158910531638177,
    0.08939855257261871
  ]
}