{
  "adv_t": [
    3, 
    4, 
    3, 
    0, 
    0, 
    3, 
    2
  ], 
  "adv_w": [
    3, 
    5, 
    3, 
    0, 
    0, 
    4, 
    2
  ], 
  "clfs": [
    "Decision Tree", 
    "Naive Bayes", 
    "Linear SVM", 
    "Neural Net", 
    "RBF SVM", 
    "Random Forest", 
    "Nearest Neighbors"
  ], 
  "mean": [
    0.9174603174603176, 
    0.983015873015873, 
    0.9487301587301589, 
    0.39825396825396825, 
    0.39825396825396825, 
    0.9652380952380953, 
    0.7255555555555558
  ], 
  "parameters": {
    "cv_method": "k30", 
    "db": "wine", 
    "repetition": 1
  }, 
  "std": [
    0.11387675414852155, 
    0.0523687600877415, 
    0.09658880711266146, 
    0.04152242607277435, 
    0.04152242607277435, 
    0.07131518093413096, 
    0.18412431815822844
  ]
}