{
  "adv_t": [
    3, 
    4, 
    3, 
    0, 
    0, 
    3, 
    2
  ], 
  "adv_w": [
    3, 
    5, 
    4, 
    0, 
    0, 
    4, 
    2
  ], 
  "clfs": [
    "Decision Tree", 
    "Naive Bayes", 
    "Linear SVM", 
    "Neural Net", 
    "RBF SVM", 
    "Random Forest", 
    "Nearest Neighbors"
  ], 
  "mean": [
    0.9145489336085312, 
    0.9708333333333334, 
    0.9541666666666666, 
    0.3992539559683522, 
    0.3992539559683522, 
    0.9541666666666668, 
    0.7286614207086344
  ], 
  "parameters": {
    "cv_method": "k10", 
    "db": "wine", 
    "repetition": 7
  }, 
  "std": [
    0.0634813426733126, 
    0.04265796111033128, 
    0.04631943866029913, 
    0.01778421058376654, 
    0.01778421058376654, 
    0.06483134709790853, 
    0.07389310639321514
  ]
}