{
  "adv_t": [
    2,
    0,
    3,
    4,
    0,
    4,
    4
  ],
  "adv_w": [
    2,
    0,
    3,
    4,
    0,
    4,
    4
  ],
  "clfs": [
    "Nearest Neighbors",
    "RBF SVM",
    "Decision Tree",
    "Random Forest",
    "Neural Net",
    "Naive Bayes",
    "Linear SVM"
  ],
  "mean": [
    0.714186507936508,
    0.3980952380952381,
    0.8872222222222224,
    0.9713888888888889,
    0.3980952380952381,
    0.9644444444444445,
    0.9433333333333334
  ],
  "parameters": {
    "cv_method": "k20",
    "db": "wine",
    "repetition": 7
  },
  "std": [
    0.14267612887907874,
    0.024782942030718926,
    0.07528050209782988,
    0.051077569721502715,
    0.024782942030718926,
    0.0559895330420464,
    0.07988681889810245
  ]
}