{
  "adv_t": [
    3, 
    4, 
    4, 
    0, 
    0, 
    4, 
    2
  ], 
  "adv_w": [
    3, 
    4, 
    4, 
    0, 
    0, 
    4, 
    2
  ], 
  "clfs": [
    "Decision Tree", 
    "Naive Bayes", 
    "Linear SVM", 
    "Neural Net", 
    "RBF SVM", 
    "Random Forest", 
    "Nearest Neighbors"
  ], 
  "mean": [
    0.891746031746032, 
    0.97875, 
    0.9581944444444446, 
    0.3980952380952381, 
    0.3980952380952381, 
    0.9675, 
    0.740436507936508
  ], 
  "parameters": {
    "cv_method": "k20", 
    "db": "wine", 
    "repetition": 5
  }, 
  "std": [
    0.07888068552713154, 
    0.04388606660553282, 
    0.0699686356449023, 
    0.024782942030718926, 
    0.024782942030718926, 
    0.051363001224002086, 
    0.15543311913022193
  ]
}