{
  "adv_t": [
    3, 
    4, 
    3, 
    0, 
    0, 
    3, 
    2
  ], 
  "adv_w": [
    3, 
    3, 
    3, 
    0, 
    0, 
    4, 
    2
  ], 
  "clfs": [
    "Decision Tree", 
    "Naive Bayes", 
    "Linear SVM", 
    "Neural Net", 
    "RBF SVM", 
    "Random Forest", 
    "Nearest Neighbors"
  ], 
  "mean": [
    0.9215873015873016, 
    0.9771428571428572, 
    0.9495238095238095, 
    0.39825396825396825, 
    0.39825396825396825, 
    0.9726984126984127, 
    0.7153174603174605
  ], 
  "parameters": {
    "cv_method": "k30", 
    "db": "wine", 
    "repetition": 7
  }, 
  "std": [
    0.11269926069509902, 
    0.06021308631474388, 
    0.08836089178369443, 
    0.04152242607277435, 
    0.04152242607277435, 
    0.08517375022548986, 
    0.164106162243382
  ]
}