{
  "adv_t": [
    3, 
    5, 
    4, 
    0, 
    0, 
    4, 
    2
  ], 
  "adv_w": [
    3, 
    5, 
    4, 
    0, 
    0, 
    4, 
    2
  ], 
  "clfs": [
    "Decision Tree", 
    "Naive Bayes", 
    "Linear SVM", 
    "Neural Net", 
    "RBF SVM", 
    "Random Forest", 
    "Nearest Neighbors"
  ], 
  "mean": [
    0.8846031746031747, 
    0.983015873015873, 
    0.9517460317460318, 
    0.39825396825396825, 
    0.39825396825396825, 
    0.9687301587301587, 
    0.7370634920634923
  ], 
  "parameters": {
    "cv_method": "k30", 
    "db": "wine", 
    "repetition": 0
  }, 
  "std": [
    0.09823434055748524, 
    0.0523687600877415, 
    0.07605420215882265, 
    0.04152242607277435, 
    0.04152242607277435, 
    0.06434721054634403, 
    0.1799250103709863
  ]
}