{
  "adv_t": [
    3, 
    4, 
    3, 
    0, 
    0, 
    4, 
    2
  ], 
  "adv_w": [
    3, 
    4, 
    4, 
    0, 
    0, 
    4, 
    2
  ], 
  "clfs": [
    "Decision Tree", 
    "Naive Bayes", 
    "Linear SVM", 
    "Neural Net", 
    "RBF SVM", 
    "Random Forest", 
    "Nearest Neighbors"
  ], 
  "mean": [
    0.8888200894392846, 
    0.9715686274509805, 
    0.9549019607843137, 
    0.3992539559683522, 
    0.3992539559683522, 
    0.9607843137254901, 
    0.7004880460956312
  ], 
  "parameters": {
    "cv_method": "k10", 
    "db": "wine", 
    "repetition": 3
  }, 
  "std": [
    0.08286888230975088, 
    0.040847494495276505, 
    0.05825188225463263, 
    0.01778421058376654, 
    0.01778421058376654, 
    0.037672367027866215, 
    0.07415210190542335
  ]
}