{
  "adv_t": [
    3, 
    4, 
    3, 
    0, 
    0, 
    4, 
    2
  ], 
  "adv_w": [
    3, 
    4, 
    3, 
    0, 
    0, 
    3, 
    2
  ], 
  "clfs": [
    "Decision Tree", 
    "Naive Bayes", 
    "Linear SVM", 
    "Neural Net", 
    "RBF SVM", 
    "Random Forest", 
    "Nearest Neighbors"
  ], 
  "mean": [
    0.888452442380461, 
    0.9777777777777779, 
    0.9492711558307534, 
    0.3992539559683522, 
    0.3992539559683522, 
    0.9607843137254901, 
    0.7100597695218438
  ], 
  "parameters": {
    "cv_method": "k10", 
    "db": "wine", 
    "repetition": 4
  }, 
  "std": [
    0.05756222048974257, 
    0.05367176572662755, 
    0.04118600347250796, 
    0.01778421058376654, 
    0.01778421058376654, 
    0.05282943639643637, 
    0.0969300579851317
  ]
}