{
  "adv_t": [
    3, 
    6, 
    4, 
    0, 
    0, 
    4, 
    2
  ], 
  "adv_w": [
    3, 
    6, 
    4, 
    0, 
    0, 
    4, 
    2
  ], 
  "clfs": [
    "Decision Tree", 
    "Naive Bayes", 
    "Linear SVM", 
    "Neural Net", 
    "RBF SVM", 
    "Random Forest", 
    "Nearest Neighbors"
  ], 
  "mean": [
    0.8699242424242423, 
    0.9651010101010099, 
    0.9202525252525252, 
    0.3988636363636364, 
    0.3988636363636364, 
    0.9336111111111112, 
    0.6989898989898989
  ], 
  "parameters": {
    "cv_method": "k2x5", 
    "db": "wine", 
    "repetition": 8
  }, 
  "std": [
    0.04530628802128331, 
    0.01947768523138244, 
    0.03540536524624512, 
    0.0011978324470334994, 
    0.0011978324470334994, 
    0.027191405652350085, 
    0.03616728225270808
  ]
}