{
  "adv_t": [
    2,
    0,
    3,
    3,
    0,
    4,
    3
  ],
  "adv_w": [
    2,
    0,
    3,
    3,
    0,
    5,
    4
  ],
  "clfs": [
    "Nearest Neighbors",
    "RBF SVM",
    "Decision Tree",
    "Random Forest",
    "Neural Net",
    "Naive Bayes",
    "Linear SVM"
  ],
  "mean": [
    0.7168253968253968,
    0.3980952380952381,
    0.9042460317460318,
    0.9523015873015874,
    0.3980952380952381,
    0.9724999999999999,
    0.9594444444444445
  ],
  "parameters": {
    "cv_method": "k20",
    "db": "wine",
    "repetition": 3
  },
  "std": [
    0.1562233335110311,
    0.024782942030718926,
    0.12936547016767289,
    0.07980274061996467,
    0.024782942030718926,
    0.05899375524489636,
    0.07718761056977398
  ]
}