{
  "adv_t": [
    2,
    0,
    3,
    4,
    0,
    4,
    3
  ],
  "adv_w": [
    2,
    0,
    3,
    4,
    0,
    4,
    3
  ],
  "clfs": [
    "Nearest Neighbors",
    "RBF SVM",
    "Decision Tree",
    "Random Forest",
    "Neural Net",
    "Naive Bayes",
    "Linear SVM"
  ],
  "mean": [
    0.6682856037151703,
    0.3992539559683522,
    0.9159034227726179,
    0.9780701754385965,
    0.3992539559683522,
    0.9773757309941521,
    0.9505847953216374
  ],
  "parameters": {
    "cv_method": "k10",
    "db": "wine",
    "repetition": 8
  },
  "std": [
    0.08388056860825828,
    0.01778421058376654,
    0.03895955937713462,
    0.02832386176748614,
    0.01778421058376654,
    0.029307938113487635,
    0.04005480364271129
  ]
}