{
  "adv_t": [
    2,
    0,
    3,
    4,
    0,
    4,
    3
  ],
  "adv_w": [
    2,
    0,
    3,
    4,
    0,
    4,
    3
  ],
  "clfs": [
    "Nearest Neighbors",
    "RBF SVM",
    "Decision Tree",
    "Random Forest",
    "Neural Net",
    "Naive Bayes",
    "Linear SVM"
  ],
  "mean": [
    0.7094341245270037,
    0.3992539559683522,
    0.9008427932576539,
    0.9833333333333334,
    0.3992539559683522,
    0.9669590643274854,
    0.9486111111111111
  ],
  "parameters": {
    "cv_method": "k10",
    "db": "wine",
    "repetition": 5
  },
  "std": [
    0.07746021521322519,
    0.01778421058376654,
    0.08410149399326973,
    0.02683588286331379,
    0.01778421058376654,
    0.04670335055684308,
    0.06281641441883608
  ]
}