{
  "adv_t": [
    2,
    0,
    3,
    4,
    0,
    4,
    4
  ],
  "adv_w": [
    2,
    0,
    3,
    4,
    0,
    4,
    4
  ],
  "clfs": [
    "Nearest Neighbors",
    "RBF SVM",
    "Decision Tree",
    "Random Forest",
    "Neural Net",
    "Naive Bayes",
    "Linear SVM"
  ],
  "mean": [
    0.7260319917440661,
    0.3992539559683522,
    0.8766124871001033,
    0.9603822669418646,
    0.3992539559683522,
    0.972153422772618,
    0.9555211558307534
  ],
  "parameters": {
    "cv_method": "k10",
    "db": "wine",
    "repetition": 2
  },
  "std": [
    0.08164696609118899,
    0.01778421058376654,
    0.05646533336932972,
    0.027460217690807136,
    0.01778421058376654,
    0.04743798756749011,
    0.03517886510916577
  ]
}