{
  "adv_t": [
    2,
    0,
    3,
    3,
    0,
    4,
    3
  ],
  "adv_w": [
    2,
    0,
    3,
    3,
    0,
    4,
    3
  ],
  "clfs": [
    "Nearest Neighbors",
    "RBF SVM",
    "Decision Tree",
    "Random Forest",
    "Neural Net",
    "Naive Bayes",
    "Linear SVM"
  ],
  "mean": [
    0.7293650793650794,
    0.39825396825396825,
    0.9011111111111112,
    0.9593650793650795,
    0.39825396825396825,
    0.9715873015873017,
    0.9474603174603176
  ],
  "parameters": {
    "cv_method": "k30",
    "db": "wine",
    "repetition": 4
  },
  "std": [
    0.1651234362880146,
    0.04152242607277435,
    0.11671396335845555,
    0.07584830115070174,
    0.04152242607277435,
    0.0839490119010387,
    0.10700307125283383
  ]
}