{
  "adv_t": [
    2,
    0,
    3,
    4,
    0,
    4,
    4
  ],
  "adv_w": [
    2,
    0,
    3,
    4,
    0,
    4,
    4
  ],
  "clfs": [
    "Nearest Neighbors",
    "RBF SVM",
    "Decision Tree",
    "Random Forest",
    "Neural Net",
    "Naive Bayes",
    "Linear SVM"
  ],
  "mean": [
    0.7200793650793652,
    0.39825396825396825,
    0.8882539682539685,
    0.9582539682539684,
    0.39825396825396825,
    0.9696825396825397,
    0.9565079365079365
  ],
  "parameters": {
    "cv_method": "k30",
    "db": "wine",
    "repetition": 1
  },
  "std": [
    0.17713288472968491,
    0.04152242607277435,
    0.1201995716681961,
    0.0779726232486871,
    0.04152242607277435,
    0.0696324065063398,
    0.08330619622263935
  ]
}