{
  "adv_t": [
    3, 
    3, 
    3, 
    0, 
    0, 
    3, 
    2
  ], 
  "adv_w": [
    3, 
    3, 
    3, 
    0, 
    0, 
    3, 
    2
  ], 
  "clfs": [
    "Decision Tree", 
    "Naive Bayes", 
    "Linear SVM", 
    "Neural Net", 
    "RBF SVM", 
    "Random Forest", 
    "Nearest Neighbors"
  ], 
  "mean": [
    0.9224802201582387, 
    0.9777433780529755, 
    0.9610423116615067, 
    0.3992539559683522, 
    0.3992539559683522, 
    0.9777433780529756, 
    0.753627020983832
  ], 
  "parameters": {
    "cv_method": "k10", 
    "db": "wine", 
    "repetition": 9
  }, 
  "std": [
    0.05926200879937815, 
    0.02877027404224904, 
    0.04595094886248789, 
    0.01778421058376654, 
    0.01778421058376654, 
    0.028770274042249036, 
    0.08506264389715613
  ]
}