{
  "adv_t": [
    2,
    0,
    3,
    4,
    0,
    6,
    4
  ],
  "adv_w": [
    2,
    0,
    3,
    5,
    0,
    6,
    4
  ],
  "clfs": [
    "Nearest Neighbors",
    "RBF SVM",
    "Decision Tree",
    "Random Forest",
    "Neural Net",
    "Naive Bayes",
    "Linear SVM"
  ],
  "mean": [
    0.6989898989898989,
    0.3988636363636364,
    0.8755555555555554,
    0.9392424242424242,
    0.3988636363636364,
    0.9651010101010099,
    0.9258585858585858
  ],
  "parameters": {
    "cv_method": "k2x5",
    "db": "wine",
    "repetition": 8
  },
  "std": [
    0.03616728225270808,
    0.0011978324470334994,
    0.040063590917596606,
    0.025880300051056047,
    0.0011978324470334994,
    0.01947768523138244,
    0.03457746070831592
  ]
}