{
  "adv_t": [
    2,
    0,
    3,
    4,
    0,
    5,
    4
  ],
  "adv_w": [
    2,
    0,
    3,
    4,
    0,
    5,
    4
  ],
  "clfs": [
    "Nearest Neighbors",
    "RBF SVM",
    "Decision Tree",
    "Random Forest",
    "Neural Net",
    "Naive Bayes",
    "Linear SVM"
  ],
  "mean": [
    0.7039194186446508,
    0.3992539559683522,
    0.9047923116615066,
    0.9669590643274855,
    0.3992539559683522,
    0.9833333333333334,
    0.9444100447196423
  ],
  "parameters": {
    "cv_method": "k10",
    "db": "wine",
    "repetition": 0
  },
  "std": [
    0.07770756982472747,
    0.01778421058376654,
    0.0584759839257823,
    0.04670335055684308,
    0.01778421058376654,
    0.02683588286331379,
    0.03706585201632527
  ]
}