{
  "adv_t": [
    3, 
    4, 
    3, 
    0, 
    0, 
    4, 
    2
  ], 
  "adv_w": [
    3, 
    4, 
    4, 
    0, 
    0, 
    4, 
    2
  ], 
  "clfs": [
    "Decision Tree", 
    "Naive Bayes", 
    "Linear SVM", 
    "Neural Net", 
    "RBF SVM", 
    "Random Forest", 
    "Nearest Neighbors"
  ], 
  "mean": [
    0.9060515873015873, 
    0.9731944444444445, 
    0.953888888888889, 
    0.3980952380952381, 
    0.3980952380952381, 
    0.9894444444444446, 
    0.7255753968253968
  ], 
  "parameters": {
    "cv_method": "k20", 
    "db": "wine", 
    "repetition": 7
  }, 
  "std": [
    0.10836166473693212, 
    0.05785641157187341, 
    0.09131111267663765, 
    0.024782942030718926, 
    0.024782942030718926, 
    0.03253927501425841, 
    0.11202841268374089
  ]
}