{
  "adv_t": [
    2,
    0,
    3,
    4,
    0,
    4,
    4
  ],
  "adv_w": [
    2,
    0,
    3,
    5,
    0,
    4,
    4
  ],
  "clfs": [
    "Nearest Neighbors",
    "RBF SVM",
    "Decision Tree",
    "Random Forest",
    "Neural Net",
    "Naive Bayes",
    "Linear SVM"
  ],
  "mean": [
    0.725793650793651,
    0.39825396825396825,
    0.8922222222222224,
    0.9822222222222223,
    0.39825396825396825,
    0.9671428571428572,
    0.956031746031746
  ],
  "parameters": {
    "cv_method": "k30",
    "db": "wine",
    "repetition": 5
  },
  "std": [
    0.17150618947695462,
    0.04152242607277435,
    0.12390095987859429,
    0.05448001027712512,
    0.04152242607277435,
    0.0803692899655559,
    0.08655565286915223
  ]
}