{
  "adv_t": [
    3, 
    5, 
    3, 
    0, 
    0, 
    4, 
    2
  ], 
  "adv_w": [
    3, 
    5, 
    3, 
    0, 
    0, 
    4, 
    2
  ], 
  "clfs": [
    "Decision Tree", 
    "Naive Bayes", 
    "Linear SVM", 
    "Neural Net", 
    "RBF SVM", 
    "Random Forest", 
    "Nearest Neighbors"
  ], 
  "mean": [
    0.911388888888889, 
    0.9731565656565657, 
    0.9226262626262625, 
    0.3988636363636364, 
    0.3988636363636364, 
    0.9562878787878788, 
    0.6910858585858586
  ], 
  "parameters": {
    "cv_method": "k2x5", 
    "db": "wine", 
    "repetition": 2
  }, 
  "std": [
    0.027025695131660855, 
    0.013926868793342123, 
    0.03310472400801215, 
    0.0011978324470334994, 
    0.0011978324470334994, 
    0.029276101536738916, 
    0.03721206157663105
  ]
}