{
  "adv_t": [
    2,
    0,
    3,
    4,
    0,
    5,
    3
  ],
  "adv_w": [
    2,
    0,
    3,
    3,
    0,
    6,
    3
  ],
  "clfs": [
    "Nearest Neighbors",
    "RBF SVM",
    "Decision Tree",
    "Random Forest",
    "Neural Net",
    "Naive Bayes",
    "Linear SVM"
  ],
  "mean": [
    0.6910858585858586,
    0.3988636363636364,
    0.9103030303030302,
    0.9517929292929294,
    0.3988636363636364,
    0.9731565656565657,
    0.9237373737373737
  ],
  "parameters": {
    "cv_method": "k2x5",
    "db": "wine",
    "repetition": 2
  },
  "std": [
    0.03721206157663105,
    0.0011978324470334994,
    0.029284171840045798,
    0.020107611191858724,
    0.0011978324470334994,
    0.013926868793342123,
    0.0317032914075986
  ]
}