{
  "adv_t": [
    3, 
    4, 
    3, 
    0, 
    0, 
    4, 
    2
  ], 
  "adv_w": [
    3, 
    4, 
    4, 
    0, 
    0, 
    3, 
    2
  ], 
  "clfs": [
    "Decision Tree", 
    "Naive Bayes", 
    "Linear SVM", 
    "Neural Net", 
    "RBF SVM", 
    "Random Forest", 
    "Nearest Neighbors"
  ], 
  "mean": [
    0.9051191090471276, 
    0.9715277777777779, 
    0.9495979532163743, 
    0.3992539559683522, 
    0.3992539559683522, 
    0.9597222222222221, 
    0.7011007911936705
  ], 
  "parameters": {
    "cv_method": "k10", 
    "db": "wine", 
    "repetition": 6
  }, 
  "std": [
    0.05174936144318803, 
    0.0398860796321536, 
    0.055346350074378985, 
    0.01778421058376654, 
    0.01778421058376654, 
    0.04831257536368359, 
    0.12190009516114234
  ]
}