{
  "adv_t": [
    3, 
    4, 
    3, 
    0, 
    0, 
    3, 
    2
  ], 
  "adv_w": [
    3, 
    4, 
    3, 
    0, 
    0, 
    3, 
    2
  ], 
  "clfs": [
    "Decision Tree", 
    "Naive Bayes", 
    "Linear SVM", 
    "Neural Net", 
    "RBF SVM", 
    "Random Forest", 
    "Nearest Neighbors"
  ], 
  "mean": [
    0.8882738095238096, 
    0.976388888888889, 
    0.9476388888888889, 
    0.3980952380952381, 
    0.3980952380952381, 
    0.9581944444444446, 
    0.7212698412698412
  ], 
  "parameters": {
    "cv_method": "k20", 
    "db": "wine", 
    "repetition": 9
  }, 
  "std": [
    0.09644137479419837, 
    0.06326288787635405, 
    0.07226873783204091, 
    0.024782942030718926, 
    0.024782942030718926, 
    0.07136510628494662, 
    0.1414899887927227
  ]
}