{
  "adv_t": [
    3, 
    3, 
    3, 
    0, 
    0, 
    3, 
    2
  ], 
  "adv_w": [
    3, 
    3, 
    3, 
    0, 
    0, 
    3, 
    2
  ], 
  "clfs": [
    "Decision Tree", 
    "Naive Bayes", 
    "Linear SVM", 
    "Neural Net", 
    "RBF SVM", 
    "Random Forest", 
    "Nearest Neighbors"
  ], 
  "mean": [
    0.9096825396825399, 
    0.9752380952380953, 
    0.9563492063492064, 
    0.39825396825396825, 
    0.39825396825396825, 
    0.9630158730158731, 
    0.7294444444444446
  ], 
  "parameters": {
    "cv_method": "k30", 
    "db": "wine", 
    "repetition": 3
  }, 
  "std": [
    0.1324536033727286, 
    0.06486420973774866, 
    0.08116058739712802, 
    0.04152242607277435, 
    0.04152242607277435, 
    0.07591991506021167, 
    0.18257898603545916
  ]
}