{
  "adv_t": [
    2,
    0,
    2,
    4,
    0,
    4,
    4
  ],
  "adv_w": [
    2,
    0,
    2,
    4,
    0,
    4,
    4
  ],
  "clfs": [
    "Nearest Neighbors",
    "RBF SVM",
    "Decision Tree",
    "Random Forest",
    "Neural Net",
    "Naive Bayes",
    "Linear SVM"
  ],
  "mean": [
    0.7419047619047621,
    0.39825396825396825,
    0.838809523809524,
    0.9603968253968254,
    0.39825396825396825,
    0.9782539682539683,
    0.9557142857142857
  ],
  "parameters": {
    "cv_method": "k30",
    "db": "wine",
    "repetition": 3
  },
  "std": [
    0.1768986787524827,
    0.04152242607277435,
    0.12712060775908082,
    0.07539735833649115,
    0.04152242607277435,
    0.05705635671539795,
    0.09506675885226053
  ]
}