{
  "adv_t": [
    3, 
    5, 
    3, 
    0, 
    0, 
    4, 
    2
  ], 
  "adv_w": [
    3, 
    5, 
    3, 
    0, 
    0, 
    4, 
    2
  ], 
  "clfs": [
    "Decision Tree", 
    "Naive Bayes", 
    "Linear SVM", 
    "Neural Net", 
    "RBF SVM", 
    "Random Forest", 
    "Nearest Neighbors"
  ], 
  "mean": [
    0.9056818181818181, 
    0.9752777777777777, 
    0.9391919191919191, 
    0.3988636363636364, 
    0.3988636363636364, 
    0.9527525252525253, 
    0.6809090909090909
  ], 
  "parameters": {
    "cv_method": "k2x5", 
    "db": "wine", 
    "repetition": 0
  }, 
  "std": [
    0.03749038618088669, 
    0.0128357757573968, 
    0.02698013014000982, 
    0.0011978324470334994, 
    0.0011978324470334994, 
    0.02519731619201066, 
    0.041046070429979785
  ]
}