{
  "adv_t": [
    2,
    0,
    3,
    4,
    0,
    4,
    4
  ],
  "adv_w": [
    2,
    0,
    3,
    4,
    0,
    4,
    4
  ],
  "clfs": [
    "Nearest Neighbors",
    "RBF SVM",
    "Decision Tree",
    "Random Forest",
    "Neural Net",
    "Naive Bayes",
    "Linear SVM"
  ],
  "mean": [
    0.7012698412698414,
    0.39825396825396825,
    0.9050793650793652,
    0.9771428571428572,
    0.39825396825396825,
    0.9763492063492064,
    0.9573015873015874
  ],
  "parameters": {
    "cv_method": "k30",
    "db": "wine",
    "repetition": 8
  },
  "std": [
    0.1857203204498582,
    0.04152242607277435,
    0.13326841800780762,
    0.06021308631474388,
    0.04152242607277435,
    0.061980291593296336,
    0.07313755596780944
  ]
}