{
  "adv_t": [
    3, 
    4, 
    3, 
    0, 
    0, 
    4, 
    2
  ], 
  "adv_w": [
    3, 
    4, 
    3, 
    0, 
    0, 
    3, 
    2
  ], 
  "clfs": [
    "Decision Tree", 
    "Naive Bayes", 
    "Linear SVM", 
    "Neural Net", 
    "RBF SVM", 
    "Random Forest", 
    "Nearest Neighbors"
  ], 
  "mean": [
    0.9101587301587302, 
    0.9794444444444445, 
    0.9541071428571429, 
    0.3980952380952381, 
    0.3980952380952381, 
    0.97875, 
    0.714126984126984
  ], 
  "parameters": {
    "cv_method": "k20", 
    "db": "wine", 
    "repetition": 6
  }, 
  "std": [
    0.08112668998798728, 
    0.04223683957499603, 
    0.05856174273480501, 
    0.024782942030718926, 
    0.024782942030718926, 
    0.05457672050474115, 
    0.11688068220303453
  ]
}