{
  "adv_t": [
    2,
    0,
    3,
    4,
    0,
    5,
    3
  ],
  "adv_w": [
    2,
    0,
    3,
    3,
    0,
    4,
    4
  ],
  "clfs": [
    "Nearest Neighbors",
    "RBF SVM",
    "Decision Tree",
    "Random Forest",
    "Neural Net",
    "Naive Bayes",
    "Linear SVM"
  ],
  "mean": [
    0.709949494949495,
    0.3988636363636364,
    0.895530303030303,
    0.9405555555555555,
    0.3988636363636364,
    0.9663131313131312,
    0.9346969696969698
  ],
  "parameters": {
    "cv_method": "k2x5",
    "db": "wine",
    "repetition": 1
  },
  "std": [
    0.041309508950214534,
    0.0011978324470334994,
    0.03408499553815055,
    0.023928298252144705,
    0.0011978324470334994,
    0.014905028356498278,
    0.031602156226396304
  ]
}