{
  "adv_t": [
    3, 
    4, 
    3, 
    0, 
    0, 
    3, 
    2
  ], 
  "adv_w": [
    3, 
    4, 
    4, 
    0, 
    0, 
    3, 
    2
  ], 
  "clfs": [
    "Decision Tree", 
    "Naive Bayes", 
    "Linear SVM", 
    "Neural Net", 
    "RBF SVM", 
    "Random Forest", 
    "Nearest Neighbors"
  ], 
  "mean": [
    0.9031944444444445, 
    0.97625, 
    0.96, 
    0.3980952380952381, 
    0.3980952380952381, 
    0.9444444444444444, 
    0.7270833333333334
  ], 
  "parameters": {
    "cv_method": "k20", 
    "db": "wine", 
    "repetition": 4
  }, 
  "std": [
    0.0788217066295662, 
    0.048986437435596185, 
    0.05642880936468348, 
    0.024782942030718926, 
    0.024782942030718926, 
    0.0775843459355237, 
    0.16000546967177806
  ]
}