{
  "adv_t": [
    2,
    0,
    3,
    4,
    0,
    4,
    3
  ],
  "adv_w": [
    2,
    0,
    3,
    3,
    0,
    4,
    3
  ],
  "clfs": [
    "Nearest Neighbors",
    "RBF SVM",
    "Decision Tree",
    "Random Forest",
    "Neural Net",
    "Naive Bayes",
    "Linear SVM"
  ],
  "mean": [
    0.7272222222222223,
    0.39825396825396825,
    0.8780952380952382,
    0.9631746031746032,
    0.39825396825396825,
    0.9734920634920635,
    0.9536507936507937
  ],
  "parameters": {
    "cv_method": "k30",
    "db": "wine",
    "repetition": 2
  },
  "std": [
    0.16102057820725285,
    0.04152242607277435,
    0.1416842933108349,
    0.06860806051878826,
    0.04152242607277435,
    0.061003715725279954,
    0.09005548487624597
  ]
}