{
  "adv_t": [
    3, 
    4, 
    4, 
    0, 
    0, 
    4, 
    2
  ], 
  "adv_w": [
    3, 
    4, 
    4, 
    0, 
    0, 
    4, 
    2
  ], 
  "clfs": [
    "Decision Tree", 
    "Naive Bayes", 
    "Linear SVM", 
    "Neural Net", 
    "RBF SVM", 
    "Random Forest", 
    "Nearest Neighbors"
  ], 
  "mean": [
    0.880952380952381, 
    0.9687301587301587, 
    0.9498412698412699, 
    0.39825396825396825, 
    0.39825396825396825, 
    0.9582539682539685, 
    0.745873015873016
  ], 
  "parameters": {
    "cv_method": "k30", 
    "db": "wine", 
    "repetition": 2
  }, 
  "std": [
    0.12859271246321574, 
    0.07448505246446348, 
    0.10213709326757042, 
    0.04152242607277435, 
    0.04152242607277435, 
    0.07797262324868709, 
    0.20416142652544056
  ]
}