{
  "adv_t": [
    3, 
    4, 
    4, 
    0, 
    0, 
    4, 
    2
  ], 
  "adv_w": [
    3, 
    4, 
    4, 
    0, 
    0, 
    4, 
    2
  ], 
  "clfs": [
    "Decision Tree", 
    "Naive Bayes", 
    "Linear SVM", 
    "Neural Net", 
    "RBF SVM", 
    "Random Forest", 
    "Nearest Neighbors"
  ], 
  "mean": [
    0.8883333333333335, 
    0.9782539682539684, 
    0.959047619047619, 
    0.39825396825396825, 
    0.39825396825396825, 
    0.9801587301587301, 
    0.7261111111111112
  ], 
  "parameters": {
    "cv_method": "k30", 
    "db": "wine", 
    "repetition": 8
  }, 
  "std": [
    0.13562473639385125, 
    0.057056356715397945, 
    0.09301678836711559, 
    0.04152242607277435, 
    0.04152242607277435, 
    0.05159256425516403, 
    0.19053414895444318
  ]
}