{
  "adv_t": [
    3, 
    6, 
    4, 
    0, 
    0, 
    4, 
    2
  ], 
  "adv_w": [
    3, 
    6, 
    4, 
    0, 
    0, 
    4, 
    2
  ], 
  "clfs": [
    "Decision Tree", 
    "Naive Bayes", 
    "Linear SVM", 
    "Neural Net", 
    "RBF SVM", 
    "Random Forest", 
    "Nearest Neighbors"
  ], 
  "mean": [
    0.9066414141414143, 
    0.973030303030303, 
    0.9369949494949494, 
    0.3988636363636364, 
    0.3988636363636364, 
    0.9470454545454545, 
    0.7000252525252525
  ], 
  "parameters": {
    "cv_method": "k2x5", 
    "db": "wine", 
    "repetition": 5
  }, 
  "std": [
    0.018111164786536058, 
    0.020748022793527075, 
    0.03134620687158493, 
    0.0011978324470334994, 
    0.0011978324470334994, 
    0.033448566676375184, 
    0.04151315973332375
  ]
}