{
  "adv_t": [
    3, 
    5, 
    3, 
    0, 
    0, 
    5, 
    2
  ], 
  "adv_w": [
    3, 
    5, 
    3, 
    0, 
    0, 
    3, 
    2
  ], 
  "clfs": [
    "Decision Tree", 
    "Naive Bayes", 
    "Linear SVM", 
    "Neural Net", 
    "RBF SVM", 
    "Random Forest", 
    "Nearest Neighbors"
  ], 
  "mean": [
    0.9091919191919192, 
    0.9706313131313131, 
    0.9268686868686868, 
    0.3988636363636364, 
    0.3988636363636364, 
    0.9650505050505049, 
    0.6955555555555556
  ], 
  "parameters": {
    "cv_method": "k2x5", 
    "db": "wine", 
    "repetition": 6
  }, 
  "std": [
    0.04519476206548434, 
    0.018800670403788067, 
    0.026482985138642372, 
    0.0011978324470334994, 
    0.0011978324470334994, 
    0.02364292166832772, 
    0.041338143019125535
  ]
}