{
  "adv_t": [
    3, 
    4, 
    3, 
    0, 
    0, 
    4, 
    2
  ], 
  "adv_w": [
    3, 
    4, 
    3, 
    0, 
    0, 
    4, 
    2
  ], 
  "clfs": [
    "Decision Tree", 
    "Naive Bayes", 
    "Linear SVM", 
    "Neural Net", 
    "RBF SVM", 
    "Random Forest", 
    "Nearest Neighbors"
  ], 
  "mean": [
    0.8975000000000002, 
    0.9724999999999999, 
    0.9431944444444443, 
    0.3980952380952381, 
    0.3980952380952381, 
    0.9775, 
    0.7254365079365079
  ], 
  "parameters": {
    "cv_method": "k20", 
    "db": "wine", 
    "repetition": 1
  }, 
  "std": [
    0.09173044033585867, 
    0.05899375524489636, 
    0.07853368575694446, 
    0.024782942030718926, 
    0.024782942030718926, 
    0.056719531584436544, 
    0.11232773916091335
  ]
}