{
  "adv_t": [
    2,
    0,
    3,
    4,
    0,
    5,
    4
  ],
  "adv_w": [
    2,
    0,
    3,
    4,
    0,
    5,
    4
  ],
  "clfs": [
    "Nearest Neighbors",
    "RBF SVM",
    "Decision Tree",
    "Random Forest",
    "Neural Net",
    "Naive Bayes",
    "Linear SVM"
  ],
  "mean": [
    0.7067929292929293,
    0.3988636363636364,
    0.896540404040404,
    0.9393939393939394,
    0.3988636363636364,
    0.9608080808080807,
    0.9302525252525253
  ],
  "parameters": {
    "cv_method": "k2x5",
    "db": "wine",
    "repetition": 4
  },
  "std": [
    0.027835225260990235,
    0.0011978324470334994,
    0.03615690745823225,
    0.03855880436669167,
    0.0011978324470334994,
    0.02596765193555664,
    0.025095414741727263
  ]
}