{
  "adv_t": [
    3, 
    4, 
    4, 
    0, 
    0, 
    4, 
    2
  ], 
  "adv_w": [
    3, 
    4, 
    4, 
    0, 
    0, 
    4, 
    2
  ], 
  "clfs": [
    "Decision Tree", 
    "Naive Bayes", 
    "Linear SVM", 
    "Neural Net", 
    "RBF SVM", 
    "Random Forest", 
    "Nearest Neighbors"
  ], 
  "mean": [
    0.8625793650793652, 
    0.9756944444444444, 
    0.9519444444444446, 
    0.3980952380952381, 
    0.3980952380952381, 
    0.9726388888888888, 
    0.7093253968253969
  ], 
  "parameters": {
    "cv_method": "k20", 
    "db": "wine", 
    "repetition": 3
  }, 
  "std": [
    0.1149420939707652, 
    0.04995022701337262, 
    0.09280963839955982, 
    0.024782942030718926, 
    0.024782942030718926, 
    0.05864422168331768, 
    0.10366309236551398
  ]
}