{
  "adv_t": [
    3, 
    4, 
    4, 
    0, 
    0, 
    4, 
    2
  ], 
  "adv_w": [
    3, 
    4, 
    4, 
    0, 
    0, 
    4, 
    2
  ], 
  "clfs": [
    "Decision Tree", 
    "Naive Bayes", 
    "Linear SVM", 
    "Neural Net", 
    "RBF SVM", 
    "Random Forest", 
    "Nearest Neighbors"
  ], 
  "mean": [
    0.8971428571428575, 
    0.9696825396825397, 
    0.9538095238095239, 
    0.39825396825396825, 
    0.39825396825396825, 
    0.9546031746031748, 
    0.7214285714285715
  ], 
  "parameters": {
    "cv_method": "k30", 
    "db": "wine", 
    "repetition": 5
  }, 
  "std": [
    0.1299993684461102, 
    0.0696324065063398, 
    0.07881511695162623, 
    0.04152242607277435, 
    0.04152242607277435, 
    0.07767169916145031, 
    0.22335925779350943
  ]
}