{
  "adv_t": [
    2,
    0,
    3,
    4,
    0,
    4,
    3
  ],
  "adv_w": [
    2,
    0,
    3,
    4,
    0,
    4,
    3
  ],
  "clfs": [
    "Nearest Neighbors",
    "RBF SVM",
    "Decision Tree",
    "Random Forest",
    "Neural Net",
    "Naive Bayes",
    "Linear SVM"
  ],
  "mean": [
    0.7387698412698411,
    0.3980952380952381,
    0.8804166666666667,
    0.9675,
    0.3980952380952381,
    0.9781944444444445,
    0.9488888888888889
  ],
  "parameters": {
    "cv_method": "k20",
    "db": "wine",
    "repetition": 6
  },
  "std": [
    0.1157026662918549,
    0.024782942030718926,
    0.1057457312689805,
    0.06544382886752656,
    0.024782942030718926,
    0.044991831978363934,
    0.07115381575907244
  ]
}