{
  "adv_t": [
    3, 
    4, 
    4, 
    0, 
    0, 
    4, 
    2
  ], 
  "adv_w": [
    3, 
    4, 
    4, 
    0, 
    0, 
    4, 
    2
  ], 
  "clfs": [
    "Decision Tree", 
    "Naive Bayes", 
    "Linear SVM", 
    "Neural Net", 
    "RBF SVM", 
    "Random Forest", 
    "Nearest Neighbors"
  ], 
  "mean": [
    0.8772222222222222, 
    0.9726388888888889, 
    0.956388888888889, 
    0.3980952380952381, 
    0.3980952380952381, 
    0.9653571428571428, 
    0.7264880952380952
  ], 
  "parameters": {
    "cv_method": "k20", 
    "db": "wine", 
    "repetition": 8
  }, 
  "std": [
    0.0879962489601638, 
    0.04885195142360987, 
    0.055204298925745285, 
    0.024782942030718926, 
    0.024782942030718926, 
    0.055086349558000375, 
    0.15406128900553445
  ]
}