{
  "adv_t": [
    2,
    0,
    3,
    4,
    0,
    4,
    4
  ],
  "adv_w": [
    2,
    0,
    3,
    4,
    0,
    4,
    4
  ],
  "clfs": [
    "Nearest Neighbors",
    "RBF SVM",
    "Decision Tree",
    "Random Forest",
    "Neural Net",
    "Naive Bayes",
    "Linear SVM"
  ],
  "mean": [
    0.6966269841269841,
    0.3980952380952381,
    0.8986904761904763,
    0.966388888888889,
    0.3980952380952381,
    0.9781944444444445,
    0.9556944444444445
  ],
  "parameters": {
    "cv_method": "k20",
    "db": "wine",
    "repetition": 5
  },
  "std": [
    0.11842327929729109,
    0.024782942030718926,
    0.08525940788860197,
    0.05298819243955862,
    0.024782942030718926,
    0.044991831978363934,
    0.056176898206805194
  ]
}