{
  "adv_t": [
    2,
    0,
    3,
    3,
    0,
    4,
    3
  ],
  "adv_w": [
    2,
    0,
    3,
    3,
    0,
    3,
    3
  ],
  "clfs": [
    "Nearest Neighbors",
    "RBF SVM",
    "Decision Tree",
    "Random Forest",
    "Neural Net",
    "Naive Bayes",
    "Linear SVM"
  ],
  "mean": [
    0.7189800481596148,
    0.3992539559683522,
    0.8933135534915723,
    0.961111111111111,
    0.3992539559683522,
    0.982638888888889,
    0.9597630718954248
  ],
  "parameters": {
    "cv_method": "k10",
    "db": "wine",
    "repetition": 9
  },
  "std": [
    0.08639999584694148,
    0.01778421058376654,
    0.07147275391216658,
    0.05270462766947298,
    0.01778421058376654,
    0.03835194797634467,
    0.06001960249022691
  ]
}