{
  "adv_t": [
    2,
    0,
    3,
    4,
    0,
    4,
    3
  ],
  "adv_w": [
    2,
    0,
    3,
    5,
    0,
    5,
    4
  ],
  "clfs": [
    "Nearest Neighbors",
    "RBF SVM",
    "Decision Tree",
    "Random Forest",
    "Neural Net",
    "Naive Bayes",
    "Linear SVM"
  ],
  "mean": [
    0.7211309523809524,
    0.3980952380952381,
    0.9054960317460319,
    0.975,
    0.3980952380952381,
    0.9775,
    0.9512499999999999
  ],
  "parameters": {
    "cv_method": "k20",
    "db": "wine",
    "repetition": 8
  },
  "std": [
    0.12401999941328883,
    0.024782942030718926,
    0.1157593967937619,
    0.051298917604257706,
    0.024782942030718926,
    0.0617188020486123,
    0.07366129812937906
  ]
}