{
  "adv_t": [
    3, 
    6, 
    4, 
    0, 
    0, 
    4, 
    2
  ], 
  "adv_w": [
    3, 
    6, 
    4, 
    0, 
    0, 
    4, 
    2
  ], 
  "clfs": [
    "Decision Tree", 
    "Naive Bayes", 
    "Linear SVM", 
    "Neural Net", 
    "RBF SVM", 
    "Random Forest", 
    "Nearest Neighbors"
  ], 
  "mean": [
    0.8999494949494948, 
    0.9718939393939394, 
    0.9383080808080809, 
    0.3988636363636364, 
    0.3988636363636364, 
    0.9405050505050504, 
    0.6931565656565658
  ], 
  "parameters": {
    "cv_method": "k2x5", 
    "db": "wine", 
    "repetition": 9
  }, 
  "std": [
    0.023008547524588318, 
    0.012227166218613332, 
    0.031009819968237016, 
    0.0011978324470334994, 
    0.0011978324470334994, 
    0.02310240353020787, 
    0.04122267097480242
  ]
}