{
  "adv_t": [
    2,
    0,
    3,
    3,
    0,
    4,
    3
  ],
  "adv_w": [
    2,
    0,
    3,
    3,
    0,
    3,
    3
  ],
  "clfs": [
    "Nearest Neighbors",
    "RBF SVM",
    "Decision Tree",
    "Random Forest",
    "Neural Net",
    "Naive Bayes",
    "Linear SVM"
  ],
  "mean": [
    0.7140845373237015,
    0.3992539559683522,
    0.9044655142758857,
    0.9555211558307534,
    0.3992539559683522,
    0.9833333333333334,
    0.9555211558307534
  ],
  "parameters": {
    "cv_method": "k10",
    "db": "wine",
    "repetition": 3
  },
  "std": [
    0.07482436659392575,
    0.01778421058376654,
    0.06514377656785757,
    0.04385685358766983,
    0.01778421058376654,
    0.03749714209503073,
    0.057403534029649775
  ]
}