{
  "adv_t": [
    3, 
    4, 
    3, 
    0, 
    0, 
    3, 
    2
  ], 
  "adv_w": [
    3, 
    4, 
    3, 
    0, 
    0, 
    4, 
    2
  ], 
  "clfs": [
    "Decision Tree", 
    "Naive Bayes", 
    "Linear SVM", 
    "Neural Net", 
    "RBF SVM", 
    "Random Forest", 
    "Nearest Neighbors"
  ], 
  "mean": [
    0.9152433780529756, 
    0.9722222222222221, 
    0.9447368421052632, 
    0.3992539559683522, 
    0.3992539559683522, 
    0.9547514619883041, 
    0.7265372377020984
  ], 
  "parameters": {
    "cv_method": "k10", 
    "db": "wine", 
    "repetition": 2
  }, 
  "std": [
    0.0405972849270824, 
    0.039283710065919325, 
    0.06929612079770778, 
    0.01778421058376654, 
    0.01778421058376654, 
    0.05243996462255346, 
    0.130392654097904
  ]
}