{
  "adv_t": [
    3, 
    3, 
    3, 
    0, 
    0, 
    3, 
    2
  ], 
  "adv_w": [
    3, 
    3, 
    3, 
    0, 
    0, 
    3, 
    2
  ], 
  "clfs": [
    "Decision Tree", 
    "Naive Bayes", 
    "Linear SVM", 
    "Neural Net", 
    "RBF SVM", 
    "Random Forest", 
    "Nearest Neighbors"
  ], 
  "mean": [
    0.9198015873015875, 
    0.9769444444444446, 
    0.9551388888888889, 
    0.3980952380952381, 
    0.3980952380952381, 
    0.9544444444444444, 
    0.6891269841269841
  ], 
  "parameters": {
    "cv_method": "k20", 
    "db": "wine", 
    "repetition": 0
  }, 
  "std": [
    0.07578297763688976, 
    0.062498213099862, 
    0.07697093512359823, 
    0.024782942030718926, 
    0.024782942030718926, 
    0.08138262654789201, 
    0.11440642411565068
  ]
}