{
  "adv_t": [
    2,
    0,
    3,
    4,
    0,
    4,
    3
  ],
  "adv_w": [
    2,
    0,
    3,
    4,
    0,
    4,
    4
  ],
  "clfs": [
    "Nearest Neighbors",
    "RBF SVM",
    "Decision Tree",
    "Random Forest",
    "Neural Net",
    "Naive Bayes",
    "Linear SVM"
  ],
  "mean": [
    0.7222420634920634,
    0.3980952380952381,
    0.891388888888889,
    0.9724999999999999,
    0.3980952380952381,
    0.9769444444444446,
    0.9494444444444445
  ],
  "parameters": {
    "cv_method": "k20",
    "db": "wine",
    "repetition": 4
  },
  "std": [
    0.1375124222708342,
    0.024782942030718926,
    0.12946351790808022,
    0.049271001399883975,
    0.024782942030718926,
    0.04755302091950101,
    0.05791481723946336
  ]
}