{
  "adv_t": [
    3, 
    4, 
    3, 
    0, 
    0, 
    4, 
    2
  ], 
  "adv_w": [
    3, 
    4, 
    3, 
    0, 
    0, 
    4, 
    2
  ], 
  "clfs": [
    "Decision Tree", 
    "Naive Bayes", 
    "Linear SVM", 
    "Neural Net", 
    "RBF SVM", 
    "Random Forest", 
    "Nearest Neighbors"
  ], 
  "mean": [
    0.8944444444444446, 
    0.9838095238095239, 
    0.9490476190476191, 
    0.39825396825396825, 
    0.39825396825396825, 
    0.9782539682539684, 
    0.7325396825396827
  ], 
  "parameters": {
    "cv_method": "k30", 
    "db": "wine", 
    "repetition": 9
  }, 
  "std": [
    0.10161017633812752, 
    0.05015575084858714, 
    0.10297133781289909, 
    0.04152242607277435, 
    0.04152242607277435, 
    0.05705635671539796, 
    0.18539648330565042
  ]
}