{
  "adv_t": [
    3, 
    3, 
    3, 
    0, 
    0, 
    3, 
    2
  ], 
  "adv_w": [
    3, 
    3, 
    3, 
    0, 
    0, 
    3, 
    2
  ], 
  "clfs": [
    "Decision Tree", 
    "Naive Bayes", 
    "Linear SVM", 
    "Neural Net", 
    "RBF SVM", 
    "Random Forest", 
    "Nearest Neighbors"
  ], 
  "mean": [
    0.9339181286549708, 
    0.9777777777777779, 
    0.9505847953216374, 
    0.3992539559683522, 
    0.3992539559683522, 
    0.9721878224974201, 
    0.7254471964224286
  ], 
  "parameters": {
    "cv_method": "k10", 
    "db": "wine", 
    "repetition": 0
  }, 
  "std": [
    0.04319839407347487, 
    0.03884477215445008, 
    0.047856643750868955, 
    0.01778421058376654, 
    0.01778421058376654, 
    0.029352981676784712, 
    0.07695602409855754
  ]
}