{
  "adv_t": [
    2,
    0,
    3,
    3,
    0,
    4,
    3
  ],
  "adv_w": [
    2,
    0,
    3,
    3,
    0,
    4,
    4
  ],
  "clfs": [
    "Nearest Neighbors",
    "RBF SVM",
    "Decision Tree",
    "Random Forest",
    "Neural Net",
    "Naive Bayes",
    "Linear SVM"
  ],
  "mean": [
    0.7198809523809524,
    0.3980952380952381,
    0.9092460317460318,
    0.9600000000000002,
    0.3980952380952381,
    0.97875,
    0.9569444444444445
  ],
  "parameters": {
    "cv_method": "k20",
    "db": "wine",
    "repetition": 1
  },
  "std": [
    0.17313232823226973,
    0.024782942030718926,
    0.07084968009182016,
    0.05642880936468346,
    0.024782942030718926,
    0.04388606660553281,
    0.0634615763270621
  ]
}