{
  "adv_t": [
    2,
    0,
    3,
    4,
    0,
    4,
    4
  ],
  "adv_w": [
    2,
    0,
    3,
    4,
    0,
    5,
    4
  ],
  "clfs": [
    "Nearest Neighbors",
    "RBF SVM",
    "Decision Tree",
    "Random Forest",
    "Neural Net",
    "Naive Bayes",
    "Linear SVM"
  ],
  "mean": [
    0.7115079365079369,
    0.39825396825396825,
    0.8969047619047621,
    0.9573809523809523,
    0.39825396825396825,
    0.9688095238095239,
    0.9454761904761906
  ],
  "parameters": {
    "cv_method": "k30",
    "db": "wine",
    "repetition": 9
  },
  "std": [
    0.1625603496606064,
    0.04152242607277435,
    0.1037025668853313,
    0.08906590348180793,
    0.04152242607277435,
    0.07290308928248099,
    0.09437281392670645
  ]
}