{
  "adv_t": [
    2,
    0,
    3,
    4,
    0,
    4,
    3
  ],
  "adv_w": [
    2,
    0,
    3,
    4,
    0,
    4,
    4
  ],
  "clfs": [
    "Nearest Neighbors",
    "RBF SVM",
    "Decision Tree",
    "Random Forest",
    "Neural Net",
    "Naive Bayes",
    "Linear SVM"
  ],
  "mean": [
    0.7220634920634924,
    0.39825396825396825,
    0.8788888888888892,
    0.9800000000000001,
    0.39825396825396825,
    0.9755555555555556,
    0.9471428571428573
  ],
  "parameters": {
    "cv_method": "k30",
    "db": "wine",
    "repetition": 7
  },
  "std": [
    0.1546752736354262,
    0.04152242607277435,
    0.11193311546144022,
    0.06102571532587293,
    0.04152242607277435,
    0.06368825735690717,
    0.09118939364065236
  ]
}