{
  "adv_t": [
    2,
    0,
    3,
    5,
    0,
    5,
    3
  ],
  "adv_w": [
    2,
    0,
    3,
    5,
    0,
    5,
    3
  ],
  "clfs": [
    "Nearest Neighbors",
    "RBF SVM",
    "Decision Tree",
    "Random Forest",
    "Neural Net",
    "Naive Bayes",
    "Linear SVM"
  ],
  "mean": [
    0.6966414141414141,
    0.3988636363636364,
    0.8909848484848485,
    0.9606818181818182,
    0.3988636363636364,
    0.9707828282828281,
    0.9203282828282827
  ],
  "parameters": {
    "cv_method": "k2x5",
    "db": "wine",
    "repetition": 3
  },
  "std": [
    0.03577650023606937,
    0.0011978324470334994,
    0.032983972095141235,
    0.021408638224112608,
    0.0011978324470334994,
    0.005813628834113713,
    0.029036927035298202
  ]
}