{
  "adv_t": [
    2,
    0,
    3,
    5,
    0,
    4,
    4
  ],
  "adv_w": [
    2,
    0,
    3,
    5,
    0,
    4,
    4
  ],
  "clfs": [
    "Nearest Neighbors",
    "RBF SVM",
    "Decision Tree",
    "Random Forest",
    "Neural Net",
    "Naive Bayes",
    "Linear SVM"
  ],
  "mean": [
    0.7211309523809524,
    0.3980952380952381,
    0.8857738095238096,
    0.9894444444444446,
    0.3980952380952381,
    0.966388888888889,
    0.9554960317460319
  ],
  "parameters": {
    "cv_method": "k20",
    "db": "wine",
    "repetition": 0
  },
  "std": [
    0.11522021131979154,
    0.024782942030718926,
    0.11087046345634488,
    0.03253927501425841,
    0.024782942030718926,
    0.052988192439558615,
    0.05671371201644143
  ]
}