{
  "adv_t": [
    2,
    0,
    3,
    4,
    0,
    5,
    3
  ],
  "adv_w": [
    2,
    0,
    3,
    4,
    0,
    5,
    3
  ],
  "clfs": [
    "Nearest Neighbors",
    "RBF SVM",
    "Decision Tree",
    "Random Forest",
    "Neural Net",
    "Naive Bayes",
    "Linear SVM"
  ],
  "mean": [
    0.6809090909090909,
    0.3988636363636364,
    0.9067676767676767,
    0.9516666666666665,
    0.3988636363636364,
    0.9752777777777777,
    0.9358333333333334
  ],
  "parameters": {
    "cv_method": "k2x5",
    "db": "wine",
    "repetition": 0
  },
  "std": [
    0.041046070429979785,
    0.0011978324470334994,
    0.03490776363243507,
    0.03068668470917468,
    0.0011978324470334994,
    0.0128357757573968,
    0.035127030138115474
  ]
}