{
  "adv_t": [
    3, 
    4, 
    4, 
    0, 
    0, 
    4, 
    2
  ], 
  "adv_w": [
    3, 
    5, 
    4, 
    0, 
    0, 
    4, 
    2
  ], 
  "clfs": [
    "Decision Tree", 
    "Naive Bayes", 
    "Linear SVM", 
    "Neural Net", 
    "RBF SVM", 
    "Random Forest", 
    "Nearest Neighbors"
  ], 
  "mean": [
    0.8992367561059511, 
    0.9830065359477125, 
    0.9486519607843137, 
    0.3992539559683522, 
    0.3992539559683522, 
    0.9666322669418644, 
    0.7355026659786723
  ], 
  "parameters": {
    "cv_method": "k10", 
    "db": "wine", 
    "repetition": 1
  }, 
  "std": [
    0.03436476391857879, 
    0.027376528701437537, 
    0.05619203796299048, 
    0.01778421058376654, 
    0.01778421058376654, 
    0.05370747118669194, 
    0.1260234988057883
  ]
}