{
  "adv_t": [
    2,
    0,
    3,
    4,
    0,
    4,
    4
  ],
  "adv_w": [
    2,
    0,
    3,
    4,
    0,
    4,
    4
  ],
  "clfs": [
    "Nearest Neighbors",
    "RBF SVM",
    "Decision Tree",
    "Random Forest",
    "Neural Net",
    "Naive Bayes",
    "Linear SVM"
  ],
  "mean": [
    0.7370436507936508,
    0.3980952380952381,
    0.8965476190476191,
    0.9831944444444446,
    0.3980952380952381,
    0.9766071428571429,
    0.9551388888888891
  ],
  "parameters": {
    "cv_method": "k20",
    "db": "wine",
    "repetition": 9
  },
  "std": [
    0.14418631602329168,
    0.024782942030718926,
    0.09483275794341443,
    0.04124518795647139,
    0.024782942030718926,
    0.048714338081245416,
    0.07855850325743283
  ]
}