{
  "adv_t": [
    2,
    0,
    3,
    4,
    0,
    4,
    4
  ],
  "adv_w": [
    2,
    0,
    3,
    4,
    0,
    5,
    4
  ],
  "clfs": [
    "Nearest Neighbors",
    "RBF SVM",
    "Decision Tree",
    "Random Forest",
    "Neural Net",
    "Naive Bayes",
    "Linear SVM"
  ],
  "mean": [
    0.7335977812177502,
    0.3992539559683522,
    0.8873968008255932,
    0.9777777777777779,
    0.3992539559683522,
    0.9836257309941521,
    0.9610767113863089
  ],
  "parameters": {
    "cv_method": "k10",
    "db": "wine",
    "repetition": 7
  },
  "std": [
    0.1032523958746181,
    0.01778421058376654,
    0.058993940251763057,
    0.03884477215445008,
    0.01778421058376654,
    0.037170172121802826,
    0.03754257586247591
  ]
}