{
  "adv_t": [
    3, 
    4, 
    3, 
    0, 
    0, 
    4, 
    2
  ], 
  "adv_w": [
    3, 
    3, 
    3, 
    0, 
    0, 
    4, 
    2
  ], 
  "clfs": [
    "Decision Tree", 
    "Naive Bayes", 
    "Linear SVM", 
    "Neural Net", 
    "RBF SVM", 
    "Random Forest", 
    "Nearest Neighbors"
  ], 
  "mean": [
    0.8929867561059511, 
    0.9780701754385965, 
    0.9499656002751978, 
    0.3992539559683522, 
    0.3992539559683522, 
    0.9721878224974201, 
    0.7137577399380806
  ], 
  "parameters": {
    "cv_method": "k10", 
    "db": "wine", 
    "repetition": 5
  }, 
  "std": [
    0.049110794828526316, 
    0.038576057362891436, 
    0.04102370106371788, 
    0.01778421058376654, 
    0.01778421058376654, 
    0.029352981676784712, 
    0.11608371155038583
  ]
}