{
  "adv_t": [
    3, 
    4, 
    3, 
    0, 
    0, 
    4, 
    2
  ], 
  "adv_w": [
    3, 
    5, 
    4, 
    0, 
    0, 
    4, 
    2
  ], 
  "clfs": [
    "Decision Tree", 
    "Naive Bayes", 
    "Linear SVM", 
    "Neural Net", 
    "RBF SVM", 
    "Random Forest", 
    "Nearest Neighbors"
  ], 
  "mean": [
    0.9079960317460317, 
    0.9781944444444445, 
    0.9445833333333333, 
    0.3980952380952381, 
    0.3980952380952381, 
    0.9769444444444446, 
    0.7264880952380952
  ], 
  "parameters": {
    "cv_method": "k20", 
    "db": "wine", 
    "repetition": 2
  }, 
  "std": [
    0.09145891162600474, 
    0.044991831978363934, 
    0.07737193090525657, 
    0.024782942030718926, 
    0.024782942030718926, 
    0.047553020919501005, 
    0.18704245713218914
  ]
}