{
  "adv_t": [
    3, 
    6, 
    3, 
    0, 
    0, 
    4, 
    2
  ], 
  "adv_w": [
    3, 
    6, 
    3, 
    0, 
    0, 
    4, 
    2
  ], 
  "clfs": [
    "Decision Tree", 
    "Naive Bayes", 
    "Linear SVM", 
    "Neural Net", 
    "RBF SVM", 
    "Random Forest", 
    "Nearest Neighbors"
  ], 
  "mean": [
    0.917878787878788, 
    0.9731060606060605, 
    0.9425757575757577, 
    0.3988636363636364, 
    0.3988636363636364, 
    0.954949494949495, 
    0.6752272727272729
  ], 
  "parameters": {
    "cv_method": "k2x5", 
    "db": "wine", 
    "repetition": 7
  }, 
  "std": [
    0.035142225638892174, 
    0.011826075092926058, 
    0.023184452706138205, 
    0.0011978324470334994, 
    0.0011978324470334994, 
    0.02020699994742009, 
    0.03343509150766427
  ]
}