{
  "adv_t": [
    3, 
    5, 
    3, 
    0, 
    0, 
    3, 
    2
  ], 
  "adv_w": [
    3, 
    5, 
    4, 
    0, 
    0, 
    3, 
    2
  ], 
  "clfs": [
    "Decision Tree", 
    "Naive Bayes", 
    "Linear SVM", 
    "Neural Net", 
    "RBF SVM", 
    "Random Forest", 
    "Nearest Neighbors"
  ], 
  "mean": [
    0.8978030303030303, 
    0.9663131313131312, 
    0.9335606060606061, 
    0.3988636363636364, 
    0.3988636363636364, 
    0.9370959595959596, 
    0.709949494949495
  ], 
  "parameters": {
    "cv_method": "k2x5", 
    "db": "wine", 
    "repetition": 1
  }, 
  "std": [
    0.040060451619050357, 
    0.014905028356498278, 
    0.03329791208844188, 
    0.0011978324470334994, 
    0.0011978324470334994, 
    0.02179060289325626, 
    0.041309508950214534
  ]
}