{
  "adv_t": [
    2,
    0,
    3,
    4,
    0,
    4,
    4
  ],
  "adv_w": [
    2,
    0,
    3,
    4,
    0,
    5,
    4
  ],
  "clfs": [
    "Nearest Neighbors",
    "RBF SVM",
    "Decision Tree",
    "Random Forest",
    "Neural Net",
    "Naive Bayes",
    "Linear SVM"
  ],
  "mean": [
    0.7325012899896801,
    0.3992539559683522,
    0.8766468868249054,
    0.9541322669418644,
    0.3992539559683522,
    0.9777777777777779,
    0.9558479532163744
  ],
  "parameters": {
    "cv_method": "k10",
    "db": "wine",
    "repetition": 1
  },
  "std": [
    0.12104290486396962,
    0.01778421058376654,
    0.07741056534872139,
    0.04635050026644152,
    0.01778421058376654,
    0.028688765527462363,
    0.043750134011996594
  ]
}