{
  "adv_t": [
    3, 
    4, 
    3, 
    0, 
    0, 
    4, 
    2
  ], 
  "adv_w": [
    3, 
    4, 
    4, 
    0, 
    0, 
    4, 
    2
  ], 
  "clfs": [
    "Decision Tree", 
    "Naive Bayes", 
    "Linear SVM", 
    "Neural Net", 
    "RBF SVM", 
    "Random Forest", 
    "Nearest Neighbors"
  ], 
  "mean": [
    0.8657936507936511, 
    0.9661111111111113, 
    0.9451587301587303, 
    0.39825396825396825, 
    0.39825396825396825, 
    0.983015873015873, 
    0.7265079365079365
  ], 
  "parameters": {
    "cv_method": "k30", 
    "db": "wine", 
    "repetition": 4
  }, 
  "std": [
    0.14431181018425754, 
    0.07786462037409898, 
    0.10861060591035508, 
    0.04152242607277435, 
    0.04152242607277435, 
    0.0523687600877415, 
    0.1742725386162298
  ]
}