{
  "adv_t": [
    2,
    0,
    3,
    4,
    0,
    4,
    4
  ],
  "adv_w": [
    2,
    0,
    3,
    4,
    0,
    4,
    4
  ],
  "clfs": [
    "Nearest Neighbors",
    "RBF SVM",
    "Decision Tree",
    "Random Forest",
    "Neural Net",
    "Naive Bayes",
    "Linear SVM"
  ],
  "mean": [
    0.7262698412698415,
    0.39825396825396825,
    0.8872222222222224,
    0.9553968253968255,
    0.39825396825396825,
    0.9754761904761905,
    0.9515873015873019
  ],
  "parameters": {
    "cv_method": "k30",
    "db": "wine",
    "repetition": 0
  },
  "std": [
    0.2061419899734994,
    0.04152242607277435,
    0.10493805785383067,
    0.07650267863206825,
    0.04152242607277435,
    0.06572508299959594,
    0.08268770147480825
  ]
}