{
  "adv_t": [
    2,
    0,
    3,
    4,
    0,
    4,
    3
  ],
  "adv_w": [
    2,
    0,
    3,
    4,
    0,
    4,
    3
  ],
  "clfs": [
    "Nearest Neighbors",
    "RBF SVM",
    "Decision Tree",
    "Random Forest",
    "Neural Net",
    "Naive Bayes",
    "Linear SVM"
  ],
  "mean": [
    0.7370634920634921,
    0.39825396825396825,
    0.8985714285714287,
    0.9631746031746033,
    0.39825396825396825,
    0.9715873015873018,
    0.9506349206349207
  ],
  "parameters": {
    "cv_method": "k30",
    "db": "wine",
    "repetition": 6
  },
  "std": [
    0.14562142652943233,
    0.04152242607277435,
    0.15090702389749727,
    0.08138043241719871,
    0.04152242607277435,
    0.06548905182933683,
    0.08660803275903318
  ]
}