{
  "adv_t": [
    2, 
    2, 
    2, 
    0, 
    1, 
    2, 
    2
  ], 
  "adv_w": [
    2, 
    2, 
    3, 
    0, 
    1, 
    3, 
    3
  ], 
  "clfs": [
    "Decision Tree", 
    "Naive Bayes", 
    "Linear SVM", 
    "Neural Net", 
    "RBF SVM", 
    "Random Forest", 
    "Nearest Neighbors"
  ], 
  "mean": [
    0.9411835748792273, 
    0.9542270531400966, 
    0.9556763285024155, 
    0.6565217391304347, 
    0.8641908212560387, 
    0.9557367149758452, 
    0.9584541062801931
  ], 
  "parameters": {
    "cv_method": "k30", 
    "db": "wisconsin", 
    "repetition": 2
  }, 
  "std": [
    0.05281602187105732, 
    0.03172897597205303, 
    0.04157485412146373, 
    0.006754950720281128, 
    0.056462850328581005, 
    0.032815172184128154, 
    0.034846493749546216
  ]
}