{
  "adv_t": [
    2, 
    2, 
    2, 
    0, 
    1, 
    3, 
    2
  ], 
  "adv_w": [
    2, 
    2, 
    2, 
    0, 
    1, 
    3, 
    2
  ], 
  "clfs": [
    "Decision Tree", 
    "Naive Bayes", 
    "Linear SVM", 
    "Neural Net", 
    "RBF SVM", 
    "Random Forest", 
    "Nearest Neighbors"
  ], 
  "mean": [
    0.9384679089026916, 
    0.9541407867494824, 
    0.9541821946169773, 
    0.6566459627329193, 
    0.8626708074534161, 
    0.9627536231884057, 
    0.9598757763975156
  ], 
  "parameters": {
    "cv_method": "k10", 
    "db": "wisconsin", 
    "repetition": 8
  }, 
  "std": [
    0.020318426103009737, 
    0.02950086560576312, 
    0.022266982086210484, 
    0.0015713180920091285, 
    0.05000199319612935, 
    0.022714112001370856, 
    0.028636167540920295
  ]
}