{
  "adv_t": [
    2,
    1,
    2,
    2,
    0,
    2,
    2
  ],
  "adv_w": [
    2,
    1,
    2,
    2,
    0,
    2,
    2
  ],
  "clfs": [
    "Nearest Neighbors",
    "RBF SVM",
    "Decision Tree",
    "Random Forest",
    "Neural Net",
    "Naive Bayes",
    "Linear SVM"
  ],
  "mean": [
    0.9585748792270531,
    0.8645531400966188,
    0.9472222222222223,
    0.957306763285024,
    0.6565217391304347,
    0.9543478260869566,
    0.9544082125603864
  ],
  "parameters": {
    "cv_method": "k30",
    "db": "wisconsin",
    "repetition": 6
  },
  "std": [
    0.046717220877125924,
    0.06718444250684862,
    0.04568600688728684,
    0.04847888679819829,
    0.006754950720281128,
    0.049868279952723665,
    0.04578337636225422
  ]
}