{
  "adv_t": [
    2, 
    2, 
    2, 
    0, 
    1, 
    2, 
    2
  ], 
  "adv_w": [
    2, 
    2, 
    3, 
    0, 
    1, 
    2, 
    2
  ], 
  "clfs": [
    "Decision Tree", 
    "Naive Bayes", 
    "Linear SVM", 
    "Neural Net", 
    "RBF SVM", 
    "Random Forest", 
    "Nearest Neighbors"
  ], 
  "mean": [
    0.9427743271221531, 
    0.9542443064182194, 
    0.9542028985507246, 
    0.6566459627329193, 
    0.8525879917184265, 
    0.95712215320911, 
    0.9585093167701864
  ], 
  "parameters": {
    "cv_method": "k10", 
    "db": "wisconsin", 
    "repetition": 9
  }, 
  "std": [
    0.027767672591503968, 
    0.02673935286287856, 
    0.025060370734634272, 
    0.0015713180920091285, 
    0.04342202811355233, 
    0.03156615556821191, 
    0.02813572424933447
  ]
}