{
  "adv_t": [
    2,
    1,
    2,
    2,
    0,
    2,
    2
  ],
  "adv_w": [
    3,
    1,
    2,
    2,
    0,
    2,
    3
  ],
  "clfs": [
    "Nearest Neighbors",
    "RBF SVM",
    "Decision Tree",
    "Random Forest",
    "Neural Net",
    "Naive Bayes",
    "Linear SVM"
  ],
  "mean": [
    0.95712215320911,
    0.8598550724637679,
    0.9413664596273292,
    0.9571014492753624,
    0.6566459627329193,
    0.9542236024844722,
    0.955672877846791
  ],
  "parameters": {
    "cv_method": "k10",
    "db": "wisconsin",
    "repetition": 2
  },
  "std": [
    0.024254049394903773,
    0.044934103128788025,
    0.03257854598835184,
    0.030095383185746758,
    0.0015713180920091285,
    0.028405993275071224,
    0.025571467601160795
  ]
}