{
  "adv_t": [
    2, 
    3, 
    3, 
    0, 
    1, 
    3, 
    3
  ], 
  "adv_w": [
    2, 
    3, 
    3, 
    0, 
    1, 
    3, 
    3
  ], 
  "clfs": [
    "Decision Tree", 
    "Naive Bayes", 
    "Linear SVM", 
    "Neural Net", 
    "RBF SVM", 
    "Random Forest", 
    "Nearest Neighbors"
  ], 
  "mean": [
    0.9287589029881295, 
    0.9553761768317642, 
    0.9573712648383135, 
    0.6853049529267294, 
    0.8386369218174374, 
    0.9582333196889069, 
    0.9559386000818666
  ], 
  "parameters": {
    "cv_method": "k2x5", 
    "db": "wisconsin", 
    "repetition": 3
  }, 
  "std": [
    0.015687261903442634, 
    0.013118570719769651, 
    0.00789208659934288, 
    0.09043840268939968, 
    0.013961888095359651, 
    0.008824957364793606, 
    0.009925936227625368
  ]
}