{
  "adv_t": [
    2, 
    2, 
    2, 
    0, 
    1, 
    2, 
    2
  ], 
  "adv_w": [
    2, 
    2, 
    2, 
    0, 
    1, 
    2, 
    2
  ], 
  "clfs": [
    "Decision Tree", 
    "Naive Bayes", 
    "Linear SVM", 
    "Neural Net", 
    "RBF SVM", 
    "Random Forest", 
    "Nearest Neighbors"
  ], 
  "mean": [
    0.9428364389233955, 
    0.9542857142857143, 
    0.952815734989648, 
    0.6566459627329193, 
    0.859896480331263, 
    0.954265010351967, 
    0.9556728778467909
  ], 
  "parameters": {
    "cv_method": "k10", 
    "db": "wisconsin", 
    "repetition": 1
  }, 
  "std": [
    0.037469029543406446, 
    0.03071336285066113, 
    0.03434696705224029, 
    0.0015713180920091285, 
    0.04735859097213921, 
    0.03351529278990531, 
    0.03714193772602147
  ]
}