{
  "adv_t": [
    2, 
    2, 
    2, 
    0, 
    1, 
    2, 
    2
  ], 
  "adv_w": [
    2, 
    2, 
    3, 
    0, 
    1, 
    2, 
    2
  ], 
  "clfs": [
    "Decision Tree", 
    "Naive Bayes", 
    "Linear SVM", 
    "Neural Net", 
    "RBF SVM", 
    "Random Forest", 
    "Nearest Neighbors"
  ], 
  "mean": [
    0.9441425120772947, 
    0.9542270531400964, 
    0.959842995169082, 
    0.6565217391304347, 
    0.8658212560386477, 
    0.958514492753623, 
    0.959782608695652
  ], 
  "parameters": {
    "cv_method": "k30", 
    "db": "wisconsin", 
    "repetition": 8
  }, 
  "std": [
    0.04828802583287225, 
    0.03530143789943528, 
    0.02967646634760091, 
    0.006754950720281128, 
    0.06685559331916577, 
    0.03275879580185962, 
    0.03887882533012261
  ]
}