{
  "adv_t": [
    2, 
    2, 
    2, 
    0, 
    1, 
    2, 
    2
  ], 
  "adv_w": [
    2, 
    2, 
    3, 
    0, 
    1, 
    3, 
    3
  ], 
  "clfs": [
    "Decision Tree", 
    "Naive Bayes", 
    "Linear SVM", 
    "Neural Net", 
    "RBF SVM", 
    "Random Forest", 
    "Nearest Neighbors"
  ], 
  "mean": [
    0.9400000000000002, 
    0.9542436974789915, 
    0.9614285714285715, 
    0.6566386554621848, 
    0.858403361344538, 
    0.9557142857142858, 
    0.9600000000000002
  ], 
  "parameters": {
    "cv_method": "k20", 
    "db": "wisconsin", 
    "repetition": 4
  }, 
  "std": [
    0.04717588271325122, 
    0.03635694133017157, 
    0.038528240929051036, 
    0.0022548584647056626, 
    0.05666704889803749, 
    0.04194518442253653, 
    0.03517640064291956
  ]
}