{
  "adv_t": [
    3,
    1,
    2,
    3,
    0,
    3,
    3
  ],
  "adv_w": [
    3,
    1,
    2,
    5,
    0,
    3,
    3
  ],
  "clfs": [
    "Nearest Neighbors",
    "RBF SVM",
    "Decision Tree",
    "Random Forest",
    "Neural Net",
    "Naive Bayes",
    "Linear SVM"
  ],
  "mean": [
    0.9599159663865546,
    0.8569747899159665,
    0.9327310924369747,
    0.9685714285714286,
    0.6566386554621848,
    0.9542436974789915,
    0.9584873949579833
  ],
  "parameters": {
    "cv_method": "k20",
    "db": "wisconsin",
    "repetition": 0
  },
  "std": [
    0.028476440170633385,
    0.056301266761396455,
    0.046659450042234804,
    0.029166730601945176,
    0.0022548584647056626,
    0.032619623808821566,
    0.03650581112876492
  ]
}