{
  "adv_t": [
    2, 
    2, 
    2, 
    0, 
    1, 
    2, 
    2
  ], 
  "adv_w": [
    2, 
    2, 
    2, 
    0, 
    1, 
    3, 
    2
  ], 
  "clfs": [
    "Decision Tree", 
    "Naive Bayes", 
    "Linear SVM", 
    "Neural Net", 
    "RBF SVM", 
    "Random Forest", 
    "Nearest Neighbors"
  ], 
  "mean": [
    0.9455882352941176, 
    0.9542016806722688, 
    0.9542016806722688, 
    0.6566386554621848, 
    0.8655042016806723, 
    0.9642016806722691, 
    0.9584873949579832
  ], 
  "parameters": {
    "cv_method": "k20", 
    "db": "wisconsin", 
    "repetition": 7
  }, 
  "std": [
    0.03590266938235884, 
    0.03133296875616156, 
    0.03520713360288073, 
    0.0022548584647056626, 
    0.05174039978588163, 
    0.03458610419345203, 
    0.037664351244307316
  ]
}