{
  "adv_t": [
    2, 
    3, 
    3, 
    0, 
    1, 
    3, 
    3
  ], 
  "adv_w": [
    2, 
    3, 
    3, 
    0, 
    1, 
    3, 
    3
  ], 
  "clfs": [
    "Decision Tree", 
    "Naive Bayes", 
    "Linear SVM", 
    "Neural Net", 
    "RBF SVM", 
    "Random Forest", 
    "Nearest Neighbors"
  ], 
  "mean": [
    0.9281792877609496, 
    0.9542128530495294, 
    0.9550708145722471, 
    0.6850184199754401, 
    0.836334834220221, 
    0.9576479738027016, 
    0.9565026606631191
  ], 
  "parameters": {
    "cv_method": "k2x5", 
    "db": "wisconsin", 
    "repetition": 4
  }, 
  "std": [
    0.012979438572772345, 
    0.007060707223816759, 
    0.008793682258873343, 
    0.08953231927187157, 
    0.020851858454114483, 
    0.008211500074362684, 
    0.009060484078777865
  ]
}