{
  "adv_t": [
    2, 
    3, 
    3, 
    0, 
    1, 
    3, 
    3
  ], 
  "adv_w": [
    2, 
    2, 
    3, 
    0, 
    0, 
    3, 
    3
  ], 
  "clfs": [
    "Decision Tree", 
    "Naive Bayes", 
    "Linear SVM", 
    "Neural Net", 
    "RBF SVM", 
    "Random Forest", 
    "Nearest Neighbors"
  ], 
  "mean": [
    0.9399205894392141, 
    0.9550699959066721, 
    0.9565042979942693, 
    0.7155923045435941, 
    0.8412042570609906, 
    0.9570781825624234, 
    0.9573614408514123
  ], 
  "parameters": {
    "cv_method": "k2x5", 
    "db": "wisconsin", 
    "repetition": 6
  }, 
  "std": [
    0.0070784390864550234, 
    0.00848268157530142, 
    0.005235689051182666, 
    0.12426633727201018, 
    0.011891107035783324, 
    0.0060556213549368305, 
    0.006713180902884984
  ]
}