{
  "adv_t": [
    2, 
    3, 
    3, 
    0, 
    1, 
    3, 
    3
  ], 
  "adv_w": [
    2, 
    3, 
    3, 
    0, 
    1, 
    3, 
    3
  ], 
  "clfs": [
    "Decision Tree", 
    "Naive Bayes", 
    "Linear SVM", 
    "Neural Net", 
    "RBF SVM", 
    "Random Forest", 
    "Nearest Neighbors"
  ], 
  "mean": [
    0.9293434302087598, 
    0.9533712648383135, 
    0.9530814572247236, 
    0.6566516577977897, 
    0.8377805976258699, 
    0.959375358166189, 
    0.9582325010233319
  ], 
  "parameters": {
    "cv_method": "k2x5", 
    "db": "wisconsin", 
    "repetition": 1
  }, 
  "std": [
    0.014569922925480577, 
    0.009100479266409629, 
    0.010870708484115648, 
    0.0005177695718654606, 
    0.01067005051871465, 
    0.007570046764916275, 
    0.008187750370264302
  ]
}