{
  "adv_t": [
    2, 
    2, 
    2, 
    0, 
    1, 
    2, 
    2
  ], 
  "adv_w": [
    2, 
    2, 
    2, 
    0, 
    1, 
    2, 
    3
  ], 
  "clfs": [
    "Decision Tree", 
    "Naive Bayes", 
    "Linear SVM", 
    "Neural Net", 
    "RBF SVM", 
    "Random Forest", 
    "Nearest Neighbors"
  ], 
  "mean": [
    0.9485294117647058, 
    0.9542436974789916, 
    0.9584873949579833, 
    0.6566386554621848, 
    0.8612605042016808, 
    0.9585294117647057, 
    0.9599579831932774
  ], 
  "parameters": {
    "cv_method": "k20", 
    "db": "wisconsin", 
    "repetition": 1
  }, 
  "std": [
    0.03154030921371265, 
    0.032619623808821566, 
    0.025401601884232815, 
    0.0022548584647056626, 
    0.05419586897861348, 
    0.029983419127952635, 
    0.029877869833742698
  ]
}