{
  "adv_t": [
    2, 
    2, 
    2, 
    0, 
    1, 
    2, 
    2
  ], 
  "adv_w": [
    2, 
    2, 
    2, 
    0, 
    1, 
    3, 
    2
  ], 
  "clfs": [
    "Decision Tree", 
    "Naive Bayes", 
    "Linear SVM", 
    "Neural Net", 
    "RBF SVM", 
    "Random Forest", 
    "Nearest Neighbors"
  ], 
  "mean": [
    0.9427731092436977, 
    0.9542436974789915, 
    0.96, 
    0.6566386554621848, 
    0.8627310924369749, 
    0.958529411764706, 
    0.9599579831932774
  ], 
  "parameters": {
    "cv_method": "k20", 
    "db": "wisconsin", 
    "repetition": 0
  }, 
  "std": [
    0.03933020703864607, 
    0.028394586314516718, 
    0.0268664197703787, 
    0.0022548584647056626, 
    0.047669534249810984, 
    0.029983419127952635, 
    0.023430123172106344
  ]
}