{
  "adv_t": [
    2,
    1,
    2,
    3,
    0,
    2,
    2
  ],
  "adv_w": [
    3,
    1,
    2,
    4,
    0,
    2,
    3
  ],
  "clfs": [
    "Nearest Neighbors",
    "RBF SVM",
    "Decision Tree",
    "Random Forest",
    "Neural Net",
    "Naive Bayes",
    "Linear SVM"
  ],
  "mean": [
    0.9570393374741203,
    0.8626708074534163,
    0.9441821946169773,
    0.965672877846791,
    0.6566459627329193,
    0.9542236024844721,
    0.9570393374741203
  ],
  "parameters": {
    "cv_method": "k10",
    "db": "wisconsin",
    "repetition": 3
  },
  "std": [
    0.022484351308192388,
    0.03442392452672405,
    0.0207916705521383,
    0.019271051297017876,
    0.0015713180920091285,
    0.0210734112701331,
    0.019222165122105915
  ]
}