{
  "adv_t": [
    2,
    1,
    2,
    2,
    0,
    2,
    2
  ],
  "adv_w": [
    2,
    1,
    2,
    3,
    0,
    2,
    2
  ],
  "clfs": [
    "Nearest Neighbors",
    "RBF SVM",
    "Decision Tree",
    "Random Forest",
    "Neural Net",
    "Naive Bayes",
    "Linear SVM"
  ],
  "mean": [
    0.9583937198067632,
    0.8647946859903382,
    0.9483695652173912,
    0.9599033816425121,
    0.6565217391304347,
    0.9543478260869566,
    0.9555555555555556
  ],
  "parameters": {
    "cv_method": "k30",
    "db": "wisconsin",
    "repetition": 2
  },
  "std": [
    0.04332307003882164,
    0.07848036409108063,
    0.0526164107534214,
    0.042343527082707194,
    0.006754950720281128,
    0.04658541758231216,
    0.04023582755808055
  ]
}