{
  "adv_t": [
    2,
    1,
    2,
    3,
    0,
    2,
    2
  ],
  "adv_w": [
    3,
    1,
    2,
    4,
    0,
    2,
    3
  ],
  "clfs": [
    "Nearest Neighbors",
    "RBF SVM",
    "Decision Tree",
    "Random Forest",
    "Neural Net",
    "Naive Bayes",
    "Linear SVM"
  ],
  "mean": [
    0.9584541062801931,
    0.8639492753623187,
    0.9457125603864736,
    0.9670289855072465,
    0.6565217391304347,
    0.9541666666666668,
    0.9585144927536231
  ],
  "parameters": {
    "cv_method": "k30",
    "db": "wisconsin",
    "repetition": 4
  },
  "std": [
    0.05125493252807818,
    0.08397908064076573,
    0.03915172428488272,
    0.04044529122113773,
    0.006754950720281128,
    0.0466867289901374,
    0.0412760353879812
  ]
}