{
  "adv_t": [
    2,
    1,
    2,
    2,
    0,
    2,
    2
  ],
  "adv_w": [
    3,
    1,
    2,
    3,
    0,
    2,
    3
  ],
  "clfs": [
    "Nearest Neighbors",
    "RBF SVM",
    "Decision Tree",
    "Random Forest",
    "Neural Net",
    "Naive Bayes",
    "Linear SVM"
  ],
  "mean": [
    0.9584886128364388,
    0.8568737060041407,
    0.9384472049689441,
    0.9627329192546583,
    0.6566459627329193,
    0.9541614906832298,
    0.9584886128364388
  ],
  "parameters": {
    "cv_method": "k10",
    "db": "wisconsin",
    "repetition": 1
  },
  "std": [
    0.031236992143180715,
    0.036627184015446845,
    0.03576265215975025,
    0.03333269034782293,
    0.0015713180920091285,
    0.03089509784139117,
    0.027367723846506157
  ]
}