{
  "adv_t": [
    2,
    1,
    2,
    2,
    0,
    2,
    2
  ],
  "adv_w": [
    2,
    1,
    2,
    2,
    0,
    2,
    2
  ],
  "clfs": [
    "Nearest Neighbors",
    "RBF SVM",
    "Decision Tree",
    "Random Forest",
    "Neural Net",
    "Naive Bayes",
    "Linear SVM"
  ],
  "mean": [
    0.957058823529412,
    0.862605042016807,
    0.9341176470588236,
    0.9627731092436976,
    0.6566386554621848,
    0.9542016806722688,
    0.9556302521008403
  ],
  "parameters": {
    "cv_method": "k20",
    "db": "wisconsin",
    "repetition": 5
  },
  "std": [
    0.035336109473507085,
    0.051467451546733996,
    0.04475168331546012,
    0.024774506263880346,
    0.0022548584647056626,
    0.025259423927172196,
    0.0353021199411526
  ]
}