{
  "adv_t": [
    3,
    1,
    2,
    4,
    0,
    3,
    3
  ],
  "adv_w": [
    3,
    1,
    2,
    4,
    0,
    4,
    4
  ],
  "clfs": [
    "Nearest Neighbors",
    "RBF SVM",
    "Decision Tree",
    "Random Forest",
    "Neural Net",
    "Naive Bayes",
    "Linear SVM"
  ],
  "mean": [
    0.9525100286532953,
    0.8386303724928366,
    0.9339115841178878,
    0.9588031109291855,
    0.684080229226361,
    0.9556602537863285,
    0.9565182153090463
  ],
  "parameters": {
    "cv_method": "k2x5",
    "db": "wisconsin",
    "repetition": 5
  },
  "std": [
    0.0076076558295969455,
    0.013838933460370647,
    0.010345486550586555,
    0.007854872148388644,
    0.08691071948301955,
    0.01174151165454886,
    0.009183397524764056
  ]
}