{
  "adv_t": [
    2,
    1,
    2,
    2,
    0,
    2,
    2
  ],
  "adv_w": [
    3,
    1,
    2,
    2,
    0,
    2,
    2
  ],
  "clfs": [
    "Nearest Neighbors",
    "RBF SVM",
    "Decision Tree",
    "Random Forest",
    "Neural Net",
    "Naive Bayes",
    "Linear SVM"
  ],
  "mean": [
    0.9585714285714285,
    0.8641176470588239,
    0.9485294117647058,
    0.9571428571428573,
    0.6566386554621848,
    0.9542857142857143,
    0.9528571428571428
  ],
  "parameters": {
    "cv_method": "k20",
    "db": "wisconsin",
    "repetition": 7
  },
  "std": [
    0.034027852368936004,
    0.06341064509963919,
    0.041014923786112344,
    0.03987089799567775,
    0.0022548584647056626,
    0.0408292138623644,
    0.038528240929051036
  ]
}