{
  "adv_t": [
    2,
    1,
    2,
    2,
    0,
    2,
    2
  ],
  "adv_w": [
    2,
    1,
    2,
    3,
    0,
    2,
    2
  ],
  "clfs": [
    "Nearest Neighbors",
    "RBF SVM",
    "Decision Tree",
    "Random Forest",
    "Neural Net",
    "Naive Bayes",
    "Linear SVM"
  ],
  "mean": [
    0.9569444444444446,
    0.8652777777777778,
    0.9470410628019325,
    0.9642512077294686,
    0.6565217391304347,
    0.9541666666666668,
    0.9541062801932368
  ],
  "parameters": {
    "cv_method": "k30",
    "db": "wisconsin",
    "repetition": 8
  },
  "std": [
    0.0422283141551296,
    0.06114144702323543,
    0.05353101700448398,
    0.03587067996255349,
    0.006754950720281128,
    0.048750005919559344,
    0.043679085314070346
  ]
}