{
  "adv_t": [
    2,
    1,
    2,
    2,
    0,
    2,
    2
  ],
  "adv_w": [
    2,
    1,
    2,
    2,
    0,
    2,
    3
  ],
  "clfs": [
    "Nearest Neighbors",
    "RBF SVM",
    "Decision Tree",
    "Random Forest",
    "Neural Net",
    "Naive Bayes",
    "Linear SVM"
  ],
  "mean": [
    0.9583937198067635,
    0.8640096618357488,
    0.9456521739130436,
    0.9554951690821257,
    0.6565217391304347,
    0.9542270531400967,
    0.9555555555555558
  ],
  "parameters": {
    "cv_method": "k30",
    "db": "wisconsin",
    "repetition": 3
  },
  "std": [
    0.04456436245826277,
    0.07432171694595151,
    0.04323551676876617,
    0.043106238155323724,
    0.006754950720281128,
    0.044919609388138305,
    0.036563739272358314
  ]
}