{
  "adv_t": [
    2,
    1,
    2,
    2,
    0,
    2,
    2
  ],
  "adv_w": [
    2,
    1,
    2,
    2,
    0,
    2,
    2
  ],
  "clfs": [
    "Nearest Neighbors",
    "RBF SVM",
    "Decision Tree",
    "Random Forest",
    "Neural Net",
    "Naive Bayes",
    "Linear SVM"
  ],
  "mean": [
    0.9614078674948241,
    0.8612422360248446,
    0.9471014492753623,
    0.9613871635610767,
    0.6566459627329193,
    0.9542650103519671,
    0.9599585921325053
  ],
  "parameters": {
    "cv_method": "k10",
    "db": "wisconsin",
    "repetition": 9
  },
  "std": [
    0.02859162527179057,
    0.04854637617540997,
    0.02935520420703884,
    0.028595298137807118,
    0.0015713180920091285,
    0.03283174343330211,
    0.024072066466077142
  ]
}