{
  "adv_t": [
    2,
    1,
    2,
    2,
    0,
    2,
    2
  ],
  "adv_w": [
    2,
    1,
    2,
    2,
    0,
    2,
    2
  ],
  "clfs": [
    "Nearest Neighbors",
    "RBF SVM",
    "Decision Tree",
    "Random Forest",
    "Neural Net",
    "Naive Bayes",
    "Linear SVM"
  ],
  "mean": [
    0.9599378881987579,
    0.8640372670807454,
    0.9513664596273295,
    0.9556314699792962,
    0.6566459627329193,
    0.9542443064182194,
    0.9513457556935817
  ],
  "parameters": {
    "cv_method": "k10",
    "db": "wisconsin",
    "repetition": 7
  },
  "std": [
    0.03144988189040811,
    0.053324145975136246,
    0.030254745589998768,
    0.03400925991041754,
    0.0015713180920091285,
    0.03213181147999364,
    0.0324622892298462
  ]
}