{
  "adv_t": [
    3,
    1,
    2,
    3,
    0,
    3,
    3
  ],
  "adv_w": [
    3,
    1,
    2,
    3,
    0,
    3,
    3
  ],
  "clfs": [
    "Nearest Neighbors",
    "RBF SVM",
    "Decision Tree",
    "Random Forest",
    "Neural Net",
    "Naive Bayes",
    "Linear SVM"
  ],
  "mean": [
    0.9599410560785919,
    0.8343209169054442,
    0.9356225951698731,
    0.957367171510438,
    0.6566516577977897,
    0.9553630781825625,
    0.9545067539909946
  ],
  "parameters": {
    "cv_method": "k2x5",
    "db": "wisconsin",
    "repetition": 9
  },
  "std": [
    0.008541147357047476,
    0.021115881680632918,
    0.009556256954383011,
    0.00825507426957587,
    0.0005177695718654606,
    0.0027966725898307078,
    0.011949510260319714
  ]
}