{
  "adv_t": [
    2, 
    2, 
    2, 
    0, 
    1, 
    3, 
    2
  ], 
  "adv_w": [
    2, 
    3, 
    3, 
    0, 
    1, 
    3, 
    3
  ], 
  "clfs": [
    "Decision Tree", 
    "Naive Bayes", 
    "Linear SVM", 
    "Neural Net", 
    "RBF SVM", 
    "Random Forest", 
    "Nearest Neighbors"
  ], 
  "mean": [
    0.9326501035196687, 
    0.9541407867494824, 
    0.9555900621118012, 
    0.6566459627329193, 
    0.8625051759834367, 
    0.9641821946169772, 
    0.9569979296066252
  ], 
  "parameters": {
    "cv_method": "k10", 
    "db": "wisconsin", 
    "repetition": 6
  }, 
  "std": [
    0.034224527239335494, 
    0.030259751245048247, 
    0.02833679575446416, 
    0.0015713180920091285, 
    0.04951030223114599, 
    0.022771189946420703, 
    0.028895329504682824
  ]
}