{
  "adv_t": [
    2, 
    3, 
    3, 
    0, 
    1, 
    5, 
    3
  ], 
  "adv_w": [
    2, 
    3, 
    3, 
    0, 
    1, 
    4, 
    3
  ], 
  "clfs": [
    "Decision Tree", 
    "Naive Bayes", 
    "Linear SVM", 
    "Neural Net", 
    "RBF SVM", 
    "Random Forest", 
    "Nearest Neighbors"
  ], 
  "mean": [
    0.925033155955792, 
    0.9533540728612364, 
    0.953367990176013, 
    0.6855914858780189, 
    0.834618911174785, 
    0.9642300450266065, 
    0.9582284076954564
  ], 
  "parameters": {
    "cv_method": "k2x5", 
    "db": "wisconsin", 
    "repetition": 2
  }, 
  "std": [
    0.012994344568846098, 
    0.008693328839723114, 
    0.007478260411894762, 
    0.09134448637144543, 
    0.007645458006367027, 
    0.007195177848147324, 
    0.006195056611229045
  ]
}