{
  "adv_t": [
    2,
    1,
    2,
    2,
    0,
    2,
    2
  ],
  "adv_w": [
    2,
    1,
    2,
    2,
    0,
    2,
    2
  ],
  "clfs": [
    "Nearest Neighbors",
    "RBF SVM",
    "Decision Tree",
    "Random Forest",
    "Neural Net",
    "Naive Bayes",
    "Linear SVM"
  ],
  "mean": [
    0.9583613445378152,
    0.8655042016806723,
    0.942731092436975,
    0.959873949579832,
    0.6566386554621848,
    0.9541596638655461,
    0.957016806722689
  ],
  "parameters": {
    "cv_method": "k20",
    "db": "wisconsin",
    "repetition": 8
  },
  "std": [
    0.040413896552746055,
    0.055737909114267625,
    0.03223428386291479,
    0.03149667885920611,
    0.0022548584647056626,
    0.036527261286193644,
    0.02561560184829677
  ]
}