{
  "adv_t": [
    2, 
    2, 
    2, 
    0, 
    1, 
    2, 
    2
  ], 
  "adv_w": [
    2, 
    2, 
    2, 
    0, 
    1, 
    2, 
    2
  ], 
  "clfs": [
    "Decision Tree", 
    "Naive Bayes", 
    "Linear SVM", 
    "Neural Net", 
    "RBF SVM", 
    "Random Forest", 
    "Nearest Neighbors"
  ], 
  "mean": [
    0.939896480331263, 
    0.954265010351967, 
    0.955672877846791, 
    0.6566459627329193, 
    0.8583643892339545, 
    0.9613871635610767, 
    0.9585300207039337
  ], 
  "parameters": {
    "cv_method": "k10", 
    "db": "wisconsin", 
    "repetition": 4
  }, 
  "std": [
    0.03219859996354473, 
    0.022098737879626604, 
    0.026443362668165292, 
    0.0015713180920091285, 
    0.04067120781462517, 
    0.024309128038158094, 
    0.02067378757649186
  ]
}