{
  "adv_t": [
    2, 
    2, 
    2, 
    0, 
    1, 
    2, 
    2
  ], 
  "adv_w": [
    2, 
    2, 
    2, 
    0, 
    1, 
    3, 
    2
  ], 
  "clfs": [
    "Decision Tree", 
    "Naive Bayes", 
    "Linear SVM", 
    "Neural Net", 
    "RBF SVM", 
    "Random Forest", 
    "Nearest Neighbors"
  ], 
  "mean": [
    0.945546218487395, 
    0.9542436974789916, 
    0.9571008403361343, 
    0.6566386554621848, 
    0.8653361344537818, 
    0.9641596638655463, 
    0.9571008403361343
  ], 
  "parameters": {
    "cv_method": "k20", 
    "db": "wisconsin", 
    "repetition": 9
  }, 
  "std": [
    0.03949589242180627, 
    0.04081107223324984, 
    0.030017116516724337, 
    0.0022548584647056626, 
    0.05809101948566754, 
    0.030790668947412406, 
    0.03528092569534711
  ]
}