{
  "adv_t": [
    4,
    1,
    2,
    5,
    0,
    3,
    3
  ],
  "adv_w": [
    4,
    1,
    2,
    5,
    0,
    3,
    3
  ],
  "clfs": [
    "Nearest Neighbors",
    "RBF SVM",
    "Decision Tree",
    "Random Forest",
    "Neural Net",
    "Naive Bayes",
    "Linear SVM"
  ],
  "mean": [
    0.9582284076954564,
    0.8349062627916497,
    0.9256045845272206,
    0.963083913221449,
    0.6855914858780189,
    0.9533540728612364,
    0.9525075726565697
  ],
  "parameters": {
    "cv_method": "k2x5",
    "db": "wisconsin",
    "repetition": 2
  },
  "std": [
    0.006195056611229045,
    0.00810855987478477,
    0.013641394778534086,
    0.008609107541184715,
    0.09134448637144543,
    0.008693328839723114,
    0.006605338535694562
  ]
}