{
  "adv_t": [
    2,
    1,
    2,
    2,
    0,
    2,
    2
  ],
  "adv_w": [
    2,
    1,
    2,
    2,
    0,
    2,
    2
  ],
  "clfs": [
    "Nearest Neighbors",
    "RBF SVM",
    "Decision Tree",
    "Random Forest",
    "Neural Net",
    "Naive Bayes",
    "Linear SVM"
  ],
  "mean": [
    0.9582729468599033,
    0.8641304347826088,
    0.9528985507246375,
    0.9613526570048309,
    0.6565217391304347,
    0.9541062801932367,
    0.9568236714975845
  ],
  "parameters": {
    "cv_method": "k30",
    "db": "wisconsin",
    "repetition": 7
  },
  "std": [
    0.036818967156301244,
    0.08170131257664795,
    0.03955008012141291,
    0.03954531085684705,
    0.006754950720281128,
    0.03908185637208101,
    0.037734590396890255
  ]
}