{
  "adv_t": [
    2, 
    2, 
    2, 
    0, 
    1, 
    2, 
    2
  ], 
  "adv_w": [
    2, 
    2, 
    3, 
    0, 
    1, 
    3, 
    3
  ], 
  "clfs": [
    "Decision Tree", 
    "Naive Bayes", 
    "Linear SVM", 
    "Neural Net", 
    "RBF SVM", 
    "Random Forest", 
    "Nearest Neighbors"
  ], 
  "mean": [
    0.9412439613526573, 
    0.9540458937198065, 
    0.9570048309178742, 
    0.6565217391304347, 
    0.8639492753623188, 
    0.9612922705314009, 
    0.9582729468599033
  ], 
  "parameters": {
    "cv_method": "k30", 
    "db": "wisconsin", 
    "repetition": 6
  }, 
  "std": [
    0.04966882217814103, 
    0.033702581240315665, 
    0.03915591528537001, 
    0.006754950720281128, 
    0.06433574132619523, 
    0.03814740134888093, 
    0.043325682149228224
  ]
}