{
  "adv_t": [
    3,
    1,
    2,
    3,
    0,
    3,
    3
  ],
  "adv_w": [
    3,
    1,
    2,
    3,
    0,
    3,
    3
  ],
  "clfs": [
    "Nearest Neighbors",
    "RBF SVM",
    "Decision Tree",
    "Random Forest",
    "Neural Net",
    "Naive Bayes",
    "Linear SVM"
  ],
  "mean": [
    0.9559386000818666,
    0.838923454768727,
    0.9350536225951698,
    0.9582349570200572,
    0.6855914858780189,
    0.9553761768317642,
    0.9579426934097421
  ],
  "parameters": {
    "cv_method": "k2x5",
    "db": "wisconsin",
    "repetition": 3
  },
  "std": [
    0.009925936227625368,
    0.015606387743116328,
    0.008925371291860494,
    0.00881468646328327,
    0.09134448637144543,
    0.013118570719769651,
    0.006993034601859122
  ]
}