{
  "adv_t": [
    2,
    1,
    2,
    3,
    0,
    2,
    2
  ],
  "adv_w": [
    3,
    1,
    2,
    5,
    0,
    2,
    2
  ],
  "clfs": [
    "Nearest Neighbors",
    "RBF SVM",
    "Decision Tree",
    "Random Forest",
    "Neural Net",
    "Naive Bayes",
    "Linear SVM"
  ],
  "mean": [
    0.9599579831932772,
    0.8627731092436977,
    0.9456302521008404,
    0.9671428571428571,
    0.6566386554621848,
    0.9542436974789915,
    0.955672268907563
  ],
  "parameters": {
    "cv_method": "k20",
    "db": "wisconsin",
    "repetition": 4
  },
  "std": [
    0.03128284217087014,
    0.05518210276361936,
    0.03579092643033632,
    0.0266657715567637,
    0.0022548584647056626,
    0.026838841694213283,
    0.029979204291149242
  ]
}