{
  "adv_t": [
    2, 
    3, 
    3, 
    0, 
    1, 
    4, 
    3
  ], 
  "adv_w": [
    2, 
    3, 
    3, 
    0, 
    1, 
    5, 
    3
  ], 
  "clfs": [
    "Decision Tree", 
    "Naive Bayes", 
    "Linear SVM", 
    "Neural Net", 
    "RBF SVM", 
    "Random Forest", 
    "Nearest Neighbors"
  ], 
  "mean": [
    0.9393352435530087, 
    0.954784281620958, 
    0.9547891936144086, 
    0.6864510847318871, 
    0.8417724109701187, 
    0.961367990176013, 
    0.9585051166598444
  ], 
  "parameters": {
    "cv_method": "k2x5", 
    "db": "wisconsin", 
    "repetition": 8
  }, 
  "std": [
    0.009939182107125903, 
    0.011382814299174437, 
    0.006746239544553085, 
    0.09406273892824739, 
    0.010120531672166633, 
    0.009101884486056451, 
    0.009602290891862101
  ]
}