{
  "adv_t": [
    2,
    1,
    2,
    2,
    0,
    2,
    2
  ],
  "adv_w": [
    3,
    1,
    2,
    3,
    0,
    3,
    3
  ],
  "clfs": [
    "Nearest Neighbors",
    "RBF SVM",
    "Decision Tree",
    "Random Forest",
    "Neural Net",
    "Naive Bayes",
    "Linear SVM"
  ],
  "mean": [
    0.9570168067226892,
    0.8640756302521009,
    0.9455042016806722,
    0.957058823529412,
    0.6566386554621848,
    0.9541596638655463,
    0.9555462184873951
  ],
  "parameters": {
    "cv_method": "k20",
    "db": "wisconsin",
    "repetition": 2
  },
  "std": [
    0.02877528931255884,
    0.045338717775374814,
    0.03633730846691917,
    0.028618090262912017,
    0.0022548584647056626,
    0.03280935067344922,
    0.03180203222411715
  ]
}