{
  "adv_t": [
    2, 
    2, 
    2, 
    0, 
    1, 
    2, 
    2
  ], 
  "adv_w": [
    2, 
    2, 
    2, 
    0, 
    1, 
    2, 
    2
  ], 
  "clfs": [
    "Decision Tree", 
    "Naive Bayes", 
    "Linear SVM", 
    "Neural Net", 
    "RBF SVM", 
    "Random Forest", 
    "Nearest Neighbors"
  ], 
  "mean": [
    0.9428743961352656, 
    0.9543478260869562, 
    0.9600241545893717, 
    0.6565217391304347, 
    0.8652777777777778, 
    0.9528985507246376, 
    0.958574879227053
  ], 
  "parameters": {
    "cv_method": "k30", 
    "db": "wisconsin", 
    "repetition": 9
  }, 
  "std": [
    0.050596712872211576, 
    0.03341566327033724, 
    0.037290668460495766, 
    0.006754950720281128, 
    0.06518525246012903, 
    0.036103595970354514, 
    0.034689605449830165
  ]
}