{
  "adv_t": [
    2, 
    2, 
    3, 
    0, 
    1, 
    3, 
    3
  ], 
  "adv_w": [
    2, 
    3, 
    3, 
    0, 
    1, 
    4, 
    3
  ], 
  "clfs": [
    "Decision Tree", 
    "Naive Bayes", 
    "Linear SVM", 
    "Neural Net", 
    "RBF SVM", 
    "Random Forest", 
    "Nearest Neighbors"
  ], 
  "mean": [
    0.937080745341615, 
    0.954265010351967, 
    0.9585093167701866, 
    0.6566459627329193, 
    0.8641407867494824, 
    0.9628364389233957, 
    0.9585300207039339
  ], 
  "parameters": {
    "cv_method": "k10", 
    "db": "wisconsin", 
    "repetition": 3
  }, 
  "std": [
    0.02620344362649684, 
    0.019941195250702478, 
    0.019582025271367244, 
    0.0015713180920091285, 
    0.028572228712253497, 
    0.018041154907400006, 
    0.02174297511107464
  ]
}