{
  "adv_t": [
    2, 
    2, 
    2, 
    0, 
    1, 
    2, 
    2
  ], 
  "adv_w": [
    2, 
    2, 
    2, 
    0, 
    1, 
    2, 
    3
  ], 
  "clfs": [
    "Decision Tree", 
    "Naive Bayes", 
    "Linear SVM", 
    "Neural Net", 
    "RBF SVM", 
    "Random Forest", 
    "Nearest Neighbors"
  ], 
  "mean": [
    0.9471008403361344, 
    0.9542436974789915, 
    0.9570588235294117, 
    0.6566386554621848, 
    0.8655882352941179, 
    0.9599579831932774, 
    0.9628151260504202
  ], 
  "parameters": {
    "cv_method": "k20", 
    "db": "wisconsin", 
    "repetition": 8
  }, 
  "std": [
    0.03620019630671649, 
    0.03752007850965981, 
    0.03533610947350709, 
    0.0022548584647056626, 
    0.06075337837207649, 
    0.028403485654344827, 
    0.0360112017066348
  ]
}