{
  "adv_t": [
    2, 
    2, 
    2, 
    0, 
    1, 
    2, 
    2
  ], 
  "adv_w": [
    2, 
    2, 
    2, 
    0, 
    1, 
    2, 
    2
  ], 
  "clfs": [
    "Decision Tree", 
    "Naive Bayes", 
    "Linear SVM", 
    "Neural Net", 
    "RBF SVM", 
    "Random Forest", 
    "Nearest Neighbors"
  ], 
  "mean": [
    0.9470600414078675, 
    0.9542236024844721, 
    0.9613871635610767, 
    0.6566459627329193, 
    0.8626293995859212, 
    0.9599378881987578, 
    0.9599585921325053
  ], 
  "parameters": {
    "cv_method": "k10", 
    "db": "wisconsin", 
    "repetition": 2
  }, 
  "std": [
    0.030168764606782136, 
    0.018798556186962, 
    0.025224693851431907, 
    0.0015713180920091285, 
    0.018362222234418305, 
    0.021092116627920206, 
    0.02210794961323711
  ]
}