{
  "adv_t": [
    2,
    1,
    2,
    3,
    0,
    2,
    2
  ],
  "adv_w": [
    2,
    1,
    2,
    4,
    0,
    2,
    2
  ],
  "clfs": [
    "Nearest Neighbors",
    "RBF SVM",
    "Decision Tree",
    "Random Forest",
    "Neural Net",
    "Naive Bayes",
    "Linear SVM"
  ],
  "mean": [
    0.9585748792270531,
    0.8605072463768116,
    0.9426932367149757,
    0.9631038647342998,
    0.6565217391304347,
    0.9544082125603865,
    0.9555555555555556
  ],
  "parameters": {
    "cv_method": "k30",
    "db": "wisconsin",
    "repetition": 9
  },
  "std": [
    0.03275666540499957,
    0.06995921657967995,
    0.049666087959844646,
    0.042619909161531896,
    0.006754950720281128,
    0.040081823199789396,
    0.038581760217411075
  ]
}