{
  "adv_t": [
    2, 
    3, 
    3, 
    0, 
    1, 
    3, 
    3
  ], 
  "adv_w": [
    2, 
    3, 
    3, 
    0, 
    1, 
    3, 
    4
  ], 
  "clfs": [
    "Decision Tree", 
    "Naive Bayes", 
    "Linear SVM", 
    "Neural Net", 
    "RBF SVM", 
    "Random Forest", 
    "Nearest Neighbors"
  ], 
  "mean": [
    0.9341932050757265, 
    0.9553630781825625, 
    0.9553630781825623, 
    0.6566516577977897, 
    0.834320916905444, 
    0.9562259516987309, 
    0.9599410560785919
  ], 
  "parameters": {
    "cv_method": "k2x5", 
    "db": "wisconsin", 
    "repetition": 9
  }, 
  "std": [
    0.00882373055326699, 
    0.0027966725898307078, 
    0.01139574651974891, 
    0.0005177695718654606, 
    0.020681872970824657, 
    0.008418735277974026, 
    0.008541147357047476
  ]
}