{
  "adv_t": [
    2,
    1,
    2,
    3,
    0,
    2,
    2
  ],
  "adv_w": [
    3,
    1,
    2,
    3,
    0,
    2,
    2
  ],
  "clfs": [
    "Nearest Neighbors",
    "RBF SVM",
    "Decision Tree",
    "Random Forest",
    "Neural Net",
    "Naive Bayes",
    "Linear SVM"
  ],
  "mean": [
    0.9613445378151262,
    0.8640756302521011,
    0.9455882352941176,
    0.9655882352941176,
    0.6566386554621848,
    0.9542016806722688,
    0.9571008403361343
  ],
  "parameters": {
    "cv_method": "k20",
    "db": "wisconsin",
    "repetition": 9
  },
  "std": [
    0.03507227938601208,
    0.053989725081445665,
    0.04145657018141352,
    0.03179218452527537,
    0.0022548584647056626,
    0.03133296875616157,
    0.03275493094099887
  ]
}