{
  "adv_t": [
    2,
    1,
    2,
    2,
    0,
    2,
    2
  ],
  "adv_w": [
    2,
    1,
    2,
    2,
    0,
    2,
    2
  ],
  "clfs": [
    "Nearest Neighbors",
    "RBF SVM",
    "Decision Tree",
    "Random Forest",
    "Neural Net",
    "Naive Bayes",
    "Linear SVM"
  ],
  "mean": [
    0.9599171842650103,
    0.8626293995859214,
    0.9442236024844721,
    0.9613664596273293,
    0.6852173913043479,
    0.9542028985507246,
    0.9585300207039337
  ],
  "parameters": {
    "cv_method": "k10",
    "db": "wisconsin",
    "repetition": 6
  },
  "std": [
    0.01889351651230445,
    0.03462440194315729,
    0.026437553365898758,
    0.020274638313050493,
    0.09053884910961343,
    0.017622765500823007,
    0.021742975111074685
  ]
}