{
  "adv_t": [
    2,
    1,
    2,
    3,
    0,
    2,
    2
  ],
  "adv_w": [
    3,
    1,
    2,
    3,
    0,
    3,
    3
  ],
  "clfs": [
    "Nearest Neighbors",
    "RBF SVM",
    "Decision Tree",
    "Random Forest",
    "Neural Net",
    "Naive Bayes",
    "Linear SVM"
  ],
  "mean": [
    0.9542028985507247,
    0.864120082815735,
    0.9399171842650104,
    0.9627950310559008,
    0.6566459627329193,
    0.9542443064182194,
    0.9599378881987578
  ],
  "parameters": {
    "cv_method": "k10",
    "db": "wisconsin",
    "repetition": 4
  },
  "std": [
    0.027641935589354502,
    0.03814409730215048,
    0.026759971193016388,
    0.01679304732221483,
    0.0015713180920091285,
    0.031418176825890896,
    0.025025652429804854
  ]
}