{
  "adv_t": [
    3,
    1,
    2,
    3,
    0,
    3,
    3
  ],
  "adv_w": [
    3,
    1,
    2,
    6,
    0,
    3,
    3
  ],
  "clfs": [
    "Nearest Neighbors",
    "RBF SVM",
    "Decision Tree",
    "Random Forest",
    "Neural Net",
    "Naive Bayes",
    "Linear SVM"
  ],
  "mean": [
    0.9565026606631191,
    0.8357625869832173,
    0.9261792877609494,
    0.9590765452312731,
    0.6850184199754401,
    0.9542128530495294,
    0.9542128530495294
  ],
  "parameters": {
    "cv_method": "k2x5",
    "db": "wisconsin",
    "repetition": 4
  },
  "std": [
    0.009060484078777865,
    0.019615100833573512,
    0.011421892439459068,
    0.008361029910987791,
    0.08953231927187157,
    0.007060707223816759,
    0.008143430206199202
  ]
}