{
  "adv_t": [
    3,
    1,
    2,
    3,
    0,
    2,
    2
  ],
  "adv_w": [
    3,
    1,
    2,
    3,
    0,
    2,
    3
  ],
  "clfs": [
    "Nearest Neighbors",
    "RBF SVM",
    "Decision Tree",
    "Random Forest",
    "Neural Net",
    "Naive Bayes",
    "Linear SVM"
  ],
  "mean": [
    0.9597826086956521,
    0.8653985507246376,
    0.9398550724637681,
    0.9612318840579711,
    0.6565217391304347,
    0.9541062801932367,
    0.9570652173913043
  ],
  "parameters": {
    "cv_method": "k30",
    "db": "wisconsin",
    "repetition": 1
  },
  "std": [
    0.032134651950582106,
    0.08464189716125964,
    0.05039426215796931,
    0.03456825295190407,
    0.006754950720281128,
    0.040453498009575706,
    0.035969030287073656
  ]
}