{
  "adv_t": [
    2, 
    2, 
    2, 
    0, 
    1, 
    2, 
    2
  ], 
  "adv_w": [
    2, 
    2, 
    2, 
    0, 
    1, 
    2, 
    3
  ], 
  "clfs": [
    "Decision Tree", 
    "Naive Bayes", 
    "Linear SVM", 
    "Neural Net", 
    "RBF SVM", 
    "Random Forest", 
    "Nearest Neighbors"
  ], 
  "mean": [
    0.9470410628019325, 
    0.9541062801932366, 
    0.9543478260869566, 
    0.6565217391304347, 
    0.864009661835749, 
    0.9567632850241543, 
    0.958574879227053
  ], 
  "parameters": {
    "cv_method": "k30", 
    "db": "wisconsin", 
    "repetition": 5
  }, 
  "std": [
    0.04005527420465967, 
    0.04380068824707373, 
    0.04034163043299342, 
    0.006754950720281128, 
    0.06804182526891024, 
    0.0483363970466569, 
    0.03966360958873063
  ]
}