{
  "adv_t": [
    2, 
    2, 
    2, 
    0, 
    1, 
    2, 
    2
  ], 
  "adv_w": [
    2, 
    2, 
    2, 
    0, 
    1, 
    4, 
    2
  ], 
  "clfs": [
    "Decision Tree", 
    "Naive Bayes", 
    "Linear SVM", 
    "Neural Net", 
    "RBF SVM", 
    "Random Forest", 
    "Nearest Neighbors"
  ], 
  "mean": [
    0.945714285714286, 
    0.9542436974789916, 
    0.9571428571428571, 
    0.6566386554621848, 
    0.8641596638655462, 
    0.9657142857142859, 
    0.9585714285714287
  ], 
  "parameters": {
    "cv_method": "k20", 
    "db": "wisconsin", 
    "repetition": 6
  }, 
  "std": [
    0.034560303933102804, 
    0.029869409777530595, 
    0.0327736762672231, 
    0.0022548584647056626, 
    0.04968150879760434, 
    0.03661275860098213, 
    0.03140121844564484
  ]
}