{
  "adv_t": [
    3,
    1,
    2,
    3,
    0,
    3,
    3
  ],
  "adv_w": [
    3,
    1,
    2,
    5,
    0,
    3,
    3
  ],
  "clfs": [
    "Nearest Neighbors",
    "RBF SVM",
    "Decision Tree",
    "Random Forest",
    "Neural Net",
    "Naive Bayes",
    "Linear SVM"
  ],
  "mean": [
    0.9582325010233319,
    0.8374948833401555,
    0.9310577159230453,
    0.9608063855914859,
    0.6566516577977897,
    0.9533712648383135,
    0.9530822758902987
  ],
  "parameters": {
    "cv_method": "k2x5",
    "db": "wisconsin",
    "repetition": 1
  },
  "std": [
    0.008187750370264302,
    0.010727125392896452,
    0.012091403272093569,
    0.006437037438307306,
    0.0005177695718654606,
    0.009100479266409629,
    0.010864337539481092
  ]
}