{
  "adv_t": [
    2, 
    2, 
    3, 
    0, 
    1, 
    3, 
    3
  ], 
  "adv_w": [
    2, 
    3, 
    3, 
    0, 
    1, 
    3, 
    3
  ], 
  "clfs": [
    "Decision Tree", 
    "Naive Bayes", 
    "Linear SVM", 
    "Neural Net", 
    "RBF SVM", 
    "Random Forest", 
    "Nearest Neighbors"
  ], 
  "mean": [
    0.9371008403361344, 
    0.9542436974789916, 
    0.9613445378151262, 
    0.6566386554621848, 
    0.8625630252100842, 
    0.9599579831932772, 
    0.9585294117647057
  ], 
  "parameters": {
    "cv_method": "k20", 
    "db": "wisconsin", 
    "repetition": 2
  }, 
  "std": [
    0.03657180072884764, 
    0.0438557971342904, 
    0.035072279386012095, 
    0.0022548584647056626, 
    0.05167283285202198, 
    0.02987786983374272, 
    0.03138366662912377
  ]
}