{
  "adv_t": [
    2,
    1,
    2,
    2,
    0,
    2,
    2
  ],
  "adv_w": [
    2,
    1,
    2,
    2,
    0,
    2,
    2
  ],
  "clfs": [
    "Nearest Neighbors",
    "RBF SVM",
    "Decision Tree",
    "Random Forest",
    "Neural Net",
    "Naive Bayes",
    "Linear SVM"
  ],
  "mean": [
    0.960024154589372,
    0.8659420289855074,
    0.9455917874396136,
    0.9527173913043477,
    0.6565217391304347,
    0.9542874396135267,
    0.9585748792270531
  ],
  "parameters": {
    "cv_method": "k30",
    "db": "wisconsin",
    "repetition": 0
  },
  "std": [
    0.04050549780963921,
    0.06971128000563707,
    0.04219024228018294,
    0.04307121954553147,
    0.006754950720281128,
    0.040468461786740156,
    0.03826366320524563
  ]
}