{
  "adv_t": [
    2,
    1,
    2,
    2,
    0,
    2,
    2
  ],
  "adv_w": [
    2,
    1,
    2,
    2,
    0,
    2,
    2
  ],
  "clfs": [
    "Nearest Neighbors",
    "RBF SVM",
    "Decision Tree",
    "Random Forest",
    "Neural Net",
    "Naive Bayes",
    "Linear SVM"
  ],
  "mean": [
    0.9585507246376814,
    0.8641407867494826,
    0.945631469979296,
    0.9628364389233954,
    0.6566459627329193,
    0.954265010351967,
    0.9571014492753624
  ],
  "parameters": {
    "cv_method": "k10",
    "db": "wisconsin",
    "repetition": 0
  },
  "std": [
    0.020671886861095435,
    0.025198538804734567,
    0.01477435188019972,
    0.016737138240150294,
    0.0015713180920091285,
    0.024063606623244346,
    0.025171874097085278
  ]
}