{
  "adv_t": [
    2, 
    2, 
    2, 
    0, 
    1, 
    3, 
    2
  ], 
  "adv_w": [
    2, 
    2, 
    3, 
    0, 
    1, 
    6, 
    3
  ], 
  "clfs": [
    "Decision Tree", 
    "Naive Bayes", 
    "Linear SVM", 
    "Neural Net", 
    "RBF SVM", 
    "Random Forest", 
    "Nearest Neighbors"
  ], 
  "mean": [
    0.9397946859903381, 
    0.9543478260869563, 
    0.9569444444444444, 
    0.6565217391304347, 
    0.8653985507246379, 
    0.9669685990338163, 
    0.9570048309178742
  ], 
  "parameters": {
    "cv_method": "k30", 
    "db": "wisconsin", 
    "repetition": 0
  }, 
  "std": [
    0.05724551357636251, 
    0.04976150669342432, 
    0.037736389786060205, 
    0.006754950720281128, 
    0.06274491374560179, 
    0.036954572090606506, 
    0.040786704937330547
  ]
}