{
  "adv_t": [
    2,
    1,
    2,
    2,
    0,
    2,
    2
  ],
  "adv_w": [
    2,
    1,
    2,
    3,
    0,
    2,
    2
  ],
  "clfs": [
    "Nearest Neighbors",
    "RBF SVM",
    "Decision Tree",
    "Random Forest",
    "Neural Net",
    "Naive Bayes",
    "Linear SVM"
  ],
  "mean": [
    0.9570600414078674,
    0.8642028985507247,
    0.9456521739130437,
    0.9613664596273294,
    0.6566459627329193,
    0.9542443064182194,
    0.9584886128364388
  ],
  "parameters": {
    "cv_method": "k10",
    "db": "wisconsin",
    "repetition": 5
  },
  "std": [
    0.024336532546963278,
    0.0538464566500881,
    0.028385161123639386,
    0.019123532226085,
    0.0015713180920091285,
    0.01876649141801184,
    0.020773348095054503
  ]
}