{
  "adv_t": [
    2, 
    2, 
    2, 
    0, 
    1, 
    3, 
    2
  ], 
  "adv_w": [
    2, 
    2, 
    3, 
    0, 
    1, 
    3, 
    3
  ], 
  "clfs": [
    "Decision Tree", 
    "Naive Bayes", 
    "Linear SVM", 
    "Neural Net", 
    "RBF SVM", 
    "Random Forest", 
    "Nearest Neighbors"
  ], 
  "mean": [
    0.9455462184873952, 
    0.9541596638655463, 
    0.9583613445378152, 
    0.6566386554621848, 
    0.8640756302521011, 
    0.9641596638655461, 
    0.9584033613445377
  ], 
  "parameters": {
    "cv_method": "k20", 
    "db": "wisconsin", 
    "repetition": 3
  }, 
  "std": [
    0.03361963675840945, 
    0.028612342898771227, 
    0.04041389655274604, 
    0.0022548584647056626, 
    0.058570172146606155, 
    0.029362155672628114, 
    0.03181792237516225
  ]
}