{
  "adv_t": [
    2,
    1,
    2,
    2,
    0,
    2,
    2
  ],
  "adv_w": [
    2,
    1,
    2,
    2,
    0,
    2,
    2
  ],
  "clfs": [
    "Nearest Neighbors",
    "RBF SVM",
    "Decision Tree",
    "Random Forest",
    "Neural Net",
    "Naive Bayes",
    "Linear SVM"
  ],
  "mean": [
    0.9585714285714287,
    0.8613445378151262,
    0.9485714285714286,
    0.962857142857143,
    0.6566386554621848,
    0.9528571428571431,
    0.9585714285714287
  ],
  "parameters": {
    "cv_method": "k20",
    "db": "wisconsin",
    "repetition": 3
  },
  "std": [
    0.0269860926110952,
    0.061564979889985647,
    0.02872141085428766,
    0.029459870938338215,
    0.0022548584647056626,
    0.03622936836485015,
    0.0300017901363503
  ]
}