{
  "adv_t": [
    2, 
    2, 
    2, 
    0, 
    1, 
    2, 
    2
  ], 
  "adv_w": [
    2, 
    3, 
    2, 
    0, 
    1, 
    3, 
    4
  ], 
  "clfs": [
    "Decision Tree", 
    "Naive Bayes", 
    "Linear SVM", 
    "Neural Net", 
    "RBF SVM", 
    "Random Forest", 
    "Nearest Neighbors"
  ], 
  "mean": [
    0.9425120772946861, 
    0.9540458937198067, 
    0.9510265700483091, 
    0.6565217391304347, 
    0.8653985507246377, 
    0.9596014492753624, 
    0.9610507246376812
  ], 
  "parameters": {
    "cv_method": "k30", 
    "db": "wisconsin", 
    "repetition": 1
  }, 
  "std": [
    0.046078671135230904, 
    0.037654731070167986, 
    0.05296739984061985, 
    0.006754950720281128, 
    0.05645015505040516, 
    0.04399356775725839, 
    0.04157489948862706
  ]
}