{
  "adv_t": [
    2, 
    2, 
    2, 
    0, 
    1, 
    3, 
    2
  ], 
  "adv_w": [
    2, 
    2, 
    2, 
    0, 
    1, 
    3, 
    3
  ], 
  "clfs": [
    "Decision Tree", 
    "Naive Bayes", 
    "Linear SVM", 
    "Neural Net", 
    "RBF SVM", 
    "Random Forest", 
    "Nearest Neighbors"
  ], 
  "mean": [
    0.9442443064182194, 
    0.9542028985507246, 
    0.9585093167701864, 
    0.6566459627329193, 
    0.8584265010351967, 
    0.965672877846791, 
    0.9599378881987578
  ], 
  "parameters": {
    "cv_method": "k10", 
    "db": "wisconsin", 
    "repetition": 7
  }, 
  "std": [
    0.02370960520655269, 
    0.026809049390142878, 
    0.01421442288792816, 
    0.0015713180920091285, 
    0.03023747916988571, 
    0.022526159012601382, 
    0.018819522735712062
  ]
}