{
  "adv_t": [
    2, 
    3, 
    3, 
    0, 
    1, 
    3, 
    3
  ], 
  "adv_w": [
    2, 
    3, 
    3, 
    0, 
    1, 
    4, 
    3
  ], 
  "clfs": [
    "Decision Tree", 
    "Naive Bayes", 
    "Linear SVM", 
    "Neural Net", 
    "RBF SVM", 
    "Random Forest", 
    "Nearest Neighbors"
  ], 
  "mean": [
    0.9341882930822758, 
    0.954793286942284, 
    0.9556504297994269, 
    0.6861645517805977, 
    0.8374866966844043, 
    0.9613745395006138, 
    0.9567924682767088
  ], 
  "parameters": {
    "cv_method": "k2x5", 
    "db": "wisconsin", 
    "repetition": 0
  }, 
  "std": [
    0.009564139353425425, 
    0.008709848507463872, 
    0.005438918252093949, 
    0.09315665449821599, 
    0.016610647184747543, 
    0.01054380201582105, 
    0.007708614254299117
  ]
}