{
  "adv_t": [
    2,
    1,
    2,
    2,
    0,
    2,
    2
  ],
  "adv_w": [
    2,
    1,
    2,
    2,
    0,
    2,
    2
  ],
  "clfs": [
    "Nearest Neighbors",
    "RBF SVM",
    "Decision Tree",
    "Random Forest",
    "Neural Net",
    "Naive Bayes",
    "Linear SVM"
  ],
  "mean": [
    0.9599579831932772,
    0.862605042016807,
    0.9413445378151261,
    0.9599579831932774,
    0.6566386554621848,
    0.9542436974789915,
    0.9571008403361343
  ],
  "parameters": {
    "cv_method": "k20",
    "db": "wisconsin",
    "repetition": 1
  },
  "std": [
    0.04386155956675581,
    0.04710894847359592,
    0.03984254986269528,
    0.03262737076095883,
    0.0022548584647056626,
    0.03974436448532089,
    0.039855490862146
  ]
}