{
  "adv_t": [
    2, 
    2, 
    2, 
    0, 
    1, 
    2, 
    2
  ], 
  "adv_w": [
    2, 
    2, 
    2, 
    0, 
    1, 
    3, 
    3
  ], 
  "clfs": [
    "Decision Tree", 
    "Naive Bayes", 
    "Linear SVM", 
    "Neural Net", 
    "RBF SVM", 
    "Random Forest", 
    "Nearest Neighbors"
  ], 
  "mean": [
    0.9442632850241546, 
    0.9541062801932366, 
    0.9557367149758454, 
    0.6565217391304347, 
    0.8640096618357487, 
    0.9599033816425121, 
    0.9584541062801932
  ], 
  "parameters": {
    "cv_method": "k30", 
    "db": "wisconsin", 
    "repetition": 3
  }, 
  "std": [
    0.04246082615447059, 
    0.03402290843160844, 
    0.030764686373571028, 
    0.006754950720281128, 
    0.0761775318989335, 
    0.03195926307017607, 
    0.03308392851326577
  ]
}