{
  "adv_t": [
    2, 
    2, 
    2, 
    0, 
    1, 
    2, 
    2
  ], 
  "adv_w": [
    2, 
    2, 
    2, 
    0, 
    1, 
    3, 
    2
  ], 
  "clfs": [
    "Decision Tree", 
    "Naive Bayes", 
    "Linear SVM", 
    "Neural Net", 
    "RBF SVM", 
    "Random Forest", 
    "Nearest Neighbors"
  ], 
  "mean": [
    0.9414855072463768, 
    0.9542874396135264, 
    0.9542270531400966, 
    0.6565217391304347, 
    0.8658816425120772, 
    0.9628623188405796, 
    0.9571256038647342
  ], 
  "parameters": {
    "cv_method": "k30", 
    "db": "wisconsin", 
    "repetition": 7
  }, 
  "std": [
    0.046942968495539916, 
    0.047626345590930964, 
    0.047510366333206586, 
    0.006754950720281128, 
    0.05407955471636629, 
    0.04838089951374799, 
    0.04617288425157578
  ]
}