{
  "adv_t": [
    3,
    1,
    2,
    3,
    0,
    3,
    3
  ],
  "adv_w": [
    4,
    1,
    2,
    5,
    0,
    3,
    3
  ],
  "clfs": [
    "Nearest Neighbors",
    "RBF SVM",
    "Decision Tree",
    "Random Forest",
    "Neural Net",
    "Naive Bayes",
    "Linear SVM"
  ],
  "mean": [
    0.9590830945558739,
    0.8357740483012689,
    0.9381907490790014,
    0.9602284076954565,
    0.6864510847318871,
    0.954794105607859,
    0.9550773638968482
  ],
  "parameters": {
    "cv_method": "k2x5",
    "db": "wisconsin",
    "repetition": 7
  },
  "std": [
    0.006198750394590974,
    0.023081054312020892,
    0.015133593082537724,
    0.008032770698640989,
    0.09406273892824739,
    0.010335838286218335,
    0.007158414836829419
  ]
}