{
  "adv_t": [
    2, 
    3, 
    3, 
    0, 
    1, 
    3, 
    3
  ], 
  "adv_w": [
    2, 
    3, 
    3, 
    0, 
    1, 
    4, 
    3
  ], 
  "clfs": [
    "Decision Tree", 
    "Naive Bayes", 
    "Linear SVM", 
    "Neural Net", 
    "RBF SVM", 
    "Random Forest", 
    "Nearest Neighbors"
  ], 
  "mean": [
    0.9324830126893164, 
    0.9556602537863285, 
    0.9562325010233319, 
    0.6843659435120754, 
    0.8386303724928368, 
    0.9585165779778959, 
    0.9525100286532953
  ], 
  "parameters": {
    "cv_method": "k2x5", 
    "db": "wisconsin", 
    "repetition": 5
  }, 
  "std": [
    0.01013554329363017, 
    0.01174151165454886, 
    0.009401203994838412, 
    0.0878142132804498, 
    0.014483120359900662, 
    0.008096463011250669, 
    0.0076076558295969455
  ]
}