{
  "adv_t": [
    2, 
    2, 
    2, 
    0, 
    1, 
    2, 
    2
  ], 
  "adv_w": [
    2, 
    2, 
    2, 
    0, 
    1, 
    2, 
    2
  ], 
  "clfs": [
    "Decision Tree", 
    "Naive Bayes", 
    "Linear SVM", 
    "Neural Net", 
    "RBF SVM", 
    "Random Forest", 
    "Nearest Neighbors"
  ], 
  "mean": [
    0.9471008403361344, 
    0.9542436974789915, 
    0.9571008403361343, 
    0.6566386554621848, 
    0.8642436974789917, 
    0.9571008403361343, 
    0.9585294117647057
  ], 
  "parameters": {
    "cv_method": "k20", 
    "db": "wisconsin", 
    "repetition": 5
  }, 
  "std": [
    0.03736821270987292, 
    0.046702443916143546, 
    0.035280925695347125, 
    0.0022548584647056626, 
    0.0633915198847458, 
    0.03763777271427739, 
    0.03525226030404964
  ]
}