{
  "adv_t": [
    2, 
    2, 
    3, 
    0, 
    1, 
    3, 
    3
  ], 
  "adv_w": [
    2, 
    2, 
    3, 
    0, 
    1, 
    3, 
    2
  ], 
  "clfs": [
    "Decision Tree", 
    "Naive Bayes", 
    "Linear SVM", 
    "Neural Net", 
    "RBF SVM", 
    "Random Forest", 
    "Nearest Neighbors"
  ], 
  "mean": [
    0.9428743961352655, 
    0.9541062801932365, 
    0.961231884057971, 
    0.6565217391304347, 
    0.8616545893719807, 
    0.9598429951690821, 
    0.9583937198067629
  ], 
  "parameters": {
    "cv_method": "k30", 
    "db": "wisconsin", 
    "repetition": 4
  }, 
  "std": [
    0.03433876472418394, 
    0.02749202989363887, 
    0.026358325345034267, 
    0.006754950720281128, 
    0.06575222719792843, 
    0.029676466347600905, 
    0.02887787414458202
  ]
}