{
  "adv_t": [
    2,
    1,
    2,
    2,
    0,
    2,
    2
  ],
  "adv_w": [
    3,
    1,
    2,
    3,
    0,
    2,
    3
  ],
  "clfs": [
    "Nearest Neighbors",
    "RBF SVM",
    "Decision Tree",
    "Random Forest",
    "Neural Net",
    "Naive Bayes",
    "Linear SVM"
  ],
  "mean": [
    0.9556728778467909,
    0.861262939958592,
    0.9385507246376813,
    0.9613871635610767,
    0.6566459627329193,
    0.9542443064182194,
    0.9528364389233955
  ],
  "parameters": {
    "cv_method": "k10",
    "db": "wisconsin",
    "repetition": 8
  },
  "std": [
    0.02275621966646722,
    0.031485480726860395,
    0.030862336740279075,
    0.016537030825249325,
    0.0015713180920091285,
    0.01617028918407174,
    0.01906756239823699
  ]
}