{
  "adv_t": [
    2, 
    2, 
    2, 
    0, 
    1, 
    2, 
    2
  ], 
  "adv_w": [
    2, 
    2, 
    2, 
    0, 
    1, 
    2, 
    3
  ], 
  "clfs": [
    "Decision Tree", 
    "Naive Bayes", 
    "Linear SVM", 
    "Neural Net", 
    "RBF SVM", 
    "Random Forest", 
    "Nearest Neighbors"
  ], 
  "mean": [
    0.9427536231884058, 
    0.9541821946169774, 
    0.9541821946169773, 
    0.6566459627329193, 
    0.8597929606625258, 
    0.9513250517598344, 
    0.9599171842650105
  ], 
  "parameters": {
    "cv_method": "k10", 
    "db": "wisconsin", 
    "repetition": 0
  }, 
  "std": [
    0.030173216274806864, 
    0.022266982086210505, 
    0.029302393803422255, 
    0.0015713180920091285, 
    0.04801664361064911, 
    0.03388543120545175, 
    0.02220403990199594
  ]
}