{
  "adv_t": [
    3,
    1,
    2,
    3,
    0,
    3,
    3
  ],
  "adv_w": [
    3,
    1,
    2,
    3,
    0,
    3,
    3
  ],
  "clfs": [
    "Nearest Neighbors",
    "RBF SVM",
    "Decision Tree",
    "Random Forest",
    "Neural Net",
    "Naive Bayes",
    "Linear SVM"
  ],
  "mean": [
    0.9567924682767088,
    0.8380605812525583,
    0.9318968481375357,
    0.9610871878837495,
    0.6873106835857553,
    0.954793286942284,
    0.9547924682767089
  ],
  "parameters": {
    "cv_method": "k2x5",
    "db": "wisconsin",
    "repetition": 0
  },
  "std": [
    0.007708614254299117,
    0.01746721588855639,
    0.009460476306788545,
    0.010461599936666515,
    0.09678099360254312,
    0.008709848507463872,
    0.005357441112696685
  ]
}