{
  "adv_t": [
    2, 
    3, 
    3, 
    0, 
    1, 
    3, 
    3
  ], 
  "adv_w": [
    2, 
    3, 
    3, 
    0, 
    1, 
    3, 
    3
  ], 
  "clfs": [
    "Decision Tree", 
    "Naive Bayes", 
    "Linear SVM", 
    "Neural Net", 
    "RBF SVM", 
    "Random Forest", 
    "Nearest Neighbors"
  ], 
  "mean": [
    0.9367548096602537, 
    0.954794105607859, 
    0.9553614408514122, 
    0.6864510847318871, 
    0.8352018010642652, 
    0.9587981989357347, 
    0.9590830945558739
  ], 
  "parameters": {
    "cv_method": "k2x5", 
    "db": "wisconsin", 
    "repetition": 7
  }, 
  "std": [
    0.016102027944268585, 
    0.010335838286218335, 
    0.007439423887232043, 
    0.09406273892824739, 
    0.023158648767511805, 
    0.0070332800002308625, 
    0.006198750394590974
  ]
}