{
  "adv_t": [
    2,
    1,
    2,
    2,
    0,
    2,
    2
  ],
  "adv_w": [
    2,
    1,
    2,
    2,
    0,
    2,
    2
  ],
  "clfs": [
    "Nearest Neighbors",
    "RBF SVM",
    "Decision Tree",
    "Random Forest",
    "Neural Net",
    "Naive Bayes",
    "Linear SVM"
  ],
  "mean": [
    0.9598319327731092,
    0.8640336134453784,
    0.9440756302521007,
    0.9569747899159664,
    0.6566386554621848,
    0.9540756302521007,
    0.9555882352941175
  ],
  "parameters": {
    "cv_method": "k20",
    "db": "wisconsin",
    "repetition": 6
  },
  "std": [
    0.039013018562942134,
    0.054927258310487066,
    0.03925602640729389,
    0.03566244904793353,
    0.0022548584647056626,
    0.039230265713018395,
    0.032913177813116146
  ]
}