{
  "adv_t": [
    2,
    1,
    2,
    2,
    0,
    2,
    2
  ],
  "adv_w": [
    2,
    1,
    2,
    2,
    0,
    2,
    2
  ],
  "clfs": [
    "Nearest Neighbors",
    "RBF SVM",
    "Decision Tree",
    "Random Forest",
    "Neural Net",
    "Naive Bayes",
    "Linear SVM"
  ],
  "mean": [
    0.958635265700483,
    0.864130434782609,
    0.95006038647343,
    0.961413043478261,
    0.6565217391304347,
    0.9542874396135266,
    0.957427536231884
  ],
  "parameters": {
    "cv_method": "k30",
    "db": "wisconsin",
    "repetition": 5
  },
  "std": [
    0.04964238509297287,
    0.05880829635073942,
    0.04892966043220006,
    0.04128371153918141,
    0.006754950720281128,
    0.04033681447934804,
    0.04594294236042982
  ]
}