{
  "adv_t": [
    2, 
    2, 
    3, 
    0, 
    1, 
    2, 
    2
  ], 
  "adv_w": [
    2, 
    2, 
    3, 
    0, 
    1, 
    4, 
    3
  ], 
  "clfs": [
    "Decision Tree", 
    "Naive Bayes", 
    "Linear SVM", 
    "Neural Net", 
    "RBF SVM", 
    "Random Forest", 
    "Nearest Neighbors"
  ], 
  "mean": [
    0.9399171842650104, 
    0.9541821946169773, 
    0.9613664596273293, 
    0.6566459627329193, 
    0.8612008281573498, 
    0.9627743271221533, 
    0.9599171842650105
  ], 
  "parameters": {
    "cv_method": "k10", 
    "db": "wisconsin", 
    "repetition": 5
  }, 
  "std": [
    0.027594338770370454, 
    0.022266982086210484, 
    0.016583321047254317, 
    0.0015713180920091285, 
    0.03177920072357791, 
    0.021594775243241052, 
    0.022204039901995966
  ]
}