{
  "adv_t": [
    3,
    3,
    3,
    2,
    1,
    0,
    3
  ],
  "adv_w": [
    3,
    5,
    3,
    2,
    1,
    0,
    4
  ],
  "clfs": [
    "Nearest Neighbors",
    "RBF SVM",
    "Decision Tree",
    "Random Forest",
    "Neural Net",
    "Naive Bayes",
    "Linear SVM"
  ],
  "mean": [
    0.9413328591749645,
    0.9548105737316266,
    0.9400263157894738,
    0.9090791844476053,
    0.8901870554765289,
    0.32747486960644856,
    0.9507655286865813
  ],
  "parameters": {
    "cv_method": "k20",
    "db": "yeast3",
    "repetition": 2
  },
  "std": [
    0.018768618687894516,
    0.023309561780549475,
    0.027141674949473858,
    0.02711180866030895,
    0.0041742422332691,
    0.06287615235734349,
    0.02452253022835118
  ]
}