{
  "adv_t": [
    3, 
    0, 
    4, 
    1, 
    5, 
    2, 
    3
  ], 
  "adv_w": [
    3, 
    0, 
    5, 
    1, 
    5, 
    2, 
    3
  ], 
  "clfs": [
    "Decision Tree", 
    "Naive Bayes", 
    "Linear SVM", 
    "Neural Net", 
    "RBF SVM", 
    "Random Forest", 
    "Nearest Neighbors"
  ], 
  "mean": [
    0.9424569032063543, 
    0.2720905691083491, 
    0.9485210593519724, 
    0.8901624337269304, 
    0.9520247455786167, 
    0.9009452142624914, 
    0.9412419650430559
  ], 
  "parameters": {
    "cv_method": "k2x5", 
    "db": "yeast3", 
    "repetition": 8
  }, 
  "std": [
    0.007149801269490461, 
    0.11641819139692644, 
    0.0058173351062282, 
    0.0005542686199512651, 
    0.007137589777548767, 
    0.014241081704871409, 
    0.0045990232623714785
  ]
}