{
  "adv_t": [
    3, 
    0, 
    3, 
    1, 
    3, 
    2, 
    3
  ], 
  "adv_w": [
    3, 
    0, 
    3, 
    1, 
    4, 
    2, 
    3
  ], 
  "clfs": [
    "Decision Tree", 
    "Naive Bayes", 
    "Linear SVM", 
    "Neural Net", 
    "RBF SVM", 
    "Random Forest", 
    "Nearest Neighbors"
  ], 
  "mean": [
    0.9481872925557138, 
    0.3239807965860597, 
    0.9495566619250833, 
    0.8901870554765289, 
    0.9529528212422951, 
    0.911133001422475, 
    0.9455113798008534
  ], 
  "parameters": {
    "cv_method": "k20", 
    "db": "yeast3", 
    "repetition": 6
  }, 
  "std": [
    0.022088364069097005, 
    0.06917279902738524, 
    0.030631216717063103, 
    0.0041742422332691, 
    0.029736177149593753, 
    0.03046811664045519, 
    0.026038269626818305
  ]
}