{
  "adv_t": [
    3,
    5,
    3,
    1,
    1,
    0,
    3
  ],
  "adv_w": [
    3,
    5,
    1,
    1,
    1,
    0,
    2
  ],
  "clfs": [
    "Nearest Neighbors",
    "RBF SVM",
    "Decision Tree",
    "Random Forest",
    "Neural Net",
    "Naive Bayes",
    "Linear SVM"
  ],
  "mean": [
    0.9407003376543648,
    0.9510855251805879,
    0.9394915749877853,
    0.9106454665496955,
    0.9005258253823811,
    0.26331627806445407,
    0.9469096179728751
  ],
  "parameters": {
    "cv_method": "k2x5",
    "db": "yeast3",
    "repetition": 7
  },
  "std": [
    0.004311398851119525,
    0.007382800411256166,
    0.006702395870654733,
    0.02177486923017003,
    0.02169012529631843,
    0.1053360621394233,
    0.009171509840739264
  ]
}