{
  "adv_t": [
    3, 
    0, 
    4, 
    1, 
    6, 
    2, 
    3
  ], 
  "adv_w": [
    3, 
    0, 
    5, 
    1, 
    6, 
    2, 
    3
  ], 
  "clfs": [
    "Decision Tree", 
    "Naive Bayes", 
    "Linear SVM", 
    "Neural Net", 
    "RBF SVM", 
    "Random Forest", 
    "Nearest Neighbors"
  ], 
  "mean": [
    0.940973512568044, 
    0.2653894286394109, 
    0.946900899624566, 
    0.8901624337269304, 
    0.9517522971939633, 
    0.9095629383013388, 
    0.9427242658878277
  ], 
  "parameters": {
    "cv_method": "k2x5", 
    "db": "yeast3", 
    "repetition": 6
  }, 
  "std": [
    0.008250001182549732, 
    0.10446532686816352, 
    0.004170263616430939, 
    0.0005542686199512651, 
    0.004868240938781215, 
    0.021176394593615006, 
    0.0035171093095482933
  ]
}