{
  "adv_t": [
    3,
    4,
    3,
    2,
    1,
    0,
    3
  ],
  "adv_w": [
    3,
    4,
    3,
    2,
    1,
    0,
    3
  ],
  "clfs": [
    "Nearest Neighbors",
    "RBF SVM",
    "Decision Tree",
    "Random Forest",
    "Neural Net",
    "Naive Bayes",
    "Linear SVM"
  ],
  "mean": [
    0.9407287814129921,
    0.9534947842579422,
    0.9480893788525367,
    0.9104393077287813,
    0.8901870554765289,
    0.3213579895685159,
    0.9487382645803699
  ],
  "parameters": {
    "cv_method": "k20",
    "db": "yeast3",
    "repetition": 5
  },
  "std": [
    0.022368680142119002,
    0.014836266136204493,
    0.02208461514088627,
    0.02459341417519789,
    0.0041742422332691,
    0.044725378969965694,
    0.021805227373303683
  ]
}