{
  "adv_t": [
    3,
    3,
    3,
    2,
    1,
    0,
    3
  ],
  "adv_w": [
    3,
    4,
    3,
    2,
    1,
    0,
    3
  ],
  "clfs": [
    "Nearest Neighbors",
    "RBF SVM",
    "Decision Tree",
    "Random Forest",
    "Neural Net",
    "Naive Bayes",
    "Linear SVM"
  ],
  "mean": [
    0.9420350877192982,
    0.9541702228544334,
    0.9474668089141772,
    0.904988857278331,
    0.8901870554765289,
    0.3226555239449976,
    0.9473688952110002
  ],
  "parameters": {
    "cv_method": "k20",
    "db": "yeast3",
    "repetition": 3
  },
  "std": [
    0.021996588897899058,
    0.023771225575223764,
    0.021671423293116738,
    0.023243195097063636,
    0.0041742422332691,
    0.0638555742251198,
    0.024841641689204177
  ]
}