{
  "adv_t": [
    3, 
    0, 
    3, 
    1, 
    3, 
    2, 
    3
  ], 
  "adv_w": [
    3, 
    0, 
    3, 
    1, 
    4, 
    2, 
    3
  ], 
  "clfs": [
    "Decision Tree", 
    "Naive Bayes", 
    "Linear SVM", 
    "Neural Net", 
    "RBF SVM", 
    "Random Forest", 
    "Nearest Neighbors"
  ], 
  "mean": [
    0.940061403508772, 
    0.32417662399241354, 
    0.948764817449028, 
    0.8901870554765289, 
    0.9535123281175913, 
    0.9063672356567093, 
    0.940665718349929
  ], 
  "parameters": {
    "cv_method": "k20", 
    "db": "yeast3", 
    "repetition": 3
  }, 
  "std": [
    0.028437910571216567, 
    0.05864052990239979, 
    0.020872930183359867, 
    0.0041742422332691, 
    0.018747224905874424, 
    0.02231569955125843, 
    0.02826482305579771
  ]
}