{
  "adv_t": [
    3,
    4,
    3,
    2,
    1,
    0,
    3
  ],
  "adv_w": [
    3,
    5,
    3,
    2,
    1,
    0,
    3
  ],
  "clfs": [
    "Nearest Neighbors",
    "RBF SVM",
    "Decision Tree",
    "Random Forest",
    "Neural Net",
    "Naive Bayes",
    "Linear SVM"
  ],
  "mean": [
    0.9427194877951177,
    0.9534949979991997,
    0.9434117647058823,
    0.9017110844337732,
    0.8902553021208478,
    0.32934080298786184,
    0.9481208483393356
  ],
  "parameters": {
    "cv_method": "k30",
    "db": "yeast3",
    "repetition": 7
  },
  "std": [
    0.021309247587656996,
    0.02391862128346802,
    0.02943749313351105,
    0.017544156110261975,
    0.008970158215995195,
    0.06715750421095494,
    0.025804572107164383
  ]
}