{
  "adv_t": [
    3, 
    0, 
    3, 
    1, 
    3, 
    2, 
    3
  ], 
  "adv_w": [
    3, 
    0, 
    3, 
    1, 
    4, 
    2, 
    3
  ], 
  "clfs": [
    "Decision Tree", 
    "Naive Bayes", 
    "Linear SVM", 
    "Neural Net", 
    "RBF SVM", 
    "Random Forest", 
    "Nearest Neighbors"
  ], 
  "mean": [
    0.9434405762304923, 
    0.32487875150060025, 
    0.9481213818860879, 
    0.8902553021208478, 
    0.954189409096972, 
    0.9056713352007468, 
    0.9420256102440977
  ], 
  "parameters": {
    "cv_method": "k30", 
    "db": "yeast3", 
    "repetition": 9
  }, 
  "std": [
    0.03926003134115635, 
    0.07864288835989325, 
    0.039886079681611765, 
    0.008970158215995195, 
    0.03662920393359601, 
    0.02435483066863498, 
    0.03214465598587749
  ]
}