{
  "adv_t": [
    3,
    5,
    3,
    2,
    1,
    0,
    3
  ],
  "adv_w": [
    3,
    5,
    3,
    2,
    1,
    0,
    3
  ],
  "clfs": [
    "Nearest Neighbors",
    "RBF SVM",
    "Decision Tree",
    "Random Forest",
    "Neural Net",
    "Naive Bayes",
    "Linear SVM"
  ],
  "mean": [
    0.9420618776671409,
    0.9541882408724515,
    0.9414132290184922,
    0.910394262683736,
    0.8901870554765289,
    0.32624988146040773,
    0.9508100995732576
  ],
  "parameters": {
    "cv_method": "k20",
    "db": "yeast3",
    "repetition": 7
  },
  "std": [
    0.022350768561183256,
    0.016005997827899673,
    0.028016197656960305,
    0.026273351164770305,
    0.0041742422332691,
    0.06120479574964147,
    0.0224517990444099
  ]
}