{
  "adv_t": [
    2,
    3,
    3,
    1,
    1,
    0,
    3
  ],
  "adv_w": [
    2,
    3,
    3,
    1,
    1,
    0,
    4
  ],
  "clfs": [
    "Nearest Neighbors",
    "RBF SVM",
    "Decision Tree",
    "Random Forest",
    "Neural Net",
    "Naive Bayes",
    "Linear SVM"
  ],
  "mean": [
    0.9346312957252556,
    0.9528473910151762,
    0.9474510550819277,
    0.9151451720176553,
    0.8901721990446824,
    0.3147319064030473,
    0.9508294334603061
  ],
  "parameters": {
    "cv_method": "k10",
    "db": "yeast3",
    "repetition": 0
  },
  "std": [
    0.020153294728587522,
    0.01616737531437067,
    0.018717320409261596,
    0.02935825700666114,
    0.002776696340026726,
    0.06336616810646226,
    0.014140297850854749
  ]
}