{
  "adv_t": [
    3,
    6,
    3,
    2,
    1,
    0,
    4
  ],
  "adv_w": [
    3,
    6,
    3,
    2,
    1,
    0,
    5
  ],
  "clfs": [
    "Nearest Neighbors",
    "RBF SVM",
    "Decision Tree",
    "Random Forest",
    "Neural Net",
    "Naive Bayes",
    "Linear SVM"
  ],
  "mean": [
    0.9424481848580454,
    0.952560560735102,
    0.9436671189309852,
    0.9119993533891672,
    0.8901624337269304,
    0.2637607321959522,
    0.9478408465516208
  ],
  "parameters": {
    "cv_method": "k2x5",
    "db": "yeast3",
    "repetition": 3
  },
  "std": [
    0.007229035325388944,
    0.005307151576359109,
    0.0063081423829754665,
    0.019702471822859332,
    0.0005542686199512651,
    0.11573997882987762,
    0.0058203391725983105
  ]
}