{
  "adv_t": [
    3,
    3,
    3,
    2,
    1,
    0,
    3
  ],
  "adv_w": [
    2,
    3,
    3,
    2,
    1,
    0,
    3
  ],
  "clfs": [
    "Nearest Neighbors",
    "RBF SVM",
    "Decision Tree",
    "Random Forest",
    "Neural Net",
    "Naive Bayes",
    "Linear SVM"
  ],
  "mean": [
    0.9413769559032719,
    0.9548634423897582,
    0.9440974395448081,
    0.9164845898530111,
    0.8901870554765289,
    0.3234829302987198,
    0.9494582740635373
  ],
  "parameters": {
    "cv_method": "k20",
    "db": "yeast3",
    "repetition": 6
  },
  "std": [
    0.027037397958634767,
    0.026645905641108334,
    0.02693899818667209,
    0.028747745710467582,
    0.0041742422332691,
    0.06305745099753783,
    0.02183219937041396
  ]
}