{
  "adv_t": [
    3, 
    0, 
    3, 
    1, 
    3, 
    1, 
    3
  ], 
  "adv_w": [
    2, 
    0, 
    2, 
    1, 
    3, 
    1, 
    2
  ], 
  "clfs": [
    "Decision Tree", 
    "Naive Bayes", 
    "Linear SVM", 
    "Neural Net", 
    "RBF SVM", 
    "Random Forest", 
    "Nearest Neighbors"
  ], 
  "mean": [
    0.9501220750952296, 
    0.31400592538847577, 
    0.9494193723925269, 
    0.8901721990446824, 
    0.9534644174375719, 
    0.9077216881310841, 
    0.9426942378620229
  ], 
  "parameters": {
    "cv_method": "k10", 
    "db": "yeast3", 
    "repetition": 7
  }, 
  "std": [
    0.010708359332169714, 
    0.06487645245967798, 
    0.02516124532954199, 
    0.002776696340026726, 
    0.020749766990411103, 
    0.022313698349707475, 
    0.01727454464160356
  ]
}