{
  "adv_t": [
    3, 
    0, 
    3, 
    1, 
    3, 
    2, 
    3
  ], 
  "adv_w": [
    3, 
    0, 
    3, 
    1, 
    4, 
    2, 
    3
  ], 
  "clfs": [
    "Decision Tree", 
    "Naive Bayes", 
    "Linear SVM", 
    "Neural Net", 
    "RBF SVM", 
    "Random Forest", 
    "Nearest Neighbors"
  ], 
  "mean": [
    0.9434305357989569, 
    0.324771692745377, 
    0.9494582740635371, 
    0.8901870554765289, 
    0.9535213371266004, 
    0.9083947368421054, 
    0.9427641062114744
  ], 
  "parameters": {
    "cv_method": "k20", 
    "db": "yeast3", 
    "repetition": 0
  }, 
  "std": [
    0.027001432400240506, 
    0.06317690777034377, 
    0.019993858633144627, 
    0.0041742422332691, 
    0.017143755942829034, 
    0.02443550762908893, 
    0.019808773871269347
  ]
}