{
  "adv_t": [
    3,
    3,
    3,
    2,
    1,
    0,
    3
  ],
  "adv_w": [
    3,
    4,
    3,
    2,
    1,
    0,
    3
  ],
  "clfs": [
    "Nearest Neighbors",
    "RBF SVM",
    "Decision Tree",
    "Random Forest",
    "Neural Net",
    "Naive Bayes",
    "Linear SVM"
  ],
  "mean": [
    0.9420533546752032,
    0.95218887555022,
    0.9413322662398294,
    0.9063646792050152,
    0.8902553021208478,
    0.32738588768840876,
    0.9480805655595571
  ],
  "parameters": {
    "cv_method": "k30",
    "db": "yeast3",
    "repetition": 0
  },
  "std": [
    0.0344181419382455,
    0.03154759640086995,
    0.03251734507495472,
    0.02441666232668328,
    0.008970158215995195,
    0.07392845652138465,
    0.034402461315256566
  ]
}