{
  "adv_t": [
    3,
    4,
    3,
    2,
    1,
    0,
    3
  ],
  "adv_w": [
    3,
    5,
    3,
    2,
    1,
    0,
    3
  ],
  "clfs": [
    "Nearest Neighbors",
    "RBF SVM",
    "Decision Tree",
    "Random Forest",
    "Neural Net",
    "Naive Bayes",
    "Linear SVM"
  ],
  "mean": [
    0.9426645324796584,
    0.9541213818860874,
    0.938092570361478,
    0.9056974789915964,
    0.8902553021208478,
    0.3234365746298519,
    0.9466922769107641
  ],
  "parameters": {
    "cv_method": "k30",
    "db": "yeast3",
    "repetition": 6
  },
  "std": [
    0.03291098501539049,
    0.03105470837811494,
    0.034284318891440825,
    0.03099927314635923,
    0.008970158215995195,
    0.07360127180791838,
    0.03679972087366487
  ]
}