{
  "adv_t": [
    3,
    3,
    3,
    2,
    1,
    0,
    3
  ],
  "adv_w": [
    3,
    4,
    3,
    2,
    1,
    0,
    3
  ],
  "clfs": [
    "Nearest Neighbors",
    "RBF SVM",
    "Decision Tree",
    "Random Forest",
    "Neural Net",
    "Naive Bayes",
    "Linear SVM"
  ],
  "mean": [
    0.9441203147925836,
    0.9535897025476856,
    0.940705882352941,
    0.9071119114312389,
    0.8902553021208478,
    0.32737228224623194,
    0.9501616646658663
  ],
  "parameters": {
    "cv_method": "k30",
    "db": "yeast3",
    "repetition": 1
  },
  "std": [
    0.02016006978644771,
    0.02422480235089621,
    0.031370261490619784,
    0.025822184795826236,
    0.008970158215995195,
    0.06854989035332808,
    0.02291260315931898
  ]
}