{
  "adv_t": [
    3,
    3,
    3,
    2,
    1,
    0,
    3
  ],
  "adv_w": [
    3,
    4,
    3,
    2,
    1,
    0,
    3
  ],
  "clfs": [
    "Nearest Neighbors",
    "RBF SVM",
    "Decision Tree",
    "Random Forest",
    "Neural Net",
    "Naive Bayes",
    "Linear SVM"
  ],
  "mean": [
    0.9406929824561404,
    0.9535040303461357,
    0.9481431958274065,
    0.91374679943101,
    0.8901870554765289,
    0.32476268373636796,
    0.9501434329065909
  ],
  "parameters": {
    "cv_method": "k20",
    "db": "yeast3",
    "repetition": 9
  },
  "std": [
    0.02413264709371018,
    0.021587659350770255,
    0.019591254806554645,
    0.029097635638204666,
    0.0041742422332691,
    0.06736000929741282,
    0.026263177601035123
  ]
}