{
  "adv_t": [
    3,
    5,
    3,
    2,
    1,
    0,
    3
  ],
  "adv_w": [
    3,
    4,
    3,
    1,
    1,
    0,
    3
  ],
  "clfs": [
    "Nearest Neighbors",
    "RBF SVM",
    "Decision Tree",
    "Random Forest",
    "Neural Net",
    "Naive Bayes",
    "Linear SVM"
  ],
  "mean": [
    0.9427242658878277,
    0.9518872499604949,
    0.9409731493035312,
    0.9059253891017013,
    0.8901624337269304,
    0.2653894286394109,
    0.9471708051576295
  ],
  "parameters": {
    "cv_method": "k2x5",
    "db": "yeast3",
    "repetition": 6
  },
  "std": [
    0.0035171093095482933,
    0.004999548932266166,
    0.008728858733394584,
    0.01656645690073672,
    0.0005542686199512651,
    0.10446532686816352,
    0.004822510040965954
  ]
}