{
  "adv_t": [
    3,
    3,
    3,
    2,
    1,
    0,
    3
  ],
  "adv_w": [
    3,
    4,
    3,
    2,
    1,
    0,
    3
  ],
  "clfs": [
    "Nearest Neighbors",
    "RBF SVM",
    "Decision Tree",
    "Random Forest",
    "Neural Net",
    "Naive Bayes",
    "Linear SVM"
  ],
  "mean": [
    0.9415080698946244,
    0.9548430038682141,
    0.9461208483393355,
    0.9083390689609173,
    0.8902553021208478,
    0.3234098972922502,
    0.9501627317593702
  ],
  "parameters": {
    "cv_method": "k30",
    "db": "yeast3",
    "repetition": 8
  },
  "std": [
    0.027392129436591722,
    0.025308171778610302,
    0.023291198465170627,
    0.029869305601206333,
    0.008970158215995195,
    0.060533113033895754,
    0.025270330608306944
  ]
}