{
  "adv_t": [
    3,
    3,
    3,
    2,
    1,
    0,
    3
  ],
  "adv_w": [
    3,
    5,
    3,
    2,
    1,
    0,
    4
  ],
  "clfs": [
    "Nearest Neighbors",
    "RBF SVM",
    "Decision Tree",
    "Random Forest",
    "Neural Net",
    "Naive Bayes",
    "Linear SVM"
  ],
  "mean": [
    0.9434103029203701,
    0.9534869097285206,
    0.9420501239494528,
    0.9090595562004958,
    0.8901721990446824,
    0.3179517504081263,
    0.9514734264465808
  ],
  "parameters": {
    "cv_method": "k10",
    "db": "yeast3",
    "repetition": 7
  },
  "std": [
    0.017953521473476383,
    0.012568459549512651,
    0.018053497397120283,
    0.016999206644933144,
    0.002776696340026726,
    0.07361833184893068,
    0.010499726450869057
  ]
}