{
  "adv_t": [
    3, 
    0, 
    3, 
    1, 
    3, 
    2, 
    3
  ], 
  "adv_w": [
    3, 
    0, 
    3, 
    1, 
    6, 
    2, 
    3
  ], 
  "clfs": [
    "Decision Tree", 
    "Naive Bayes", 
    "Linear SVM", 
    "Neural Net", 
    "RBF SVM", 
    "Random Forest", 
    "Nearest Neighbors"
  ], 
  "mean": [
    0.9426525276777377, 
    0.3268515406162465, 
    0.9473872215552886, 
    0.8902553021208478, 
    0.9528157929838605, 
    0.9036974789915962, 
    0.9399722555688944
  ], 
  "parameters": {
    "cv_method": "k30", 
    "db": "yeast3", 
    "repetition": 1
  }, 
  "std": [
    0.033735595906958786, 
    0.07202843247084191, 
    0.031720891788823646, 
    0.008970158215995195, 
    0.03201378973064171, 
    0.02197378476261524, 
    0.03035265001731522
  ]
}