{
  "adv_t": [
    3,
    4,
    3,
    1,
    1,
    0,
    3
  ],
  "adv_w": [
    3,
    4,
    3,
    1,
    1,
    0,
    4
  ],
  "clfs": [
    "Nearest Neighbors",
    "RBF SVM",
    "Decision Tree",
    "Random Forest",
    "Neural Net",
    "Naive Bayes",
    "Linear SVM"
  ],
  "mean": [
    0.9393653183384727,
    0.9528246568716368,
    0.9420545377592358,
    0.9009152911300562,
    0.8901721990446824,
    0.31456472579962513,
    0.9521490416591089
  ],
  "parameters": {
    "cv_method": "k10",
    "db": "yeast3",
    "repetition": 5
  },
  "std": [
    0.01134187294865108,
    0.012327617540578262,
    0.01717429388514519,
    0.018122733595090992,
    0.002776696340026726,
    0.0641851935469283,
    0.015761328354739968
  ]
}