{
  "adv_t": [
    3, 
    0, 
    3, 
    1, 
    3, 
    2, 
    3
  ], 
  "adv_w": [
    3, 
    0, 
    3, 
    1, 
    5, 
    2, 
    3
  ], 
  "clfs": [
    "Decision Tree", 
    "Naive Bayes", 
    "Linear SVM", 
    "Neural Net", 
    "RBF SVM", 
    "Random Forest", 
    "Nearest Neighbors"
  ], 
  "mean": [
    0.9468005869014272, 
    0.3255432839802587, 
    0.9494813925570227, 
    0.8902553021208478, 
    0.9542291583299986, 
    0.9077791116446573, 
    0.9407733760170732
  ], 
  "parameters": {
    "cv_method": "k30", 
    "db": "yeast3", 
    "repetition": 2
  }, 
  "std": [
    0.033751411032315784, 
    0.06722185638609222, 
    0.03028083718139497, 
    0.008970158215995195, 
    0.02895693940383637, 
    0.02805618948138604, 
    0.03659614481530173
  ]
}