{
  "adv_t": [
    3,
    3,
    3,
    2,
    1,
    0,
    3
  ],
  "adv_w": [
    3,
    4,
    3,
    2,
    1,
    0,
    3
  ],
  "clfs": [
    "Nearest Neighbors",
    "RBF SVM",
    "Decision Tree",
    "Random Forest",
    "Neural Net",
    "Naive Bayes",
    "Linear SVM"
  ],
  "mean": [
    0.9427167906161195,
    0.9534869097285205,
    0.9433699135376987,
    0.906992018864502,
    0.8901721990446824,
    0.31616433883547984,
    0.947405889110587
  ],
  "parameters": {
    "cv_method": "k10",
    "db": "yeast3",
    "repetition": 1
  },
  "std": [
    0.02093137487757242,
    0.018713193693137193,
    0.02120104891957396,
    0.018751932061808134,
    0.002776696340026726,
    0.06067618185777681,
    0.020869688889469298
  ]
}