{
  "adv_t": [
    3, 
    0, 
    3, 
    1, 
    3, 
    2, 
    3
  ], 
  "adv_w": [
    3, 
    0, 
    5, 
    1, 
    5, 
    2, 
    3
  ], 
  "clfs": [
    "Decision Tree", 
    "Naive Bayes", 
    "Linear SVM", 
    "Neural Net", 
    "RBF SVM", 
    "Random Forest", 
    "Nearest Neighbors"
  ], 
  "mean": [
    0.9401752701080428, 
    0.3266349206349208, 
    0.9502574363078563, 
    0.8902553021208478, 
    0.9543254635187406, 
    0.9043777511004397, 
    0.9415499533146592
  ], 
  "parameters": {
    "cv_method": "k30", 
    "db": "yeast3", 
    "repetition": 4
  }, 
  "std": [
    0.035534282575964554, 
    0.07694876403590675, 
    0.030092172916792538, 
    0.008970158215995195, 
    0.030658300970475588, 
    0.027188318794100563, 
    0.034514617572945515
  ]
}