{
  "adv_t": [
    3,
    3,
    3,
    2,
    1,
    0,
    3
  ],
  "adv_w": [
    2,
    3,
    2,
    1,
    1,
    0,
    3
  ],
  "clfs": [
    "Nearest Neighbors",
    "RBF SVM",
    "Decision Tree",
    "Random Forest",
    "Neural Net",
    "Naive Bayes",
    "Linear SVM"
  ],
  "mean": [
    0.9434374508736925,
    0.9542076304492413,
    0.9373247475663582,
    0.9090143902291551,
    0.8901721990446824,
    0.318641030292037,
    0.9454238466654574
  ],
  "parameters": {
    "cv_method": "k10",
    "db": "yeast3",
    "repetition": 6
  },
  "std": [
    0.01635802085609208,
    0.010730594146133041,
    0.023829920987820857,
    0.018394938866947874,
    0.002776696340026726,
    0.056850668119382115,
    0.015373220385260296
  ]
}