{
  "adv_t": [
    3,
    3,
    3,
    2,
    1,
    0,
    3
  ],
  "adv_w": [
    3,
    3,
    3,
    2,
    1,
    0,
    3
  ],
  "clfs": [
    "Nearest Neighbors",
    "RBF SVM",
    "Decision Tree",
    "Random Forest",
    "Neural Net",
    "Naive Bayes",
    "Linear SVM"
  ],
  "mean": [
    0.9447076606808149,
    0.9521356188403167,
    0.9500949876050548,
    0.9130636072313925,
    0.8901721990446824,
    0.3179922002539452,
    0.9494329161376142
  ],
  "parameters": {
    "cv_method": "k10",
    "db": "yeast3",
    "repetition": 3
  },
  "std": [
    0.02468391589256215,
    0.01871086933678385,
    0.01668251436633096,
    0.02797878057513846,
    0.002776696340026726,
    0.07022998989688559,
    0.02614410128597046
  ]
}