{
  "adv_t": [
    3, 
    0, 
    3, 
    1, 
    3, 
    2, 
    3
  ], 
  "adv_w": [
    3, 
    0, 
    3, 
    1, 
    5, 
    2, 
    3
  ], 
  "clfs": [
    "Decision Tree", 
    "Naive Bayes", 
    "Linear SVM", 
    "Neural Net", 
    "RBF SVM", 
    "Random Forest", 
    "Nearest Neighbors"
  ], 
  "mean": [
    0.945359477124183, 
    0.3211964785914365, 
    0.9487482993197278, 
    0.8902553021208478, 
    0.9547891156462586, 
    0.9029910630919032, 
    0.942625316793384
  ], 
  "parameters": {
    "cv_method": "k30", 
    "db": "yeast3", 
    "repetition": 3
  }, 
  "std": [
    0.03150839664243873, 
    0.07673068114086355, 
    0.03425179840096606, 
    0.008970158215995195, 
    0.034619813038283556, 
    0.02435222486448247, 
    0.03336108772112301
  ]
}