{
  "adv_t": [
    3,
    3,
    3,
    2,
    1,
    0,
    3
  ],
  "adv_w": [
    3,
    4,
    3,
    2,
    1,
    0,
    3
  ],
  "clfs": [
    "Nearest Neighbors",
    "RBF SVM",
    "Decision Tree",
    "Random Forest",
    "Neural Net",
    "Naive Bayes",
    "Linear SVM"
  ],
  "mean": [
    0.9434149659863943,
    0.9535374149659862,
    0.9400538882219552,
    0.9124625850340136,
    0.8902553021208478,
    0.3238217953848206,
    0.9467891156462583
  ],
  "parameters": {
    "cv_method": "k30",
    "db": "yeast3",
    "repetition": 5
  },
  "std": [
    0.02859021867972328,
    0.029897080509305413,
    0.031045742636670856,
    0.032837224035366146,
    0.008970158215995195,
    0.06766244613712181,
    0.026612331964587597
  ]
}