{
  "adv_t": [
    3,
    5,
    3,
    1,
    1,
    0,
    5
  ],
  "adv_w": [
    3,
    6,
    3,
    2,
    1,
    0,
    5
  ],
  "clfs": [
    "Nearest Neighbors",
    "RBF SVM",
    "Decision Tree",
    "Random Forest",
    "Neural Net",
    "Naive Bayes",
    "Linear SVM"
  ],
  "mean": [
    0.9392173102805674,
    0.9526929706500435,
    0.9377415481970275,
    0.9049741809747476,
    0.8942110167228818,
    0.262108968455926,
    0.9498611421399549
  ],
  "parameters": {
    "cv_method": "k2x5",
    "db": "yeast3",
    "repetition": 2
  },
  "std": [
    0.006948806245775333,
    0.00599552211674351,
    0.007208292460129911,
    0.021390970424157822,
    0.01299800865998827,
    0.09999787378209396,
    0.005040115531497294
  ]
}