{
  "adv_t": [
    3, 
    0, 
    3, 
    1, 
    4, 
    2, 
    3
  ], 
  "adv_w": [
    3, 
    0, 
    3, 
    1, 
    5, 
    2, 
    3
  ], 
  "clfs": [
    "Decision Tree", 
    "Naive Bayes", 
    "Linear SVM", 
    "Neural Net", 
    "RBF SVM", 
    "Random Forest", 
    "Nearest Neighbors"
  ], 
  "mean": [
    0.9413954480796587, 
    0.3247453769559033, 
    0.9481339497392127, 
    0.8901870554765289, 
    0.952854907539118, 
    0.9036645329540066, 
    0.94275533428165
  ], 
  "parameters": {
    "cv_method": "k20", 
    "db": "yeast3", 
    "repetition": 4
  }, 
  "std": [
    0.021004743612019317, 
    0.055525890349090445, 
    0.019156844322393236, 
    0.0041742422332691, 
    0.019742118910661438, 
    0.024328733897858577, 
    0.02894217326062543
  ]
}