{
  "adv_t": [
    3, 
    0, 
    3, 
    1, 
    3, 
    2, 
    3
  ], 
  "adv_w": [
    3, 
    0, 
    3, 
    1, 
    4, 
    2, 
    3
  ], 
  "clfs": [
    "Decision Tree", 
    "Naive Bayes", 
    "Linear SVM", 
    "Neural Net", 
    "RBF SVM", 
    "Random Forest", 
    "Nearest Neighbors"
  ], 
  "mean": [
    0.9425965052687738, 
    0.32814565826330533, 
    0.9487330932372948, 
    0.8902553021208478, 
    0.9534677871148459, 
    0.9117655062024809, 
    0.9419570494864612
  ], 
  "parameters": {
    "cv_method": "k30", 
    "db": "yeast3", 
    "repetition": 7
  }, 
  "std": [
    0.033021418551096256, 
    0.08093633879864845, 
    0.03011336804653325, 
    0.008970158215995195, 
    0.028794651496522407, 
    0.024347938205357997, 
    0.02710931107762193
  ]
}