{
  "adv_t": [
    3,
    5,
    3,
    1,
    1,
    0,
    3
  ],
  "adv_w": [
    3,
    6,
    3,
    1,
    1,
    0,
    3
  ],
  "clfs": [
    "Nearest Neighbors",
    "RBF SVM",
    "Decision Tree",
    "Random Forest",
    "Neural Net",
    "Naive Bayes",
    "Linear SVM"
  ],
  "mean": [
    0.9439348448769713,
    0.9512106698052722,
    0.9424554501483027,
    0.9094377936766544,
    0.8954255916216673,
    0.283210640744111,
    0.9466288145044255
  ],
  "parameters": {
    "cv_method": "k2x5",
    "db": "yeast3",
    "repetition": 0
  },
  "std": [
    0.004972003878085587,
    0.006517336590652101,
    0.006991409134994219,
    0.016055214396427972,
    0.01683643455202634,
    0.13488311716731452,
    0.005600055602304227
  ]
}