{
  "adv_t": [
    3, 
    0, 
    3, 
    1, 
    3, 
    2, 
    3
  ], 
  "adv_w": [
    3, 
    0, 
    4, 
    1, 
    5, 
    2, 
    3
  ], 
  "clfs": [
    "Decision Tree", 
    "Naive Bayes", 
    "Linear SVM", 
    "Neural Net", 
    "RBF SVM", 
    "Random Forest", 
    "Nearest Neighbors"
  ], 
  "mean": [
    0.9414151399721871, 
    0.32069036822056957, 
    0.9514824354555899, 
    0.8901721990446824, 
    0.9535139972186952, 
    0.9130459519922607, 
    0.9427347481709898
  ], 
  "parameters": {
    "cv_method": "k10", 
    "db": "yeast3", 
    "repetition": 1
  }, 
  "std": [
    0.018114266178481594, 
    0.0722637504982478, 
    0.012656827350395649, 
    0.002776696340026726, 
    0.016029888558290822, 
    0.02124947586770237, 
    0.017462069979577055
  ]
}