{
  "adv_t": [
    3, 
    0, 
    3, 
    1, 
    5, 
    2, 
    3
  ], 
  "adv_w": [
    3, 
    0, 
    3, 
    1, 
    5, 
    2, 
    3
  ], 
  "clfs": [
    "Decision Tree", 
    "Naive Bayes", 
    "Linear SVM", 
    "Neural Net", 
    "RBF SVM", 
    "Random Forest", 
    "Nearest Neighbors"
  ], 
  "mean": [
    0.9413699135376987, 
    0.3174159864562549, 
    0.9494598222383457, 
    0.8901721990446824, 
    0.9548562790978898, 
    0.9137936392768609, 
    0.9433788620835599
  ], 
  "parameters": {
    "cv_method": "k10", 
    "db": "yeast3", 
    "repetition": 8
  }, 
  "std": [
    0.017727035311375827, 
    0.06338835944301685, 
    0.010658468744618493, 
    0.002776696340026726, 
    0.007121264620913875, 
    0.02578371844702074, 
    0.006654988764806607
  ]
}