{
  "adv_t": [
    3, 
    0, 
    3, 
    1, 
    6, 
    2, 
    3
  ], 
  "adv_w": [
    3, 
    0, 
    4, 
    1, 
    6, 
    2, 
    3
  ], 
  "clfs": [
    "Decision Tree", 
    "Naive Bayes", 
    "Linear SVM", 
    "Neural Net", 
    "RBF SVM", 
    "Random Forest", 
    "Nearest Neighbors"
  ], 
  "mean": [
    0.9428581288608207, 
    0.28116110236249076, 
    0.947038031978175, 
    0.9014679518965132, 
    0.9513492552169325, 
    0.9237217175872697, 
    0.9429930816273524
  ], 
  "parameters": {
    "cv_method": "k2x5", 
    "db": "yeast3", 
    "repetition": 9
  }, 
  "std": [
    0.0056818286468663885, 
    0.1368365962639018, 
    0.005169907031174193, 
    0.023561880698250763, 
    0.0038112343643615107, 
    0.018588486552989215, 
    0.007342648626756119
  ]
}