{
  "adv_t": [
    3,
    3,
    3,
    2,
    1,
    0,
    3
  ],
  "adv_w": [
    3,
    4,
    3,
    2,
    1,
    0,
    3
  ],
  "clfs": [
    "Nearest Neighbors",
    "RBF SVM",
    "Decision Tree",
    "Random Forest",
    "Neural Net",
    "Naive Bayes",
    "Linear SVM"
  ],
  "mean": [
    0.9420789649193009,
    0.9535619581165801,
    0.9454122982526343,
    0.9097252234227021,
    0.8902553021208478,
    0.3286784046952114,
    0.9495211417900495
  ],
  "parameters": {
    "cv_method": "k30",
    "db": "yeast3",
    "repetition": 3
  },
  "std": [
    0.032039916055558275,
    0.03348319406799828,
    0.028521075267059187,
    0.031639221079520066,
    0.008970158215995195,
    0.07191709014233878,
    0.03807533512723179
  ]
}