{
  "adv_t": [
    3, 
    0, 
    3, 
    1, 
    5, 
    2, 
    3
  ], 
  "adv_w": [
    3, 
    0, 
    5, 
    1, 
    6, 
    2, 
    3
  ], 
  "clfs": [
    "Decision Tree", 
    "Naive Bayes", 
    "Linear SVM", 
    "Neural Net", 
    "RBF SVM", 
    "Random Forest", 
    "Nearest Neighbors"
  ], 
  "mean": [
    0.9431222221616784, 
    0.28353122167672, 
    0.9478372139064921, 
    0.8916429182491378, 
    0.9536361869577142, 
    0.9115781481864929, 
    0.9416391947878807
  ], 
  "parameters": {
    "cv_method": "k2x5", 
    "db": "yeast3", 
    "repetition": 4
  }, 
  "std": [
    0.005618568495214739, 
    0.12129604429435459, 
    0.007701109975899048, 
    0.004527207802365033, 
    0.004956328379683186, 
    0.018297375781461983, 
    0.007512099236283804
  ]
}