{
  "adv_t": [
    3,
    3,
    3,
    2,
    1,
    0,
    3
  ],
  "adv_w": [
    3,
    4,
    3,
    2,
    1,
    0,
    3
  ],
  "clfs": [
    "Nearest Neighbors",
    "RBF SVM",
    "Decision Tree",
    "Random Forest",
    "Neural Net",
    "Naive Bayes",
    "Linear SVM"
  ],
  "mean": [
    0.9454492650545282,
    0.953494784257942,
    0.9467470365101944,
    0.9070611664295875,
    0.8901870554765289,
    0.3281958274063538,
    0.9507920815552394
  ],
  "parameters": {
    "cv_method": "k20",
    "db": "yeast3",
    "repetition": 4
  },
  "std": [
    0.02630481714792038,
    0.02493498377460943,
    0.017779015574822973,
    0.025260895929902542,
    0.0041742422332691,
    0.06558748003207233,
    0.021156659526842172
  ]
}