{
  "adv_t": [
    3, 
    0, 
    3, 
    1, 
    3, 
    2, 
    3
  ], 
  "adv_w": [
    3, 
    0, 
    3, 
    1, 
    4, 
    2, 
    3
  ], 
  "clfs": [
    "Decision Tree", 
    "Naive Bayes", 
    "Linear SVM", 
    "Neural Net", 
    "RBF SVM", 
    "Random Forest", 
    "Nearest Neighbors"
  ], 
  "mean": [
    0.9420350877192982, 
    0.3294122807017545, 
    0.950800853485064, 
    0.8901870554765289, 
    0.9541792318634423, 
    0.9110614035087717, 
    0.9426927453769558
  ], 
  "parameters": {
    "cv_method": "k20", 
    "db": "yeast3", 
    "repetition": 5
  }, 
  "std": [
    0.028095824658385844, 
    0.06705486598293912, 
    0.02490609448631102, 
    0.0041742422332691, 
    0.029171392503838815, 
    0.024081262557751212, 
    0.02476355541698702
  ]
}