{
  "adv_t": [
    3,
    5,
    3,
    2,
    1,
    0,
    4
  ],
  "adv_w": [
    3,
    5,
    3,
    2,
    1,
    0,
    5
  ],
  "clfs": [
    "Nearest Neighbors",
    "RBF SVM",
    "Decision Tree",
    "Random Forest",
    "Neural Net",
    "Naive Bayes",
    "Linear SVM"
  ],
  "mean": [
    0.9417821393736958,
    0.9516209770725602,
    0.9427249924168531,
    0.9133467014674072,
    0.8901624337269304,
    0.2845122174937291,
    0.948793144472113
  ],
  "parameters": {
    "cv_method": "k2x5",
    "db": "yeast3",
    "repetition": 1
  },
  "std": [
    0.00671068536087389,
    0.0050990757200154715,
    0.007791716570258385,
    0.020152656918037467,
    0.0005542686199512651,
    0.13857336699669026,
    0.00929927125595197
  ]
}