{
  "adv_t": [
    3, 
    0, 
    3, 
    1, 
    3, 
    2, 
    3
  ], 
  "adv_w": [
    3, 
    0, 
    3, 
    1, 
    6, 
    2, 
    3
  ], 
  "clfs": [
    "Decision Tree", 
    "Naive Bayes", 
    "Linear SVM", 
    "Neural Net", 
    "RBF SVM", 
    "Random Forest", 
    "Nearest Neighbors"
  ], 
  "mean": [
    0.9441208483393357, 
    0.3251116446578631, 
    0.94881579298386, 
    0.8902553021208478, 
    0.9535232759770572, 
    0.9050585567560353, 
    0.9421072428971589
  ], 
  "parameters": {
    "cv_method": "k30", 
    "db": "yeast3", 
    "repetition": 0
  }, 
  "std": [
    0.0302730809313368, 
    0.07755151212031776, 
    0.028859026133655315, 
    0.008970158215995195, 
    0.02498080403246553, 
    0.02351522484385365, 
    0.0322083269081521
  ]
}