{
  "adv_t": [
    3, 
    0, 
    3, 
    1, 
    5, 
    2, 
    3
  ], 
  "adv_w": [
    3, 
    0, 
    4, 
    1, 
    6, 
    2, 
    3
  ], 
  "clfs": [
    "Decision Tree", 
    "Naive Bayes", 
    "Linear SVM", 
    "Neural Net", 
    "RBF SVM", 
    "Random Forest", 
    "Nearest Neighbors"
  ], 
  "mean": [
    0.9372933067295486, 
    0.3173888989660802, 
    0.9507887417618963, 
    0.8901721990446824, 
    0.954829252070863, 
    0.8988792550940202, 
    0.9454014148376564
  ], 
  "parameters": {
    "cv_method": "k10", 
    "db": "yeast3", 
    "repetition": 5
  }, 
  "std": [
    0.025924581448368584, 
    0.056467849049019116, 
    0.011080963799153356, 
    0.002776696340026726, 
    0.010130051550460055, 
    0.012198928310529909, 
    0.011258252774784587
  ]
}