{
  "adv_t": [
    3,
    3,
    3,
    2,
    1,
    0,
    3
  ],
  "adv_w": [
    3,
    3,
    3,
    2,
    1,
    0,
    3
  ],
  "clfs": [
    "Nearest Neighbors",
    "RBF SVM",
    "Decision Tree",
    "Random Forest",
    "Neural Net",
    "Naive Bayes",
    "Linear SVM"
  ],
  "mean": [
    0.9414042200094832,
    0.9522060218112849,
    0.9427107633949741,
    0.9151424845898528,
    0.8901870554765289,
    0.3247733522996681,
    0.9481609767662398
  ],
  "parameters": {
    "cv_method": "k20",
    "db": "yeast3",
    "repetition": 0
  },
  "std": [
    0.025135574964382443,
    0.028748941483073734,
    0.025540651256477767,
    0.029571333650571928,
    0.0041742422332691,
    0.07012849047247365,
    0.02514314895429479
  ]
}