{
  "adv_t": [
    3, 
    0, 
    5, 
    1, 
    5, 
    1, 
    3
  ], 
  "adv_w": [
    3, 
    0, 
    5, 
    1, 
    6, 
    1, 
    3
  ], 
  "clfs": [
    "Decision Tree", 
    "Naive Bayes", 
    "Linear SVM", 
    "Neural Net", 
    "RBF SVM", 
    "Random Forest", 
    "Nearest Neighbors"
  ], 
  "mean": [
    0.9393580752793051, 
    0.26331627806445407, 
    0.9467732121482918, 
    0.9002566463783435, 
    0.9513554307136513, 
    0.9090293027319308, 
    0.9407003376543648
  ], 
  "parameters": {
    "cv_method": "k2x5", 
    "db": "yeast3", 
    "repetition": 7
  }, 
  "std": [
    0.007946269108712989, 
    0.1053360621394233, 
    0.008755493157816291, 
    0.02106861050743846, 
    0.007893183969969004, 
    0.019992606427065955, 
    0.004311398851119525
  ]
}