{
  "adv_t": [
    3,
    3,
    3,
    2,
    1,
    0,
    3
  ],
  "adv_w": [
    3,
    4,
    3,
    2,
    1,
    0,
    3
  ],
  "clfs": [
    "Nearest Neighbors",
    "RBF SVM",
    "Decision Tree",
    "Random Forest",
    "Neural Net",
    "Naive Bayes",
    "Linear SVM"
  ],
  "mean": [
    0.9427739095638252,
    0.9535363478724822,
    0.9420810991063091,
    0.9117671068427369,
    0.8902553021208478,
    0.32448419367747106,
    0.9502432973189275
  ],
  "parameters": {
    "cv_method": "k30",
    "db": "yeast3",
    "repetition": 9
  },
  "std": [
    0.024907037661111197,
    0.032333355291109,
    0.03502973886750507,
    0.026024093476265844,
    0.008970158215995195,
    0.07688222693833514,
    0.030249876212455125
  ]
}