{
  "adv_t": [
    3, 
    0, 
    3, 
    1, 
    3, 
    2, 
    3
  ], 
  "adv_w": [
    3, 
    0, 
    3, 
    1, 
    3, 
    2, 
    3
  ], 
  "clfs": [
    "Decision Tree", 
    "Naive Bayes", 
    "Linear SVM", 
    "Neural Net", 
    "RBF SVM", 
    "Random Forest", 
    "Nearest Neighbors"
  ], 
  "mean": [
    0.9427285443338075, 
    0.31871740161213846, 
    0.9501697486960646, 
    0.8901870554765289, 
    0.9535037932669512, 
    0.9056915599810335, 
    0.9400350877192982
  ], 
  "parameters": {
    "cv_method": "k20", 
    "db": "yeast3", 
    "repetition": 2
  }, 
  "std": [
    0.025104669393943138, 
    0.04848962726084103, 
    0.02391867854869757, 
    0.0041742422332691, 
    0.02572633702018361, 
    0.017234859328703736, 
    0.031424314661383665
  ]
}