{
  "adv_t": [
    3, 
    0, 
    3, 
    1, 
    3, 
    2, 
    3
  ], 
  "adv_w": [
    3, 
    0, 
    4, 
    1, 
    4, 
    2, 
    3
  ], 
  "clfs": [
    "Decision Tree", 
    "Naive Bayes", 
    "Linear SVM", 
    "Neural Net", 
    "RBF SVM", 
    "Random Forest", 
    "Nearest Neighbors"
  ], 
  "mean": [
    0.9440125383486726, 
    0.3227731092436975, 
    0.9507885820995063, 
    0.8902553021208478, 
    0.9541219154328398, 
    0.9069654528478054, 
    0.9406655995731623
  ], 
  "parameters": {
    "cv_method": "k30", 
    "db": "yeast3", 
    "repetition": 6
  }, 
  "std": [
    0.029402580033558907, 
    0.05900045986110351, 
    0.02980408019184839, 
    0.008970158215995195, 
    0.024961461974444227, 
    0.025669426341594904, 
    0.029597852170482452
  ]
}