{
  "adv_t": [
    3, 
    0, 
    3, 
    1, 
    4, 
    2, 
    3
  ], 
  "adv_w": [
    3, 
    0, 
    4, 
    1, 
    5, 
    2, 
    3
  ], 
  "clfs": [
    "Decision Tree", 
    "Naive Bayes", 
    "Linear SVM", 
    "Neural Net", 
    "RBF SVM", 
    "Random Forest", 
    "Nearest Neighbors"
  ], 
  "mean": [
    0.9407213253521979, 
    0.3208807062095653, 
    0.9494823145292944, 
    0.8901721990446824, 
    0.9541804824959188, 
    0.9076944192514663, 
    0.940707660680815
  ], 
  "parameters": {
    "cv_method": "k10", 
    "db": "yeast3", 
    "repetition": 0
  }, 
  "std": [
    0.024951934136899816, 
    0.06402473367567842, 
    0.015492804293115413, 
    0.002776696340026726, 
    0.014104879566993994, 
    0.024103527221721037, 
    0.01760069213189511
  ]
}