{
  "adv_t": [
    3,
    3,
    3,
    2,
    1,
    0,
    3
  ],
  "adv_w": [
    3,
    4,
    3,
    2,
    1,
    0,
    3
  ],
  "clfs": [
    "Nearest Neighbors",
    "RBF SVM",
    "Decision Tree",
    "Random Forest",
    "Neural Net",
    "Naive Bayes",
    "Linear SVM"
  ],
  "mean": [
    0.9433862019914653,
    0.9548639165481271,
    0.9454132290184922,
    0.9056913229018491,
    0.8901870554765289,
    0.3214381223328592,
    0.9481069227121859
  ],
  "parameters": {
    "cv_method": "k20",
    "db": "yeast3",
    "repetition": 8
  },
  "std": [
    0.020842964487593523,
    0.016486434529447865,
    0.02645796664651917,
    0.0220534405307508,
    0.0041742422332691,
    0.06640422207096397,
    0.018712471998150373
  ]
}