{
  "adv_t": [
    3, 
    0, 
    5, 
    1, 
    6, 
    1, 
    3
  ], 
  "adv_w": [
    3, 
    0, 
    5, 
    1, 
    6, 
    1, 
    3
  ], 
  "clfs": [
    "Decision Tree", 
    "Naive Bayes", 
    "Linear SVM", 
    "Neural Net", 
    "RBF SVM", 
    "Random Forest", 
    "Nearest Neighbors"
  ], 
  "mean": [
    0.9438006186394656, 
    0.25910095665709465, 
    0.9500026336677182, 
    0.8948857805555404, 
    0.954181810256047, 
    0.8987910557011641, 
    0.9428577655963076
  ], 
  "parameters": {
    "cv_method": "k2x5", 
    "db": "yeast3", 
    "repetition": 5
  }, 
  "std": [
    0.0029105993462794125, 
    0.0923039128084423, 
    0.005231621821670291, 
    0.015130317284158062, 
    0.0041169175730398876, 
    0.009453663684308744, 
    0.005159665587454404
  ]
}