{
  "adv_t": [
    3,
    5,
    3,
    2,
    1,
    0,
    4
  ],
  "adv_w": [
    3,
    5,
    3,
    1,
    1,
    0,
    4
  ],
  "clfs": [
    "Nearest Neighbors",
    "RBF SVM",
    "Decision Tree",
    "Random Forest",
    "Neural Net",
    "Naive Bayes",
    "Linear SVM"
  ],
  "mean": [
    0.9412419650430559,
    0.9529675986217743,
    0.942591855972886,
    0.8994629134177196,
    0.8901624337269304,
    0.2720905691083491,
    0.9491943701265795
  ],
  "parameters": {
    "cv_method": "k2x5",
    "db": "yeast3",
    "repetition": 8
  },
  "std": [
    0.0045990232623714785,
    0.007120989436338523,
    0.007876665632321176,
    0.009047109236504057,
    0.0005542686199512651,
    0.11641819139692644,
    0.005324578919339027
  ]
}