{
  "adv_t": [
    3, 
    0, 
    3, 
    1, 
    3, 
    2, 
    3
  ], 
  "adv_w": [
    3, 
    0, 
    3, 
    1, 
    3, 
    2, 
    3
  ], 
  "clfs": [
    "Decision Tree", 
    "Naive Bayes", 
    "Linear SVM", 
    "Neural Net", 
    "RBF SVM", 
    "Random Forest", 
    "Nearest Neighbors"
  ], 
  "mean": [
    0.9454577999051683, 
    0.3240514461830252, 
    0.9481427216690376, 
    0.8901870554765289, 
    0.9528278805120912, 
    0.9090881934566143, 
    0.9433596491228071
  ], 
  "parameters": {
    "cv_method": "k20", 
    "db": "yeast3", 
    "repetition": 9
  }, 
  "std": [
    0.027005870472117364, 
    0.055340973105110776, 
    0.021467550287340823, 
    0.0041742422332691, 
    0.021686939761591164, 
    0.021525090534767605, 
    0.0222287719296708
  ]
}