{
  "adv_t": [
    3, 
    0, 
    3, 
    1, 
    5, 
    2, 
    3
  ], 
  "adv_w": [
    3, 
    0, 
    5, 
    1, 
    5, 
    2, 
    3
  ], 
  "clfs": [
    "Decision Tree", 
    "Naive Bayes", 
    "Linear SVM", 
    "Neural Net", 
    "RBF SVM", 
    "Random Forest", 
    "Nearest Neighbors"
  ], 
  "mean": [
    0.9421851813507264, 
    0.2845122174937291, 
    0.9490612336826123, 
    0.8901624337269304, 
    0.9518905193411109, 
    0.9128097965173831, 
    0.9417821393736958
  ], 
  "parameters": {
    "cv_method": "k2x5", 
    "db": "yeast3", 
    "repetition": 1
  }, 
  "std": [
    0.007323619147727553, 
    0.13857336699669026, 
    0.00883517173752139, 
    0.0005542686199512651, 
    0.0050446394401295535, 
    0.020045354750104355, 
    0.00671068536087389
  ]
}