{
  "adv_t": [
    3,
    3,
    3,
    2,
    1,
    0,
    3
  ],
  "adv_w": [
    3,
    3,
    3,
    2,
    1,
    0,
    3
  ],
  "clfs": [
    "Nearest Neighbors",
    "RBF SVM",
    "Decision Tree",
    "Random Forest",
    "Neural Net",
    "Naive Bayes",
    "Linear SVM"
  ],
  "mean": [
    0.9420348506401138,
    0.9535035561877667,
    0.947378141299194,
    0.9116929824561403,
    0.8901870554765289,
    0.3226201991465149,
    0.9488006164058798
  ],
  "parameters": {
    "cv_method": "k20",
    "db": "yeast3",
    "repetition": 1
  },
  "std": [
    0.01965375540261517,
    0.02076582420317171,
    0.025882694546114794,
    0.030790673314007744,
    0.0041742422332691,
    0.06012297588894495,
    0.02418168820985834
  ]
}