{
  "adv_t": [
    3, 
    0, 
    3, 
    1, 
    5, 
    1, 
    3
  ], 
  "adv_w": [
    3, 
    0, 
    3, 
    1, 
    6, 
    1, 
    3
  ], 
  "clfs": [
    "Decision Tree", 
    "Naive Bayes", 
    "Linear SVM", 
    "Neural Net", 
    "RBF SVM", 
    "Random Forest", 
    "Nearest Neighbors"
  ], 
  "mean": [
    0.9424565399418414, 
    0.283210640744111, 
    0.9470318564814562, 
    0.8954255916216673, 
    0.9522892021439873, 
    0.9095738362367249, 
    0.9439348448769713
  ], 
  "parameters": {
    "cv_method": "k2x5", 
    "db": "yeast3", 
    "repetition": 0
  }, 
  "std": [
    0.008445434136434596, 
    0.13488311716731452, 
    0.006536687214573938, 
    0.01683643455202634, 
    0.005594801779392915, 
    0.014892421805776835, 
    0.004972003878085587
  ]
}