{
  "adv_t": [
    3, 
    0, 
    3, 
    1, 
    3, 
    2, 
    3
  ], 
  "adv_w": [
    3, 
    0, 
    3, 
    1, 
    6, 
    2, 
    3
  ], 
  "clfs": [
    "Decision Tree", 
    "Naive Bayes", 
    "Linear SVM", 
    "Neural Net", 
    "RBF SVM", 
    "Random Forest", 
    "Nearest Neighbors"
  ], 
  "mean": [
    0.9434144324396423, 
    0.31938108576764035, 
    0.9481355208750163, 
    0.8902553021208478, 
    0.9541763372015474, 
    0.9083929571828728, 
    0.9420130718954245
  ], 
  "parameters": {
    "cv_method": "k30", 
    "db": "yeast3", 
    "repetition": 5
  }, 
  "std": [
    0.031109714371284295, 
    0.08398914531155252, 
    0.029495040975310215, 
    0.008970158215995195, 
    0.031027150979304186, 
    0.023983800915987962, 
    0.030303817148771693
  ]
}