{
  "adv_t": [
    3, 
    0, 
    3, 
    1, 
    3, 
    2, 
    3
  ], 
  "adv_w": [
    3, 
    0, 
    3, 
    1, 
    3, 
    1, 
    3
  ], 
  "clfs": [
    "Decision Tree", 
    "Naive Bayes", 
    "Linear SVM", 
    "Neural Net", 
    "RBF SVM", 
    "Random Forest", 
    "Nearest Neighbors"
  ], 
  "mean": [
    0.9467661890077999, 
    0.31669980047161256, 
    0.9507750166273656, 
    0.8901721990446824, 
    0.9528065179273234, 
    0.9096719269605178, 
    0.9427256786988331
  ], 
  "parameters": {
    "cv_method": "k10", 
    "db": "yeast3", 
    "repetition": 4
  }, 
  "std": [
    0.018395861127057163, 
    0.06433260516242592, 
    0.020949378930163184, 
    0.002776696340026726, 
    0.022759893003096866, 
    0.017315112144170048, 
    0.015654696064615843
  ]
}