{
  "adv_t": [
    3,
    3,
    3,
    2,
    1,
    0,
    3
  ],
  "adv_w": [
    3,
    5,
    3,
    2,
    1,
    0,
    4
  ],
  "clfs": [
    "Nearest Neighbors",
    "RBF SVM",
    "Decision Tree",
    "Random Forest",
    "Neural Net",
    "Naive Bayes",
    "Linear SVM"
  ],
  "mean": [
    0.942059072495314,
    0.9534869701916684,
    0.939351835056533,
    0.9090367011306608,
    0.8901721990446824,
    0.3134030473426446,
    0.9494599431646412
  ],
  "parameters": {
    "cv_method": "k10",
    "db": "yeast3",
    "repetition": 4
  },
  "std": [
    0.014922837358693822,
    0.019985273617888825,
    0.016845144285840753,
    0.02415596624579455,
    0.002776696340026726,
    0.06876472476851268,
    0.021610863254473724
  ]
}