{
  "adv_t": [
    3, 
    0, 
    3, 
    1, 
    3, 
    2, 
    3
  ], 
  "adv_w": [
    3, 
    0, 
    3, 
    1, 
    4, 
    2, 
    3
  ], 
  "clfs": [
    "Decision Tree", 
    "Naive Bayes", 
    "Linear SVM", 
    "Neural Net", 
    "RBF SVM", 
    "Random Forest", 
    "Nearest Neighbors"
  ], 
  "mean": [
    0.9407168510792673, 
    0.3288393494165307, 
    0.9488022855069834, 
    0.8901721990446824, 
    0.9528337263437935, 
    0.9117348690972852, 
    0.943401475300804
  ], 
  "parameters": {
    "cv_method": "k10", 
    "db": "yeast3", 
    "repetition": 3
  }, 
  "std": [
    0.016707724023373664, 
    0.06063854915146391, 
    0.017382514656829592, 
    0.002776696340026726, 
    0.012278001146764457, 
    0.018004780236283047, 
    0.017183980861555776
  ]
}