{
  "adv_t": [
    3, 
    0, 
    3, 
    1, 
    3, 
    2, 
    3
  ], 
  "adv_w": [
    3, 
    0, 
    4, 
    1, 
    5, 
    2, 
    3
  ], 
  "clfs": [
    "Decision Tree", 
    "Naive Bayes", 
    "Linear SVM", 
    "Neural Net", 
    "RBF SVM", 
    "Random Forest", 
    "Nearest Neighbors"
  ], 
  "mean": [
    0.9413688952110004, 
    0.3273942626837364, 
    0.9521704599336178, 
    0.8901870554765289, 
    0.9535037932669512, 
    0.9084122807017543, 
    0.9420803698435277
  ], 
  "parameters": {
    "cv_method": "k20", 
    "db": "yeast3", 
    "repetition": 8
  }, 
  "std": [
    0.02701779258777144, 
    0.06211155708497475, 
    0.022066686203304084, 
    0.0041742422332691, 
    0.022962708037995872, 
    0.021847511739001825, 
    0.03263575641687748
  ]
}