{
  "adv_t": [
    3, 
    0, 
    3, 
    1, 
    3, 
    2, 
    3
  ], 
  "adv_w": [
    3, 
    0, 
    3, 
    1, 
    3, 
    2, 
    3
  ], 
  "clfs": [
    "Decision Tree", 
    "Naive Bayes", 
    "Linear SVM", 
    "Neural Net", 
    "RBF SVM", 
    "Random Forest", 
    "Nearest Neighbors"
  ], 
  "mean": [
    0.9433418681839735, 
    0.3206465149359886, 
    0.9488188715030821, 
    0.8901870554765289, 
    0.9521614509246087, 
    0.9117275960170698, 
    0.9427110004741583
  ], 
  "parameters": {
    "cv_method": "k20", 
    "db": "yeast3", 
    "repetition": 1
  }, 
  "std": [
    0.02386100446864775, 
    0.06181340665143093, 
    0.027441133974963308, 
    0.0041742422332691, 
    0.022528767794751308, 
    0.024079125419330667, 
    0.024744913500553068
  ]
}