{
  "adv_t": [
    3, 
    0, 
    3, 
    1, 
    4, 
    2, 
    3
  ], 
  "adv_w": [
    3, 
    0, 
    3, 
    1, 
    5, 
    2, 
    3
  ], 
  "clfs": [
    "Decision Tree", 
    "Naive Bayes", 
    "Linear SVM", 
    "Neural Net", 
    "RBF SVM", 
    "Random Forest", 
    "Nearest Neighbors"
  ], 
  "mean": [
    0.9441067093504067, 
    0.3280096038415366, 
    0.9481339202347606, 
    0.8902553021208478, 
    0.9542024809923968, 
    0.9145138055222085, 
    0.9413725490196079
  ], 
  "parameters": {
    "cv_method": "k30", 
    "db": "yeast3", 
    "repetition": 8
  }, 
  "std": [
    0.02578903673935565, 
    0.06540250418777115, 
    0.028450357909036553, 
    0.008970158215995195, 
    0.023685877955061423, 
    0.02707283223942743, 
    0.025165104618504422
  ]
}