{
  "adv_t": [
    3,
    5,
    3,
    2,
    1,
    0,
    3
  ],
  "adv_w": [
    3,
    6,
    3,
    2,
    1,
    0,
    3
  ],
  "clfs": [
    "Nearest Neighbors",
    "RBF SVM",
    "Decision Tree",
    "Random Forest",
    "Neural Net",
    "Naive Bayes",
    "Linear SVM"
  ],
  "mean": [
    0.9429930816273524,
    0.9505399018822549,
    0.9419170921402275,
    0.9242640715049868,
    0.9016025413985321,
    0.28116110236249076,
    0.9469030792116433
  ],
  "parameters": {
    "cv_method": "k2x5",
    "db": "yeast3",
    "repetition": 9
  },
  "std": [
    0.007342648626756119,
    0.0041058642332064965,
    0.006525689257295954,
    0.0218045174635935,
    0.023847672147578932,
    0.1368365962639018,
    0.005018957727677757
  ]
}