{
  "adv_t": [
    3, 
    0, 
    3, 
    1, 
    3, 
    2, 
    3
  ], 
  "adv_w": [
    3, 
    0, 
    3, 
    1, 
    3, 
    1, 
    3
  ], 
  "clfs": [
    "Decision Tree", 
    "Naive Bayes", 
    "Linear SVM", 
    "Neural Net", 
    "RBF SVM", 
    "Random Forest", 
    "Nearest Neighbors"
  ], 
  "mean": [
    0.9420546586855311, 
    0.3173347844488784, 
    0.9481130660862206, 
    0.8901721990446824, 
    0.9535185319547737, 
    0.9137530685047462, 
    0.943428502327831
  ], 
  "parameters": {
    "cv_method": "k10", 
    "db": "yeast3", 
    "repetition": 9
  }, 
  "std": [
    0.017141688217027537, 
    0.06435199641717688, 
    0.013898737115953838, 
    0.002776696340026726, 
    0.011140558054844419, 
    0.018477280248955275, 
    0.013000533815930013
  ]
}