{
  "adv_t": [
    3, 
    0, 
    3, 
    1, 
    3, 
    2, 
    3
  ], 
  "adv_w": [
    3, 
    0, 
    4, 
    1, 
    4, 
    2, 
    3
  ], 
  "clfs": [
    "Decision Tree", 
    "Naive Bayes", 
    "Linear SVM", 
    "Neural Net", 
    "RBF SVM", 
    "Random Forest", 
    "Nearest Neighbors"
  ], 
  "mean": [
    0.9460996432674286, 
    0.3182176068686136, 
    0.9487751980168087, 
    0.8901721990446824, 
    0.953509462482617, 
    0.9097215672047888, 
    0.9413744482737771
  ], 
  "parameters": {
    "cv_method": "k10", 
    "db": "yeast3", 
    "repetition": 6
  }, 
  "std": [
    0.012266996347158901, 
    0.05968584568174776, 
    0.014701465703201157, 
    0.002776696340026726, 
    0.014379859650637133, 
    0.030340277524967024, 
    0.01685418168334805
  ]
}