{
  "adv_t": [
    3,
    3,
    3,
    2,
    1,
    0,
    3
  ],
  "adv_w": [
    3,
    6,
    3,
    2,
    1,
    0,
    3
  ],
  "clfs": [
    "Nearest Neighbors",
    "RBF SVM",
    "Decision Tree",
    "Random Forest",
    "Neural Net",
    "Naive Bayes",
    "Linear SVM"
  ],
  "mean": [
    0.9434275043350674,
    0.9549099639855942,
    0.9434269707883154,
    0.9138351340536214,
    0.8902553021208478,
    0.32451087101507264,
    0.9487875150060021
  ],
  "parameters": {
    "cv_method": "k30",
    "db": "yeast3",
    "repetition": 4
  },
  "std": [
    0.0296911893357666,
    0.03126476685888412,
    0.026153711497055043,
    0.031044374343567868,
    0.008970158215995195,
    0.07134234919128364,
    0.03182282314206112
  ]
}