{
  "adv_t": [
    3,
    3,
    3,
    2,
    1,
    0,
    3
  ],
  "adv_w": [
    3,
    4,
    3,
    2,
    1,
    0,
    4
  ],
  "clfs": [
    "Nearest Neighbors",
    "RBF SVM",
    "Decision Tree",
    "Random Forest",
    "Neural Net",
    "Naive Bayes",
    "Linear SVM"
  ],
  "mean": [
    0.9420261437908496,
    0.9534955315459519,
    0.9474933973589436,
    0.9192348939575827,
    0.8902553021208478,
    0.32946325196745363,
    0.9501349873282648
  ],
  "parameters": {
    "cv_method": "k30",
    "db": "yeast3",
    "repetition": 2
  },
  "std": [
    0.030434270511105057,
    0.028798640096009156,
    0.03237176658027067,
    0.032890056193496706,
    0.008970158215995195,
    0.07408693621047772,
    0.028508230903982437
  ]
}