{
  "adv_t": [
    3,
    5,
    3,
    2,
    1,
    0,
    3
  ],
  "adv_w": [
    3,
    6,
    3,
    2,
    1,
    0,
    5
  ],
  "clfs": [
    "Nearest Neighbors",
    "RBF SVM",
    "Decision Tree",
    "Random Forest",
    "Neural Net",
    "Naive Bayes",
    "Linear SVM"
  ],
  "mean": [
    0.9416391947878807,
    0.9535012341911825,
    0.9440647119403227,
    0.9137388455090518,
    0.8905662022329871,
    0.28353122167672,
    0.9481067561750427
  ],
  "parameters": {
    "cv_method": "k2x5",
    "db": "yeast3",
    "repetition": 4
  },
  "std": [
    0.007512099236283804,
    0.005536067301705066,
    0.0073525060191579035,
    0.014534062083975091,
    0.0012106609457111013,
    0.12129604429435459,
    0.007020914372416248
  ]
}