{
  "adv_t": [
    3,
    3,
    3,
    1,
    1,
    0,
    3
  ],
  "adv_w": [
    3,
    4,
    3,
    1,
    1,
    0,
    3
  ],
  "clfs": [
    "Nearest Neighbors",
    "RBF SVM",
    "Decision Tree",
    "Random Forest",
    "Neural Net",
    "Naive Bayes",
    "Linear SVM"
  ],
  "mean": [
    0.9420229759961304,
    0.9541444464598827,
    0.9501354979140213,
    0.9036403651974123,
    0.8901721990446824,
    0.32073178547675196,
    0.9507569986093477
  ],
  "parameters": {
    "cv_method": "k10",
    "db": "yeast3",
    "repetition": 9
  },
  "std": [
    0.015753449012170906,
    0.01461128883448958,
    0.01688864374115512,
    0.021247390916039628,
    0.002776696340026726,
    0.06426534437867924,
    0.020486671542338953
  ]
}