{
  "adv_t": [
    3, 
    0, 
    5, 
    1, 
    5, 
    2, 
    3
  ], 
  "adv_w": [
    3, 
    0, 
    5, 
    1, 
    6, 
    2, 
    3
  ], 
  "clfs": [
    "Decision Tree", 
    "Naive Bayes", 
    "Linear SVM", 
    "Neural Net", 
    "RBF SVM", 
    "Random Forest", 
    "Nearest Neighbors"
  ], 
  "mean": [
    0.9377408216680015, 
    0.262108968455926, 
    0.9497258261089103, 
    0.8942110167228818, 
    0.952826470358524, 
    0.9091544473566149, 
    0.9392173102805674
  ], 
  "parameters": {
    "cv_method": "k2x5", 
    "db": "yeast3", 
    "repetition": 2
  }, 
  "std": [
    0.006224360327750866, 
    0.09999787378209396, 
    0.006490862222245203, 
    0.01299800865998827, 
    0.00564481565822974, 
    0.021255290613149062, 
    0.006948806245775333
  ]
}