{
  "adv_t": [
    3, 
    0, 
    3, 
    1, 
    3, 
    2, 
    3
  ], 
  "adv_w": [
    3, 
    0, 
    4, 
    1, 
    4, 
    2, 
    3
  ], 
  "clfs": [
    "Decision Tree", 
    "Naive Bayes", 
    "Linear SVM", 
    "Neural Net", 
    "RBF SVM", 
    "Random Forest", 
    "Nearest Neighbors"
  ], 
  "mean": [
    0.9434015962270996, 
    0.3127453292218393, 
    0.9501131265493683, 
    0.8901721990446824, 
    0.9548383820061673, 
    0.9104243303706392, 
    0.9434060705000302
  ], 
  "parameters": {
    "cv_method": "k10", 
    "db": "yeast3", 
    "repetition": 2
  }, 
  "std": [
    0.022467502482672076, 
    0.06789181079124942, 
    0.013599204649175974, 
    0.002776696340026726, 
    0.016827180987261305, 
    0.02036572561027537, 
    0.013847291221397494
  ]
}