{
  "adv_t": [
    3, 
    0, 
    3, 
    1, 
    5, 
    2, 
    3
  ], 
  "adv_w": [
    2, 
    0, 
    4, 
    1, 
    5, 
    2, 
    3
  ], 
  "clfs": [
    "Decision Tree", 
    "Naive Bayes", 
    "Linear SVM", 
    "Neural Net", 
    "RBF SVM", 
    "Random Forest", 
    "Nearest Neighbors"
  ], 
  "mean": [
    0.9421830017636491, 
    0.2637607321959522, 
    0.948379931088722, 
    0.8901624337269304, 
    0.9525612872641279, 
    0.9137493801799248, 
    0.9424481848580454
  ], 
  "parameters": {
    "cv_method": "k2x5", 
    "db": "yeast3", 
    "repetition": 3
  }, 
  "std": [
    0.005264672943008033, 
    0.11573997882987762, 
    0.006124095176008423, 
    0.0005542686199512651, 
    0.0045193422874680094, 
    0.017724927126557894, 
    0.007229035325388944
  ]
}