{
  "adv_t": [
    3,
    5,
    3,
    1,
    1,
    0,
    3
  ],
  "adv_w": [
    3,
    6,
    3,
    1,
    1,
    0,
    4
  ],
  "clfs": [
    "Nearest Neighbors",
    "RBF SVM",
    "Decision Tree",
    "Random Forest",
    "Neural Net",
    "Naive Bayes",
    "Linear SVM"
  ],
  "mean": [
    0.9428577655963076,
    0.9539126312520093,
    0.9451479667177054,
    0.8985193338455364,
    0.8948857805555404,
    0.25910095665709465,
    0.9497334546636808
  ],
  "parameters": {
    "cv_method": "k2x5",
    "db": "yeast3",
    "repetition": 5
  },
  "std": [
    0.005159665587454404,
    0.004433028016180319,
    0.0026286619152143128,
    0.010271041392420115,
    0.015130317284158062,
    0.0923039128084423,
    0.005621220528186843
  ]
}