{
  "adv_t": [
    3,
    3,
    3,
    2,
    1,
    0,
    3
  ],
  "adv_w": [
    3,
    3,
    3,
    2,
    1,
    0,
    3
  ],
  "clfs": [
    "Nearest Neighbors",
    "RBF SVM",
    "Decision Tree",
    "Random Forest",
    "Neural Net",
    "Naive Bayes",
    "Linear SVM"
  ],
  "mean": [
    0.942716669689824,
    0.9514733055202853,
    0.9474193723925268,
    0.9150998246568716,
    0.8901721990446824,
    0.32411391257028843,
    0.9474598827014933
  ],
  "parameters": {
    "cv_method": "k10",
    "db": "yeast3",
    "repetition": 2
  },
  "std": [
    0.016019396664843567,
    0.013071699594294044,
    0.020636078214085366,
    0.024639089703828457,
    0.002776696340026726,
    0.07284155103152101,
    0.016661306344901015
  ]
}