{
  "adv_t": [
    3, 
    0, 
    3, 
    1, 
    3, 
    2, 
    3
  ], 
  "adv_w": [
    3, 
    0, 
    3, 
    1, 
    4, 
    2, 
    3
  ], 
  "clfs": [
    "Decision Tree", 
    "Naive Bayes", 
    "Linear SVM", 
    "Neural Net", 
    "RBF SVM", 
    "Random Forest", 
    "Nearest Neighbors"
  ], 
  "mean": [
    0.9454314841156947, 
    0.3234829302987198, 
    0.9480981507823614, 
    0.8901870554765289, 
    0.9541702228544333, 
    0.9124755808440019, 
    0.9413501659554289
  ], 
  "parameters": {
    "cv_method": "k20", 
    "db": "yeast3", 
    "repetition": 7
  }, 
  "std": [
    0.019292271109275373, 
    0.06086943789040183, 
    0.027107822716695682, 
    0.0041742422332691, 
    0.022502997201457504, 
    0.02497563853559647, 
    0.027819806650995777
  ]
}