{
  "adv_t": [
    3,
    3,
    3,
    2,
    1,
    0,
    3
  ],
  "adv_w": [
    3,
    3,
    3,
    1,
    1,
    0,
    3
  ],
  "clfs": [
    "Nearest Neighbors",
    "RBF SVM",
    "Decision Tree",
    "Random Forest",
    "Neural Net",
    "Naive Bayes",
    "Linear SVM"
  ],
  "mean": [
    0.94273474817099,
    0.9528382006167242,
    0.9434149585827438,
    0.9083658020436545,
    0.8901721990446824,
    0.3126907309994558,
    0.9488068202430618
  ],
  "parameters": {
    "cv_method": "k10",
    "db": "yeast3",
    "repetition": 8
  },
  "std": [
    0.014207125971749146,
    0.013783690943086239,
    0.02402003118849639,
    0.01682333505141446,
    0.002776696340026726,
    0.0681752970641496,
    0.01557377625020364
  ]
}