Naive Bayes,Nearest Neighbors
0.9206349206349206,0.8888888888888888
0.8888888888888888,0.7619047619047619
0.9047619047619048,0.873015873015873
0.9206349206349206,0.8253968253968254
0.9206349206349206,0.8412698412698413
0.8888888888888888,0.7619047619047619
0.9206349206349206,0.8253968253968254
0.873015873015873,0.7936507936507936
0.9180327868852459,0.819672131147541
0.9,0.8333333333333334
