Naive Bayes,Nearest Neighbors
0.7142857142857143,0.7619047619047619
0.9047619047619048,0.6825396825396826
0.7777777777777778,0.5714285714285714
0.9047619047619048,0.8253968253968254
0.9206349206349206,0.7619047619047619
0.873015873015873,0.7301587301587301
0.9047619047619048,0.8095238095238095
0.873015873015873,0.6349206349206349
0.9016393442622951,0.7540983606557377
0.6333333333333333,0.7666666666666667
