Naive Bayes,Nearest Neighbors
0.9047619047619048,0.8253968253968254
0.9047619047619048,0.7777777777777778
0.9047619047619048,0.8253968253968254
0.9047619047619048,0.8253968253968254
0.8888888888888888,0.8412698412698413
0.9047619047619048,0.7777777777777778
0.9206349206349206,0.8253968253968254
0.9206349206349206,0.8571428571428571
0.8852459016393442,0.8360655737704918
0.9333333333333333,0.8333333333333334
