Naive Bayes,Nearest Neighbors
0.9047619047619048,0.8095238095238095
0.9206349206349206,0.8095238095238095
0.8888888888888888,0.7936507936507936
0.9047619047619048,0.8095238095238095
0.9047619047619048,0.8412698412698413
0.8888888888888888,0.8571428571428571
0.9206349206349206,0.8412698412698413
0.9047619047619048,0.7301587301587301
0.9180327868852459,0.8360655737704918
0.9333333333333333,0.8166666666666667
