Naive Bayes,Nearest Neighbors
0.9047619047619048,0.8095238095238095
0.9206349206349206,0.7301587301587301
0.9206349206349206,0.7619047619047619
0.8888888888888888,0.7777777777777778
0.8888888888888888,0.7777777777777778
0.873015873015873,0.8095238095238095
0.9206349206349206,0.8571428571428571
0.8888888888888888,0.7936507936507936
0.9180327868852459,0.819672131147541
0.9166666666666666,0.7666666666666667
