Naive Bayes,Nearest Neighbors
0.9206349206349206,0.8095238095238095
0.9047619047619048,0.8253968253968254
0.9047619047619048,0.7619047619047619
0.9047619047619048,0.7936507936507936
0.9047619047619048,0.8095238095238095
0.8888888888888888,0.8095238095238095
0.9206349206349206,0.8095238095238095
0.9047619047619048,0.8412698412698413
0.9016393442622951,0.8360655737704918
0.9166666666666666,0.8833333333333333
