Naive Bayes,Nearest Neighbors
0.9206349206349206,0.8253968253968254
0.8888888888888888,0.8253968253968254
0.9206349206349206,0.8571428571428571
0.8888888888888888,0.8571428571428571
0.9206349206349206,0.7936507936507936
0.9047619047619048,0.8412698412698413
0.9047619047619048,0.8095238095238095
0.9206349206349206,0.746031746031746
0.9016393442622951,0.8360655737704918
0.9,0.8666666666666667
