Naive Bayes,Nearest Neighbors
0.8888888888888888,0.7301587301587301
0.9206349206349206,0.8571428571428571
0.9047619047619048,0.746031746031746
0.9206349206349206,0.7936507936507936
0.9206349206349206,0.7619047619047619
0.8571428571428571,0.7777777777777778
0.9047619047619048,0.873015873015873
0.9047619047619048,0.7777777777777778
0.9016393442622951,0.8360655737704918
0.9333333333333333,0.85
