Naive Bayes,Nearest Neighbors
0.8888888888888888,0.8412698412698413
0.9206349206349206,0.8571428571428571
0.8571428571428571,0.7936507936507936
0.9047619047619048,0.8253968253968254
0.9206349206349206,0.873015873015873
0.9047619047619048,0.746031746031746
0.9206349206349206,0.7936507936507936
0.9206349206349206,0.7777777777777778
0.9180327868852459,0.8032786885245902
0.9,0.8166666666666667
