Naive Bayes,Nearest Neighbors
0.9047619047619048,0.7619047619047619
0.9047619047619048,0.8412698412698413
0.8888888888888888,0.7619047619047619
0.9047619047619048,0.873015873015873
0.873015873015873,0.7301587301587301
0.9206349206349206,0.7936507936507936
0.9206349206349206,0.8571428571428571
0.9206349206349206,0.7936507936507936
0.9016393442622951,0.8688524590163934
0.9,0.7666666666666667
