Naive Bayes,Nearest Neighbors
0.9047619047619048,0.7777777777777778
0.8888888888888888,0.7777777777777778
0.9206349206349206,0.7936507936507936
0.9047619047619048,0.7936507936507936
0.8888888888888888,0.7777777777777778
0.9047619047619048,0.7777777777777778
0.9206349206349206,0.8253968253968254
0.9206349206349206,0.8412698412698413
0.9016393442622951,0.819672131147541
0.9333333333333333,0.8666666666666667
