Naive Bayes,Nearest Neighbors
0.9206349206349206,0.6666666666666666
0.9047619047619048,0.7777777777777778
0.9047619047619048,0.7936507936507936
0.8888888888888888,0.7777777777777778
0.9206349206349206,0.8571428571428571
0.873015873015873,0.7777777777777778
0.9047619047619048,0.873015873015873
0.9047619047619048,0.8412698412698413
0.9180327868852459,0.819672131147541
0.9166666666666666,0.85
