Naive Bayes,Nearest Neighbors
0.9206349206349206,0.873015873015873
0.9047619047619048,0.8412698412698413
0.9047619047619048,0.8412698412698413
0.9206349206349206,0.8253968253968254
0.9047619047619048,0.8412698412698413
0.873015873015873,0.7777777777777778
0.873015873015873,0.6984126984126984
0.9047619047619048,0.7777777777777778
0.9180327868852459,0.8032786885245902
0.9333333333333333,0.8333333333333334
