Naive Bayes,Nearest Neighbors
0.8888888888888888,0.7777777777777778
0.9047619047619048,0.7777777777777778
0.9206349206349206,0.7777777777777778
0.9206349206349206,0.873015873015873
0.9206349206349206,0.8412698412698413
0.8888888888888888,0.8095238095238095
0.9047619047619048,0.746031746031746
0.8888888888888888,0.8412698412698413
0.9016393442622951,0.7868852459016393
0.9,0.85
