Naive Bayes,Nearest Neighbors
0.9206349206349206,0.8095238095238095
0.9206349206349206,0.7936507936507936
0.9206349206349206,0.8412698412698413
0.9047619047619048,0.746031746031746
0.8888888888888888,0.7936507936507936
0.9047619047619048,0.7777777777777778
0.873015873015873,0.7301587301587301
0.9206349206349206,0.8095238095238095
0.9180327868852459,0.8032786885245902
0.9166666666666666,0.85
