Naive Bayes,Nearest Neighbors
0.9855072463768116,0.9855072463768116
0.9710144927536232,0.9710144927536232
0.9420289855072463,0.9710144927536232
0.9710144927536232,1.0
0.8970588235294118,0.9117647058823529
0.9705882352941176,1.0
0.9705882352941176,0.9705882352941176
0.9852941176470589,0.9852941176470589
1.0,0.9852941176470589
0.9402985074626866,0.9253731343283582
