Naive Bayes,Nearest Neighbors
1.0,1.0
0.9565217391304348,0.9565217391304348
0.8985507246376812,0.927536231884058
0.9710144927536232,0.9855072463768116
0.9852941176470589,1.0
1.0,0.9705882352941176
0.9264705882352942,0.9705882352941176
0.9705882352941176,0.9852941176470589
0.9558823529411765,0.9705882352941176
0.9402985074626866,0.9552238805970149
