Naive Bayes,Nearest Neighbors
0.927536231884058,0.9565217391304348
0.9420289855072463,0.9420289855072463
0.9420289855072463,0.9710144927536232
0.9855072463768116,0.9855072463768116
0.9558823529411765,0.9705882352941176
1.0,1.0
0.9852941176470589,0.9852941176470589
0.9852941176470589,0.9558823529411765
0.9558823529411765,0.9852941176470589
0.9552238805970149,0.9402985074626866
