Naive Bayes,Nearest Neighbors
0.9710144927536232,0.9710144927536232
0.9130434782608695,0.9130434782608695
0.9855072463768116,0.9855072463768116
0.9710144927536232,0.9710144927536232
0.9852941176470589,1.0
0.9852941176470589,1.0
0.9411764705882353,0.9705882352941176
0.9411764705882353,0.9264705882352942
0.9411764705882353,0.9264705882352942
0.9850746268656716,1.0
