Naive Bayes,Nearest Neighbors
0.9710144927536232,0.9710144927536232
0.9710144927536232,0.9420289855072463
0.9420289855072463,0.9855072463768116
0.9130434782608695,0.9420289855072463
0.9705882352941176,0.9558823529411765
0.9558823529411765,0.9705882352941176
1.0,0.9852941176470589
0.9852941176470589,1.0
0.9264705882352942,0.9705882352941176
0.9701492537313433,1.0
