Naive Bayes,Nearest Neighbors
0.9565217391304348,0.9565217391304348
0.9130434782608695,0.9420289855072463
0.9565217391304348,0.9710144927536232
0.9565217391304348,0.9710144927536232
0.9411764705882353,0.9852941176470589
0.9558823529411765,0.9705882352941176
0.9705882352941176,0.9852941176470589
0.9852941176470589,0.9705882352941176
0.9852941176470589,0.9558823529411765
1.0,1.0
