Naive Bayes,Nearest Neighbors
0.9710144927536232,0.9710144927536232
0.9420289855072463,0.9565217391304348
0.9565217391304348,0.9710144927536232
0.9710144927536232,0.9855072463768116
0.9117647058823529,0.9117647058823529
0.9705882352941176,0.9852941176470589
0.9705882352941176,0.9411764705882353
0.9852941176470589,1.0
0.9558823529411765,0.9705882352941176
0.9850746268656716,0.9701492537313433
