Naive Bayes,Nearest Neighbors
0.7012987012987013,0.7142857142857143
0.8181818181818182,0.7012987012987013
0.6493506493506493,0.7142857142857143
0.7792207792207793,0.7402597402597403
0.8051948051948052,0.7012987012987013
0.7662337662337663,0.6103896103896104
0.7532467532467533,0.6103896103896104
0.7402597402597403,0.7012987012987013
0.7631578947368421,0.7105263157894737
0.7631578947368421,0.631578947368421
