Naive Bayes,Nearest Neighbors
0.7922077922077922,0.6493506493506493
0.6753246753246753,0.6623376623376623
0.8311688311688312,0.6883116883116883
0.7922077922077922,0.6883116883116883
0.7272727272727273,0.7792207792207793
0.7142857142857143,0.6363636363636364
0.8181818181818182,0.7532467532467533
0.7012987012987013,0.5454545454545454
0.7368421052631579,0.6710526315789473
0.7894736842105263,0.7105263157894737
