Naive Bayes,Nearest Neighbors
0.7922077922077922,0.7532467532467533
0.7532467532467533,0.6623376623376623
0.7402597402597403,0.6363636363636364
0.7272727272727273,0.6233766233766234
0.8051948051948052,0.7012987012987013
0.7792207792207793,0.6623376623376623
0.7532467532467533,0.6623376623376623
0.7142857142857143,0.7012987012987013
0.7368421052631579,0.75
0.7368421052631579,0.6578947368421053
