Naive Bayes,Nearest Neighbors
0.6753246753246753,0.6493506493506493
0.7662337662337663,0.7142857142857143
0.8181818181818182,0.7402597402597403
0.7662337662337663,0.5714285714285714
0.7662337662337663,0.7012987012987013
0.7402597402597403,0.7662337662337663
0.6883116883116883,0.6623376623376623
0.7792207792207793,0.7142857142857143
0.7631578947368421,0.618421052631579
0.7894736842105263,0.6447368421052632
