Naive Bayes,Nearest Neighbors
0.7402597402597403,0.7532467532467533
0.7272727272727273,0.6363636363636364
0.7662337662337663,0.7012987012987013
0.7922077922077922,0.6493506493506493
0.6883116883116883,0.5584415584415584
0.7272727272727273,0.7142857142857143
0.7142857142857143,0.6753246753246753
0.8701298701298701,0.7272727272727273
0.7631578947368421,0.6842105263157895
0.7763157894736842,0.6447368421052632
