Naive Bayes,Nearest Neighbors
0.7532467532467533,0.7922077922077922
0.7402597402597403,0.6623376623376623
0.7922077922077922,0.6233766233766234
0.7792207792207793,0.7012987012987013
0.7142857142857143,0.6493506493506493
0.7792207792207793,0.7142857142857143
0.7012987012987013,0.6493506493506493
0.7532467532467533,0.6233766233766234
0.7631578947368421,0.6447368421052632
0.7631578947368421,0.6842105263157895
