Naive Bayes,Nearest Neighbors
0.7922077922077922,0.7532467532467533
0.7922077922077922,0.6233766233766234
0.6233766233766234,0.6883116883116883
0.8051948051948052,0.7012987012987013
0.7922077922077922,0.6883116883116883
0.8181818181818182,0.7012987012987013
0.7662337662337663,0.7142857142857143
0.7142857142857143,0.6233766233766234
0.7894736842105263,0.6710526315789473
0.6447368421052632,0.618421052631579
