Naive Bayes,Nearest Neighbors
0.7272727272727273,0.6363636363636364
0.7532467532467533,0.7402597402597403
0.7922077922077922,0.7012987012987013
0.7142857142857143,0.5974025974025974
0.7142857142857143,0.7012987012987013
0.7922077922077922,0.6883116883116883
0.7662337662337663,0.6363636363636364
0.8051948051948052,0.7012987012987013
0.7236842105263158,0.631578947368421
0.7763157894736842,0.6578947368421053
