Naive Bayes,Nearest Neighbors
0.6883116883116883,0.6623376623376623
0.7012987012987013,0.6233766233766234
0.8051948051948052,0.6753246753246753
0.7922077922077922,0.6623376623376623
0.7402597402597403,0.6753246753246753
0.7662337662337663,0.6623376623376623
0.7532467532467533,0.6233766233766234
0.7272727272727273,0.7402597402597403
0.7763157894736842,0.6578947368421053
0.8157894736842105,0.7894736842105263
