Naive Bayes,Nearest Neighbors
0.6883116883116883,0.6623376623376623
0.7272727272727273,0.6883116883116883
0.7272727272727273,0.6753246753246753
0.7402597402597403,0.6493506493506493
0.8051948051948052,0.7272727272727273
0.7012987012987013,0.6883116883116883
0.7792207792207793,0.7272727272727273
0.7922077922077922,0.6103896103896104
0.7894736842105263,0.6578947368421053
0.7631578947368421,0.6710526315789473
