Naive Bayes,Nearest Neighbors
0.7272727272727273,0.7272727272727273
0.7532467532467533,0.7402597402597403
0.7662337662337663,0.6363636363636364
0.7272727272727273,0.6363636363636364
0.7142857142857143,0.6233766233766234
0.8311688311688312,0.7792207792207793
0.8051948051948052,0.6753246753246753
0.7272727272727273,0.7142857142857143
0.6842105263157895,0.7105263157894737
0.75,0.6973684210526315
