Naive Bayes,Nearest Neighbors
0.8051948051948052,0.6753246753246753
0.7142857142857143,0.6753246753246753
0.7922077922077922,0.6363636363636364
0.7402597402597403,0.7272727272727273
0.7272727272727273,0.6883116883116883
0.7922077922077922,0.7142857142857143
0.7142857142857143,0.6493506493506493
0.8311688311688312,0.7012987012987013
0.7368421052631579,0.6842105263157895
0.7105263157894737,0.631578947368421
