Naive Bayes,Nearest Neighbors
0.7532467532467533,0.6883116883116883
0.7272727272727273,0.7272727272727273
0.7662337662337663,0.6753246753246753
0.7922077922077922,0.7012987012987013
0.7012987012987013,0.6623376623376623
0.7922077922077922,0.6363636363636364
0.7012987012987013,0.6493506493506493
0.7272727272727273,0.6493506493506493
0.7894736842105263,0.6447368421052632
0.75,0.7368421052631579
