Naive Bayes,Nearest Neighbors
0.8311688311688312,0.5974025974025974
0.7662337662337663,0.6753246753246753
0.7922077922077922,0.6493506493506493
0.8181818181818182,0.7142857142857143
0.7272727272727273,0.7012987012987013
0.7402597402597403,0.6493506493506493
0.7272727272727273,0.7272727272727273
0.7922077922077922,0.6623376623376623
0.6578947368421053,0.6842105263157895
0.7105263157894737,0.6842105263157895
