Naive Bayes,Nearest Neighbors
0.6753246753246753,0.6103896103896104
0.7922077922077922,0.7142857142857143
0.6623376623376623,0.6103896103896104
0.7922077922077922,0.6753246753246753
0.7402597402597403,0.7142857142857143
0.7532467532467533,0.6883116883116883
0.7402597402597403,0.6103896103896104
0.7662337662337663,0.6363636363636364
0.881578947368421,0.7763157894736842
0.7631578947368421,0.6842105263157895
