Naive Bayes,Nearest Neighbors
0.7222222222222222,0.5555555555555556
0.35294117647058826,0.5294117647058824
0.8823529411764706,0.6470588235294118
0.5294117647058824,0.6470588235294118
0.6875,0.875
0.6666666666666666,0.6666666666666666
0.8,0.6666666666666666
0.6666666666666666,0.6666666666666666
0.8,0.8
0.6666666666666666,0.4666666666666667
