Naive Bayes,Nearest Neighbors
0.7222222222222222,0.7777777777777778
0.8235294117647058,0.5882352941176471
0.7647058823529411,0.6470588235294118
0.5294117647058824,0.6470588235294118
0.625,0.5
0.6666666666666666,0.6666666666666666
0.7333333333333333,0.7333333333333333
0.6,0.6666666666666666
0.7333333333333333,0.8
0.7333333333333333,0.4666666666666667
