Naive Bayes,Nearest Neighbors
0.7777777777777778,0.6666666666666666
0.7058823529411765,0.6470588235294118
0.6470588235294118,0.8235294117647058
0.6470588235294118,0.7647058823529411
0.5625,0.6875
0.6666666666666666,0.7333333333333333
0.6666666666666666,0.4
0.8,0.5333333333333333
0.8,0.8
0.6666666666666666,0.6
