Naive Bayes,Nearest Neighbors
0.7222222222222222,0.5555555555555556
0.5294117647058824,0.5294117647058824
0.7647058823529411,0.7058823529411765
0.7647058823529411,0.6470588235294118
0.6875,0.6875
0.4666666666666667,0.6666666666666666
0.9333333333333333,0.9333333333333333
0.8,0.6
0.6,0.6
0.6,0.6666666666666666
