Naive Bayes,Nearest Neighbors
0.875,0.75
1.0,1.0
0.42857142857142855,0.42857142857142855
0.7142857142857143,0.7142857142857143
1.0,0.6666666666666666
0.8,0.8
0.6,0.6
0.6,0.6
0.6,0.8
0.8,0.8
0.8,0.8
0.8,0.6
0.6,0.8
0.6,1.0
0.8,0.8
0.6,1.0
0.8,0.4
0.6,0.6
0.8,0.8
0.4,0.4
0.6,0.6
1.0,1.0
0.8,0.4
0.4,0.2
0.4,0.4
0.8,0.2
0.6,0.6
0.6,0.4
0.8,1.0
0.8,0.6
