Naive Bayes,Nearest Neighbors
0.8888888888888888,0.8333333333333334
0.6470588235294118,0.7058823529411765
0.5882352941176471,0.5882352941176471
0.7058823529411765,0.6470588235294118
0.8125,0.875
0.6,0.6
0.6,0.7333333333333333
0.7333333333333333,0.5333333333333333
0.6666666666666666,0.5333333333333333
0.6666666666666666,0.6666666666666666
