Naive Bayes,Nearest Neighbors
0.9444444444444444,0.8888888888888888
0.5294117647058824,0.5882352941176471
0.47058823529411764,0.5882352941176471
0.7647058823529411,0.7058823529411765
0.875,0.625
0.7333333333333333,0.6666666666666666
0.6,0.6666666666666666
0.6666666666666666,0.7333333333333333
0.6666666666666666,0.5333333333333333
0.6666666666666666,0.8666666666666667
