Naive Bayes,Nearest Neighbors
0.6666666666666666,0.6666666666666666
0.5882352941176471,0.5294117647058824
0.7058823529411765,0.6470588235294118
0.8235294117647058,0.8235294117647058
0.75,0.6875
0.6,0.6666666666666666
0.6666666666666666,0.7333333333333333
0.6666666666666666,0.8
0.6,0.6666666666666666
0.7333333333333333,0.3333333333333333
