Naive Bayes,Nearest Neighbors
0.6666666666666666,0.6666666666666666
0.5882352941176471,0.8235294117647058
0.7058823529411765,0.5882352941176471
0.7058823529411765,0.6470588235294118
0.6875,0.5
0.9333333333333333,0.8666666666666667
0.6,0.6666666666666666
0.7333333333333333,0.7333333333333333
0.6,0.5333333333333333
0.8,0.7333333333333333
