Naive Bayes,Nearest Neighbors
0.875,0.75
0.8571428571428571,0.8571428571428571
0.42857142857142855,0.42857142857142855
0.5714285714285714,0.5714285714285714
0.8333333333333334,0.5
0.2,0.6
0.8,0.4
0.6,0.8
0.8,1.0
0.8,0.8
1.0,0.8
0.2,0.2
0.6,0.6
0.8,0.4
0.6,0.6
0.8,0.6
0.8,0.6
0.6,0.8
0.6,0.4
0.8,1.0
0.8,0.8
0.4,0.6
0.8,0.8
0.8,0.8
1.0,0.4
0.6,0.8
0.8,1.0
0.6,0.8
0.8,0.8
0.6,0.8
