Naive Bayes,Nearest Neighbors
0.7777777777777778,0.6111111111111112
0.7647058823529411,0.8235294117647058
0.5882352941176471,0.7647058823529411
0.7647058823529411,0.5294117647058824
0.8125,0.5625
0.6,0.6
0.7333333333333333,0.6
0.8666666666666667,0.8
0.7333333333333333,0.6
0.6,0.7333333333333333
