Naive Bayes,Nearest Neighbors
0.6666666666666666,0.6666666666666666
0.5294117647058824,0.7647058823529411
0.5882352941176471,0.47058823529411764
0.5882352941176471,0.7058823529411765
0.8125,0.6875
0.8,0.8
0.6,0.6
0.5333333333333333,0.7333333333333333
0.6666666666666666,0.7333333333333333
0.8666666666666667,0.7333333333333333
