Naive Bayes,Nearest Neighbors
0.6666666666666666,0.7222222222222222
0.7058823529411765,0.7647058823529411
0.5294117647058824,0.6470588235294118
0.7647058823529411,0.7058823529411765
0.5,0.5625
0.6666666666666666,0.6666666666666666
0.8666666666666667,0.7333333333333333
0.6666666666666666,0.8666666666666667
0.6,0.6
0.9333333333333333,0.7333333333333333
