Naive Bayes,Nearest Neighbors
0.6666666666666666,0.7777777777777778
0.5294117647058824,0.5294117647058824
0.7058823529411765,0.7058823529411765
0.7058823529411765,0.7058823529411765
0.625,0.5625
0.5333333333333333,0.5333333333333333
0.6666666666666666,0.6
0.4,0.7333333333333333
0.8666666666666667,0.5333333333333333
0.6666666666666666,0.7333333333333333
