Naive Bayes,Nearest Neighbors
0.875,1.0
0.5714285714285714,0.7142857142857143
0.7142857142857143,0.7142857142857143
1.0,0.7142857142857143
0.5,0.3333333333333333
0.8,0.6
0.8,0.8
0.8,0.6
0.6,0.8
0.8,0.6
0.8,0.8
0.6,1.0
0.6,0.8
0.6,0.6
0.0,0.6
0.6,0.4
1.0,0.8
1.0,0.8
0.2,0.4
0.8,0.8
1.0,0.8
0.6,0.6
0.6,0.6
0.6,0.4
0.6,0.6
0.6,0.4
0.6,0.6
0.2,0.2
0.4,0.6
1.0,0.8
