Naive Bayes,Nearest Neighbors
0.8333333333333334,0.6666666666666666
0.6470588235294118,0.35294117647058826
0.5882352941176471,0.5882352941176471
0.7058823529411765,0.5294117647058824
0.625,0.625
0.6666666666666666,0.6666666666666666
0.9333333333333333,0.7333333333333333
0.6,0.4666666666666667
0.8666666666666667,0.6666666666666666
0.6,0.9333333333333333
