Naive Bayes,Nearest Neighbors
0.625,0.75
1.0,0.8571428571428571
1.0,0.7142857142857143
0.5714285714285714,0.7142857142857143
0.6666666666666666,0.8333333333333334
0.6,0.8
0.8,0.6
0.6,0.4
0.6,0.4
1.0,1.0
0.8,0.8
0.2,0.6
0.4,0.4
0.6,0.8
0.6,0.4
0.4,0.2
0.8,0.8
0.8,0.8
0.6,0.8
0.6,0.6
1.0,0.6
0.8,0.4
1.0,0.8
0.4,0.8
0.8,0.6
0.8,1.0
0.4,0.4
0.8,0.8
0.6,0.4
0.6,0.8
