Naive Bayes,Nearest Neighbors
0.75,0.75
0.7142857142857143,0.8571428571428571
0.5714285714285714,1.0
0.7142857142857143,0.5714285714285714
0.5,0.5
0.6,0.6
0.8,0.8
0.6,0.8
0.8,0.6
0.6,0.8
0.8,0.4
0.8,1.0
0.6,0.4
0.6,0.6
0.6,0.8
0.8,0.4
0.6,0.6
0.6,0.4
0.4,0.4
0.8,1.0
0.6,0.4
0.8,0.6
1.0,0.8
0.8,0.6
0.6,0.8
0.6,0.4
0.8,0.8
1.0,0.8
0.4,0.8
0.4,0.8
