Naive Bayes,Nearest Neighbors
0.7222222222222222,0.5555555555555556
0.7647058823529411,0.8235294117647058
0.8235294117647058,0.7058823529411765
0.8235294117647058,0.7058823529411765
0.625,0.5625
0.6,0.5333333333333333
0.6,0.6666666666666666
0.7333333333333333,0.7333333333333333
0.6666666666666666,0.4666666666666667
0.8,0.6
