Naive Bayes,Nearest Neighbors
0.7222222222222222,0.4444444444444444
0.8235294117647058,0.7647058823529411
0.5882352941176471,0.8823529411764706
0.7647058823529411,0.5294117647058824
0.75,0.5625
0.8,0.6
0.7333333333333333,0.6666666666666666
0.6666666666666666,0.7333333333333333
0.7333333333333333,0.7333333333333333
0.6666666666666666,0.6
