Naive Bayes,Nearest Neighbors
0.8333333333333334,0.7222222222222222
0.7058823529411765,0.6470588235294118
0.47058823529411764,0.6470588235294118
0.8823529411764706,0.7647058823529411
0.5625,0.5
0.6666666666666666,0.6
0.8,0.7333333333333333
0.7333333333333333,0.6666666666666666
0.8,0.7333333333333333
0.8,0.7333333333333333
