Naive Bayes,Nearest Neighbors
0.8611111111111112,0.8611111111111112
0.9722222222222222,0.8888888888888888
0.8333333333333334,0.8611111111111112
0.8888888888888888,0.8055555555555556
0.8611111111111112,0.8333333333333334
0.8285714285714286,0.8571428571428571
0.9117647058823529,0.9705882352941176
0.9117647058823529,0.7647058823529411
0.9117647058823529,0.8235294117647058
0.9117647058823529,0.8529411764705882
