Naive Bayes,Nearest Neighbors
0.9166666666666666,0.8333333333333334
0.9166666666666666,0.9166666666666666
0.9166666666666666,0.8888888888888888
0.8055555555555556,0.7777777777777778
0.9722222222222222,0.7777777777777778
0.8,0.8
0.9411764705882353,0.9117647058823529
0.8529411764705882,0.8235294117647058
0.9117647058823529,0.9705882352941176
0.8529411764705882,0.7352941176470589
