Naive Bayes,Nearest Neighbors
0.8888888888888888,0.8333333333333334
0.8888888888888888,0.8611111111111112
0.9444444444444444,0.8055555555555556
0.8333333333333334,0.6944444444444444
0.8055555555555556,0.8611111111111112
0.8285714285714286,0.8285714285714286
0.8529411764705882,0.9411764705882353
1.0,0.9411764705882353
0.9411764705882353,0.8823529411764706
0.8529411764705882,0.8235294117647058
