Naive Bayes,Nearest Neighbors
0.7777777777777778,0.7222222222222222
1.0,0.9166666666666666
0.7777777777777778,0.8333333333333334
0.8888888888888888,0.8888888888888888
0.8888888888888888,0.8055555555555556
0.8857142857142857,0.8571428571428571
0.9117647058823529,0.8235294117647058
0.9411764705882353,0.7941176470588235
0.8529411764705882,0.8529411764705882
0.9117647058823529,0.9411764705882353
