Naive Bayes,Nearest Neighbors
0.8333333333333334,0.75
0.8333333333333334,0.8611111111111112
0.9722222222222222,0.8611111111111112
0.8611111111111112,0.8611111111111112
0.8888888888888888,0.7777777777777778
0.8285714285714286,0.8
0.9117647058823529,0.8823529411764706
0.9117647058823529,0.9411764705882353
0.9411764705882353,0.9117647058823529
0.7941176470588235,0.7352941176470589
