Naive Bayes,Nearest Neighbors
0.8888888888888888,0.8888888888888888
0.8888888888888888,0.7777777777777778
0.9166666666666666,0.8333333333333334
0.7777777777777778,0.8888888888888888
0.9444444444444444,0.8888888888888888
0.9142857142857143,0.8285714285714286
0.8823529411764706,0.8235294117647058
0.8529411764705882,0.8235294117647058
0.9117647058823529,0.9117647058823529
0.8529411764705882,0.7941176470588235
