Naive Bayes,Nearest Neighbors
0.8888888888888888,0.8055555555555556
0.9444444444444444,0.8333333333333334
0.8888888888888888,0.9166666666666666
0.8888888888888888,0.8611111111111112
0.9166666666666666,0.9166666666666666
0.8285714285714286,0.8
0.8823529411764706,0.8529411764705882
0.8823529411764706,0.9117647058823529
0.9411764705882353,0.8823529411764706
0.8529411764705882,0.7647058823529411
