Naive Bayes,Nearest Neighbors
0.8611111111111112,0.7777777777777778
0.9444444444444444,0.8888888888888888
0.8888888888888888,0.8888888888888888
0.9166666666666666,0.8611111111111112
0.9444444444444444,0.7777777777777778
0.8,0.8571428571428571
0.9117647058823529,0.8529411764705882
0.8823529411764706,0.7352941176470589
0.9117647058823529,0.8529411764705882
0.7058823529411765,0.8823529411764706
