Naive Bayes,Nearest Neighbors
1.0,1.0
0.8888888888888888,0.8888888888888888
1.0,1.0
0.7777777777777778,0.8888888888888888
1.0,1.0
0.8888888888888888,1.0
1.0,1.0
0.8888888888888888,1.0
1.0,1.0
0.8888888888888888,0.7777777777777778
1.0,1.0
0.8333333333333334,0.8333333333333334
1.0,1.0
1.0,1.0
1.0,1.0
1.0,1.0
1.0,1.0
1.0,1.0
1.0,1.0
1.0,1.0
