Naive Bayes,Nearest Neighbors
0.6571428571428571,0.6285714285714286
0.4857142857142857,0.6
0.4857142857142857,0.6571428571428571
0.45714285714285713,0.6571428571428571
0.7142857142857143,0.7714285714285715
0.4411764705882353,0.7352941176470589
0.6176470588235294,0.5882352941176471
0.5588235294117647,0.5294117647058824
0.5294117647058824,0.6176470588235294
0.6176470588235294,0.6470588235294118
