Naive Bayes,Nearest Neighbors
0.6,0.5142857142857142
0.6285714285714286,0.7714285714285715
0.5714285714285714,0.6285714285714286
0.6285714285714286,0.6571428571428571
0.45714285714285713,0.5714285714285714
0.47058823529411764,0.6470588235294118
0.6470588235294118,0.6764705882352942
0.47058823529411764,0.6470588235294118
0.5882352941176471,0.6470588235294118
0.47058823529411764,0.6470588235294118
