Naive Bayes,Nearest Neighbors
0.6857142857142857,0.5428571428571428
0.5714285714285714,0.7428571428571429
0.45714285714285713,0.6857142857142857
0.5714285714285714,0.6857142857142857
0.6,0.6571428571428571
0.5294117647058824,0.5588235294117647
0.5588235294117647,0.6176470588235294
0.6176470588235294,0.6470588235294118
0.5,0.7647058823529411
0.47058823529411764,0.6470588235294118
