Naive Bayes,Nearest Neighbors
0.45714285714285713,0.5714285714285714
0.5714285714285714,0.6857142857142857
0.4857142857142857,0.5714285714285714
0.5428571428571428,0.45714285714285713
0.6285714285714286,0.6285714285714286
0.5882352941176471,0.7058823529411765
0.5588235294117647,0.7352941176470589
0.7352941176470589,0.7941176470588235
0.47058823529411764,0.5882352941176471
0.5294117647058824,0.6764705882352942
