Naive Bayes,Nearest Neighbors
0.5714285714285714,0.6285714285714286
0.5142857142857142,0.6571428571428571
0.5428571428571428,0.6285714285714286
0.6285714285714286,0.6
0.5714285714285714,0.6571428571428571
0.5294117647058824,0.6176470588235294
0.7941176470588235,0.5882352941176471
0.47058823529411764,0.7352941176470589
0.4117647058823529,0.47058823529411764
0.5,0.7058823529411765
