Naive Bayes,Nearest Neighbors
0.4,0.7714285714285715
0.5428571428571428,0.6285714285714286
0.6,0.5714285714285714
0.4,0.5714285714285714
0.6285714285714286,0.7428571428571429
0.5882352941176471,0.5294117647058824
0.35294117647058826,0.6470588235294118
0.6470588235294118,0.6176470588235294
0.7352941176470589,0.7647058823529411
0.6764705882352942,0.6176470588235294
