Naive Bayes,Nearest Neighbors
0.5142857142857142,0.7428571428571429
0.5428571428571428,0.6857142857142857
0.5142857142857142,0.6285714285714286
0.6,0.6
0.5714285714285714,0.4857142857142857
0.5294117647058824,0.5294117647058824
0.4117647058823529,0.6176470588235294
0.6470588235294118,0.6764705882352942
0.47058823529411764,0.5882352941176471
0.5882352941176471,0.7058823529411765
