Naive Bayes,Nearest Neighbors
0.6,0.6571428571428571
0.45714285714285713,0.6285714285714286
0.6,0.7714285714285715
0.5714285714285714,0.7142857142857143
0.6285714285714286,0.6285714285714286
0.5882352941176471,0.5588235294117647
0.5294117647058824,0.7058823529411765
0.5882352941176471,0.5882352941176471
0.5294117647058824,0.7058823529411765
0.5,0.6176470588235294
