Naive Bayes,Nearest Neighbors
0.6285714285714286,0.6857142857142857
0.6,0.6285714285714286
0.4857142857142857,0.6571428571428571
0.6857142857142857,0.6285714285714286
0.4,0.6857142857142857
0.47058823529411764,0.7647058823529411
0.5588235294117647,0.6176470588235294
0.5294117647058824,0.6764705882352942
0.5588235294117647,0.5
0.5588235294117647,0.6764705882352942
