Naive Bayes,Nearest Neighbors
0.5714285714285714,0.7142857142857143
0.45714285714285713,0.5714285714285714
0.5714285714285714,0.7142857142857143
0.5142857142857142,0.7142857142857143
0.5714285714285714,0.6571428571428571
0.5294117647058824,0.7058823529411765
0.5,0.5882352941176471
0.6470588235294118,0.5
0.47058823529411764,0.7647058823529411
0.7647058823529411,0.7058823529411765
