Naive Bayes,Nearest Neighbors
0.5142857142857142,0.5142857142857142
0.6285714285714286,0.6857142857142857
0.6285714285714286,0.6857142857142857
0.5142857142857142,0.7142857142857143
0.5714285714285714,0.5428571428571428
0.5294117647058824,0.6470588235294118
0.5294117647058824,0.7058823529411765
0.5,0.6764705882352942
0.7058823529411765,0.7352941176470589
0.5294117647058824,0.6764705882352942
