Naive Bayes,Nearest Neighbors
0.5714285714285714,0.6285714285714286
0.5428571428571428,0.6
0.5428571428571428,0.5714285714285714
0.7428571428571429,0.6571428571428571
0.5428571428571428,0.6571428571428571
0.5,0.5882352941176471
0.6764705882352942,0.6764705882352942
0.6176470588235294,0.7058823529411765
0.38235294117647056,0.6764705882352942
0.6176470588235294,0.6176470588235294
