Naive Bayes,Nearest Neighbors
0.6571428571428571,0.37142857142857144
0.5142857142857142,0.5714285714285714
0.6571428571428571,0.6285714285714286
0.6,0.6
0.4857142857142857,0.6571428571428571
0.47058823529411764,0.5
0.4411764705882353,0.5588235294117647
0.5882352941176471,0.6470588235294118
0.7647058823529411,0.7058823529411765
0.47058823529411764,0.7058823529411765
