Naive Bayes,Nearest Neighbors
0.5428571428571428,0.5428571428571428
0.6571428571428571,0.6857142857142857
0.4857142857142857,0.6285714285714286
0.5142857142857142,0.7714285714285715
0.6285714285714286,0.6285714285714286
0.7352941176470589,0.7058823529411765
0.38235294117647056,0.5882352941176471
0.7058823529411765,0.7941176470588235
0.5882352941176471,0.5882352941176471
0.5,0.6470588235294118
