Naive Bayes,Nearest Neighbors
0.6,0.5428571428571428
0.6571428571428571,0.6285714285714286
0.5714285714285714,0.6285714285714286
0.42857142857142855,0.5428571428571428
0.5428571428571428,0.6571428571428571
0.7058823529411765,0.7941176470588235
0.5,0.7058823529411765
0.5588235294117647,0.6176470588235294
0.7058823529411765,0.7058823529411765
0.47058823529411764,0.7058823529411765
