Naive Bayes,Nearest Neighbors
0.5714285714285714,0.6857142857142857
0.5714285714285714,0.5714285714285714
0.5714285714285714,0.8
0.5714285714285714,0.7428571428571429
0.6571428571428571,0.6285714285714286
0.35294117647058826,0.47058823529411764
0.5,0.6176470588235294
0.5882352941176471,0.6470588235294118
0.6176470588235294,0.7352941176470589
0.5588235294117647,0.7058823529411765
