Naive Bayes,Nearest Neighbors
0.6,0.6285714285714286
0.5714285714285714,0.7428571428571429
0.6,0.6857142857142857
0.6571428571428571,0.7142857142857143
0.45714285714285713,0.6857142857142857
0.5294117647058824,0.7352941176470589
0.5,0.5294117647058824
0.5,0.5588235294117647
0.6764705882352942,0.6470588235294118
0.5294117647058824,0.5
