Naive Bayes,Nearest Neighbors
0.6557377049180327,0.6229508196721312
0.6557377049180327,0.7704918032786885
0.6557377049180327,0.5901639344262295
0.639344262295082,0.6229508196721312
0.639344262295082,0.5901639344262295
0.65,0.65
0.6610169491525424,0.576271186440678
0.6440677966101694,0.6101694915254238
0.6610169491525424,0.7796610169491526
0.6271186440677966,0.7457627118644068
