Naive Bayes,Nearest Neighbors
0.8571428571428571,0.9821428571428571
0.9642857142857143,0.9642857142857143
0.9464285714285714,0.9464285714285714
0.875,0.9821428571428571
0.9642857142857143,0.9821428571428571
0.9285714285714286,0.9285714285714286
0.9454545454545454,1.0
0.8363636363636363,0.9818181818181818
0.9259259259259259,0.9814814814814815
0.9074074074074074,0.9629629629629629
