Naive Bayes,Nearest Neighbors
0.5892857142857143,0.8392857142857143
0.7321428571428571,0.875
0.5892857142857143,0.9107142857142857
0.6071428571428571,0.8571428571428571
0.6964285714285714,0.8214285714285714
0.6785714285714286,0.8928571428571429
0.75,0.9285714285714286
0.5714285714285714,0.8392857142857143
0.6296296296296297,0.8333333333333334
0.7407407407407407,0.9074074074074074
