Naive Bayes,Nearest Neighbors
0.6557377049180327,0.5245901639344263
0.6557377049180327,0.5901639344262295
0.6557377049180327,0.45901639344262296
0.6557377049180327,0.4426229508196721
0.5409836065573771,0.5245901639344263
0.65,0.55
0.4915254237288136,0.711864406779661
0.6271186440677966,0.7627118644067796
0.6610169491525424,0.6610169491525424
0.559322033898305,0.8305084745762712
