Naive Bayes,Nearest Neighbors
0.9285714285714286,0.9642857142857143
0.8928571428571429,0.9642857142857143
0.9642857142857143,0.9821428571428571
0.875,0.9285714285714286
0.9107142857142857,0.9642857142857143
0.9285714285714286,0.9821428571428571
0.9636363636363636,0.9818181818181818
0.9818181818181818,0.9818181818181818
0.8518518518518519,0.9629629629629629
0.8888888888888888,0.9629629629629629
