Naive Bayes,Nearest Neighbors
0.6557377049180327,0.6557377049180327
0.6557377049180327,0.639344262295082
0.6557377049180327,0.639344262295082
0.6557377049180327,0.6557377049180327
0.6557377049180327,0.5901639344262295
0.6333333333333333,0.75
0.6610169491525424,0.6949152542372882
0.6440677966101694,0.6610169491525424
0.6610169491525424,0.5084745762711864
0.6440677966101694,0.5932203389830508
