Naive Bayes,Nearest Neighbors
0.6428571428571429,0.9285714285714286
0.5535714285714286,0.8928571428571429
0.7142857142857143,0.8392857142857143
0.6785714285714286,0.8214285714285714
0.6785714285714286,0.9285714285714286
0.7142857142857143,0.875
0.7321428571428571,0.9642857142857143
0.6607142857142857,0.8928571428571429
0.6851851851851852,0.8518518518518519
0.5925925925925926,0.9074074074074074
