Naive Bayes,Nearest Neighbors
0.6428571428571429,0.8928571428571429
0.7142857142857143,0.9464285714285714
0.5178571428571429,0.75
0.4642857142857143,0.8928571428571429
0.8571428571428571,0.9285714285714286
0.6428571428571429,0.5892857142857143
0.5714285714285714,0.5714285714285714
0.8571428571428571,0.9642857142857143
0.6481481481481481,0.9444444444444444
0.5740740740740741,0.8518518518518519
