Naive Bayes,Nearest Neighbors
0.6071428571428571,0.875
0.6785714285714286,0.9107142857142857
0.6071428571428571,0.9285714285714286
0.6071428571428571,0.8928571428571429
0.6964285714285714,0.9464285714285714
0.6785714285714286,0.8392857142857143
0.7321428571428571,0.8928571428571429
0.7142857142857143,0.9107142857142857
0.5740740740740741,0.8888888888888888
0.7407407407407407,0.8703703703703703
