Naive Bayes,Nearest Neighbors
0.6557377049180327,0.5081967213114754
0.6229508196721312,0.4918032786885246
0.5901639344262295,0.6557377049180327
0.6557377049180327,0.7377049180327869
0.6557377049180327,0.7540983606557377
0.65,0.7666666666666667
0.6440677966101694,0.6949152542372882
0.6610169491525424,0.6610169491525424
0.6271186440677966,0.6101694915254238
0.6440677966101694,0.6949152542372882
