Naive Bayes,Nearest Neighbors
0.9464285714285714,0.9285714285714286
0.9107142857142857,0.9642857142857143
0.9464285714285714,0.9821428571428571
0.9464285714285714,1.0
0.875,0.9107142857142857
0.8928571428571429,0.9642857142857143
0.9272727272727272,0.9818181818181818
0.9636363636363636,0.9454545454545454
0.8888888888888888,0.9444444444444444
0.8888888888888888,0.9444444444444444
