Naive Bayes,Nearest Neighbors
0.75,0.9464285714285714
0.6964285714285714,0.9642857142857143
0.5892857142857143,0.9107142857142857
0.5714285714285714,0.8214285714285714
0.75,0.9464285714285714
0.7142857142857143,0.875
0.5892857142857143,0.875
0.6428571428571429,0.9464285714285714
0.6481481481481481,0.9074074074074074
0.6851851851851852,0.9444444444444444
