Naive Bayes,Nearest Neighbors
0.6607142857142857,0.9285714285714286
0.6607142857142857,0.875
0.7142857142857143,0.875
0.625,0.9107142857142857
0.6428571428571429,0.9285714285714286
0.625,0.8928571428571429
0.6428571428571429,0.875
0.7321428571428571,0.9642857142857143
0.7592592592592593,0.8888888888888888
0.5925925925925926,0.8703703703703703
