Naive Bayes,Nearest Neighbors
0.6964285714285714,0.8571428571428571
0.6964285714285714,0.9107142857142857
0.5357142857142857,0.8035714285714286
0.625,0.8928571428571429
0.625,0.9107142857142857
0.6964285714285714,0.9107142857142857
0.6785714285714286,0.9464285714285714
0.6607142857142857,0.8928571428571429
0.6481481481481481,0.9074074074074074
0.7777777777777778,0.9814814814814815
