Naive Bayes,Nearest Neighbors
0.9107142857142857,0.9821428571428571
0.9285714285714286,1.0
0.9464285714285714,0.9642857142857143
0.8571428571428571,1.0
0.9642857142857143,0.9642857142857143
0.9464285714285714,0.9464285714285714
0.8727272727272727,0.9636363636363636
0.9272727272727272,0.9272727272727272
0.9629629629629629,0.9259259259259259
0.8888888888888888,0.9629629629629629
