Naive Bayes,Nearest Neighbors
0.625,0.9107142857142857
0.6607142857142857,0.9107142857142857
0.5535714285714286,0.8214285714285714
0.6607142857142857,0.9285714285714286
0.6607142857142857,0.9285714285714286
0.7142857142857143,0.9464285714285714
0.75,0.7857142857142857
0.7321428571428571,0.9464285714285714
0.6851851851851852,0.9444444444444444
0.5925925925925926,0.8518518518518519
