Naive Bayes,Nearest Neighbors
0.5892857142857143,0.8214285714285714
0.6964285714285714,0.9642857142857143
0.7142857142857143,0.875
0.6071428571428571,0.875
0.6607142857142857,0.9285714285714286
0.625,0.9464285714285714
0.7678571428571429,0.9642857142857143
0.5714285714285714,0.8928571428571429
0.6851851851851852,0.9814814814814815
0.7407407407407407,0.8888888888888888
