Naive Bayes,Nearest Neighbors
0.639344262295082,0.6229508196721312
0.6557377049180327,0.639344262295082
0.6557377049180327,0.6065573770491803
0.6557377049180327,0.5081967213114754
0.6557377049180327,0.5737704918032787
0.65,0.5833333333333334
0.6271186440677966,0.7288135593220338
0.6440677966101694,0.7796610169491526
0.6440677966101694,0.711864406779661
0.6610169491525424,0.5932203389830508
