Naive Bayes,Nearest Neighbors
0.9285714285714286,0.9642857142857143
0.8571428571428571,1.0
0.875,0.9107142857142857
0.9285714285714286,0.9642857142857143
0.8928571428571429,0.9821428571428571
0.9642857142857143,0.9642857142857143
0.9454545454545454,0.9636363636363636
0.9454545454545454,1.0
0.8888888888888888,0.9444444444444444
0.9259259259259259,0.9814814814814815
