Naive Bayes,Nearest Neighbors
0.9285714285714286,0.9642857142857143
0.9285714285714286,0.9642857142857143
0.8928571428571429,1.0
0.9285714285714286,0.9464285714285714
0.9821428571428571,0.9642857142857143
0.9464285714285714,0.9642857142857143
0.8363636363636363,0.9818181818181818
0.8909090909090909,0.9454545454545454
0.8703703703703703,0.9629629629629629
0.9259259259259259,0.9629629629629629
