Naive Bayes,Nearest Neighbors
0.639344262295082,0.6557377049180327
0.639344262295082,0.7377049180327869
0.6557377049180327,0.6229508196721312
0.6557377049180327,0.7049180327868853
0.6557377049180327,0.7049180327868853
0.65,0.6166666666666667
0.6610169491525424,0.6101694915254238
0.6610169491525424,0.5254237288135594
0.6610169491525424,0.6271186440677966
0.6271186440677966,0.5423728813559322
