Naive Bayes,Nearest Neighbors
0.6557377049180327,0.6557377049180327
0.6557377049180327,0.6885245901639344
0.6229508196721312,0.6885245901639344
0.6229508196721312,0.639344262295082
0.6557377049180327,0.639344262295082
0.65,0.7
0.6440677966101694,0.576271186440678
0.6440677966101694,0.711864406779661
0.6610169491525424,0.559322033898305
0.6610169491525424,0.6101694915254238
