Naive Bayes,Nearest Neighbors
0.6607142857142857,0.9464285714285714
0.6964285714285714,0.8928571428571429
0.6071428571428571,0.9285714285714286
0.6607142857142857,0.9285714285714286
0.6428571428571429,0.875
0.6785714285714286,0.8928571428571429
0.7142857142857143,0.8392857142857143
0.5357142857142857,0.8928571428571429
0.7037037037037037,1.0
0.7592592592592593,0.9074074074074074
