Naive Bayes,Nearest Neighbors
0.6428571428571429,0.8392857142857143
0.7321428571428571,0.9642857142857143
0.6964285714285714,0.8392857142857143
0.6964285714285714,0.8571428571428571
0.6785714285714286,0.9821428571428571
0.5714285714285714,0.8928571428571429
0.75,0.9464285714285714
0.75,0.875
0.6111111111111112,0.9259259259259259
0.5185185185185185,0.8148148148148148
