Naive Bayes,Nearest Neighbors
0.6964285714285714,0.9464285714285714
0.6607142857142857,0.9464285714285714
0.625,0.8928571428571429
0.6428571428571429,0.9285714285714286
0.6071428571428571,0.8928571428571429
0.6964285714285714,0.8214285714285714
0.5892857142857143,0.8928571428571429
0.6785714285714286,0.8392857142857143
0.7407407407407407,0.8703703703703703
0.7222222222222222,0.8703703703703703
