Naive Bayes,Nearest Neighbors
0.6557377049180327,0.6229508196721312
0.6557377049180327,0.6557377049180327
0.6557377049180327,0.7213114754098361
0.6557377049180327,0.6885245901639344
0.6557377049180327,0.639344262295082
0.5833333333333334,0.7666666666666667
0.6440677966101694,0.7457627118644068
0.6101694915254238,0.6949152542372882
0.6271186440677966,0.6610169491525424
0.6610169491525424,0.5084745762711864
