Naive Bayes,Nearest Neighbors
0.6557377049180327,0.6229508196721312
0.6557377049180327,0.639344262295082
0.639344262295082,0.7213114754098361
0.6557377049180327,0.6885245901639344
0.6557377049180327,0.5573770491803278
0.6166666666666667,0.5833333333333334
0.6271186440677966,0.711864406779661
0.6271186440677966,0.6610169491525424
0.6610169491525424,0.6779661016949152
0.6610169491525424,0.711864406779661
