Naive Bayes,Nearest Neighbors
0.9107142857142857,0.9821428571428571
0.8928571428571429,0.9642857142857143
0.9821428571428571,0.9821428571428571
0.9642857142857143,0.9642857142857143
0.9285714285714286,0.9821428571428571
0.9107142857142857,1.0
0.9636363636363636,0.9636363636363636
0.9636363636363636,1.0
0.8703703703703703,1.0
0.8333333333333334,0.9629629629629629
