Naive Bayes,Nearest Neighbors
0.625,0.9464285714285714
0.6785714285714286,0.9464285714285714
0.5178571428571429,0.8214285714285714
0.75,0.9464285714285714
0.5535714285714286,0.9107142857142857
0.75,0.9464285714285714
0.5892857142857143,0.875
0.7321428571428571,0.9285714285714286
0.7222222222222222,0.9444444444444444
0.7407407407407407,0.8703703703703703
