Naive Bayes,Nearest Neighbors
0.9285714285714286,0.9821428571428571
0.9642857142857143,0.9821428571428571
0.8571428571428571,0.9464285714285714
0.9285714285714286,0.9642857142857143
0.9285714285714286,0.9285714285714286
0.8928571428571429,0.9464285714285714
0.9272727272727272,1.0
0.9454545454545454,0.9454545454545454
0.8333333333333334,0.9444444444444444
0.9259259259259259,0.9814814814814815
