Naive Bayes,Nearest Neighbors
0.9285714285714286,1.0
0.9464285714285714,0.9642857142857143
0.875,0.9642857142857143
0.9107142857142857,0.9285714285714286
0.9642857142857143,0.9821428571428571
0.8928571428571429,0.9464285714285714
0.9090909090909091,0.9454545454545454
0.9272727272727272,0.9818181818181818
0.8888888888888888,1.0
0.9074074074074074,0.9629629629629629
