Naive Bayes,Nearest Neighbors
0.6557377049180327,0.5901639344262295
0.6557377049180327,0.6229508196721312
0.639344262295082,0.7540983606557377
0.6557377049180327,0.6229508196721312
0.6557377049180327,0.639344262295082
0.65,0.5666666666666667
0.6440677966101694,0.5423728813559322
0.6610169491525424,0.6949152542372882
0.6610169491525424,0.7966101694915254
0.6440677966101694,0.711864406779661
