Naive Bayes,Nearest Neighbors
0.6557377049180327,0.5737704918032787
0.6557377049180327,0.47540983606557374
0.639344262295082,0.6885245901639344
0.6557377049180327,0.7540983606557377
0.6229508196721312,0.639344262295082
0.6333333333333333,0.6666666666666666
0.6610169491525424,0.6779661016949152
0.6610169491525424,0.7457627118644068
0.6610169491525424,0.576271186440678
0.6610169491525424,0.6271186440677966
