Naive Bayes,Nearest Neighbors
0.7142857142857143,0.8928571428571429
0.6785714285714286,0.8571428571428571
0.7321428571428571,0.9642857142857143
0.5535714285714286,0.8928571428571429
0.625,0.8571428571428571
0.7142857142857143,0.875
0.5892857142857143,0.9464285714285714
0.6964285714285714,0.9464285714285714
0.7037037037037037,0.8333333333333334
0.6481481481481481,0.8518518518518519
