Naive Bayes,Nearest Neighbors
0.6229508196721312,0.6065573770491803
0.6557377049180327,0.7540983606557377
0.6229508196721312,0.5737704918032787
0.6557377049180327,0.6721311475409836
0.6557377049180327,0.5901639344262295
0.6333333333333333,0.65
0.6610169491525424,0.6779661016949152
0.6610169491525424,0.576271186440678
0.6440677966101694,0.6949152542372882
0.6610169491525424,0.6440677966101694
