Naive Bayes,Nearest Neighbors
0.6229508196721312,0.7540983606557377
0.6065573770491803,0.639344262295082
0.6557377049180327,0.6065573770491803
0.6557377049180327,0.5409836065573771
0.6557377049180327,0.6557377049180327
0.6333333333333333,0.6333333333333333
0.6610169491525424,0.6949152542372882
0.6610169491525424,0.6779661016949152
0.6440677966101694,0.6440677966101694
0.6440677966101694,0.7796610169491526
