Naive Bayes,Nearest Neighbors
0.5,0.8571428571428571
0.6428571428571429,0.8392857142857143
0.7321428571428571,0.9464285714285714
0.6964285714285714,0.9107142857142857
0.7321428571428571,0.8928571428571429
0.6607142857142857,0.9107142857142857
0.6964285714285714,0.9285714285714286
0.6964285714285714,0.9285714285714286
0.6851851851851852,0.7777777777777778
0.6111111111111112,0.8518518518518519
