Naive Bayes,Nearest Neighbors
0.7142857142857143,0.9107142857142857
0.5892857142857143,0.8571428571428571
0.7321428571428571,0.8928571428571429
0.6607142857142857,0.9464285714285714
0.6785714285714286,0.8035714285714286
0.6964285714285714,0.9285714285714286
0.625,0.8571428571428571
0.5714285714285714,0.875
0.7407407407407407,0.8888888888888888
0.6481481481481481,0.9259259259259259
