Naive Bayes,Nearest Neighbors
0.6557377049180327,0.6557377049180327
0.6557377049180327,0.5901639344262295
0.639344262295082,0.6885245901639344
0.6557377049180327,0.6557377049180327
0.639344262295082,0.6885245901639344
0.65,0.5666666666666667
0.6440677966101694,0.7796610169491526
0.6610169491525424,0.6779661016949152
0.6440677966101694,0.7288135593220338
0.6440677966101694,0.6779661016949152
