Naive Bayes,Nearest Neighbors
0.625,0.9107142857142857
0.4642857142857143,0.875
0.6785714285714286,0.9285714285714286
0.6785714285714286,0.8571428571428571
0.7142857142857143,0.9642857142857143
0.8214285714285714,0.9285714285714286
0.625,0.875
0.6964285714285714,0.8928571428571429
0.6666666666666666,0.9444444444444444
0.6481481481481481,0.8333333333333334
