Naive Bayes,Nearest Neighbors
0.5737704918032787,0.7868852459016393
0.6557377049180327,0.5409836065573771
0.639344262295082,0.6065573770491803
0.6557377049180327,0.639344262295082
0.6557377049180327,0.6557377049180327
0.65,0.7
0.6610169491525424,0.6101694915254238
0.6440677966101694,0.6440677966101694
0.6610169491525424,0.6101694915254238
0.6610169491525424,0.559322033898305
