Naive Bayes,Nearest Neighbors
0.8214285714285714,0.9821428571428571
0.9464285714285714,0.9821428571428571
0.9285714285714286,0.9464285714285714
0.8928571428571429,0.9285714285714286
0.9464285714285714,0.9642857142857143
0.8928571428571429,0.9821428571428571
0.9454545454545454,1.0
0.9272727272727272,0.9636363636363636
0.8518518518518519,0.9629629629629629
0.9629629629629629,0.9629629629629629
