Naive Bayes,Nearest Neighbors
0.7321428571428571,0.9285714285714286
0.6785714285714286,0.8035714285714286
0.5535714285714286,0.8214285714285714
0.6785714285714286,0.8571428571428571
0.6607142857142857,0.8571428571428571
0.7678571428571429,0.875
0.7321428571428571,0.8928571428571429
0.6428571428571429,0.9285714285714286
0.5555555555555556,0.9074074074074074
0.6296296296296297,0.8518518518518519
