Naive Bayes,Nearest Neighbors
0.6557377049180327,0.7213114754098361
0.6557377049180327,0.639344262295082
0.6557377049180327,0.6065573770491803
0.6557377049180327,0.6721311475409836
0.639344262295082,0.6557377049180327
0.65,0.65
0.6610169491525424,0.7288135593220338
0.6440677966101694,0.6440677966101694
0.6610169491525424,0.6949152542372882
0.6610169491525424,0.6271186440677966
