Naive Bayes,Nearest Neighbors
0.6557377049180327,0.7868852459016393
0.6557377049180327,0.6885245901639344
0.639344262295082,0.5245901639344263
0.6557377049180327,0.5737704918032787
0.6557377049180327,0.6721311475409836
0.5833333333333334,0.6333333333333333
0.6271186440677966,0.7796610169491526
0.6610169491525424,0.6101694915254238
0.6610169491525424,0.6610169491525424
0.6610169491525424,0.7288135593220338
