Naive Bayes,Nearest Neighbors
0.6785714285714286,0.9464285714285714
0.7321428571428571,0.875
0.6071428571428571,0.875
0.6071428571428571,0.8571428571428571
0.6785714285714286,0.8214285714285714
0.7142857142857143,0.9107142857142857
0.6785714285714286,0.9464285714285714
0.5892857142857143,0.8928571428571429
0.5925925925925926,0.9259259259259259
0.7777777777777778,0.9074074074074074
