Naive Bayes,Nearest Neighbors
0.7321428571428571,0.875
0.625,0.9642857142857143
0.7321428571428571,0.9107142857142857
0.75,0.9464285714285714
0.6785714285714286,0.9464285714285714
0.6071428571428571,0.8571428571428571
0.8035714285714286,0.9285714285714286
0.5357142857142857,0.8571428571428571
0.5925925925925926,0.8148148148148148
0.5925925925925926,0.9074074074074074
