Naive Bayes,Nearest Neighbors
0.639344262295082,0.6885245901639344
0.6557377049180327,0.639344262295082
0.639344262295082,0.47540983606557374
0.6557377049180327,0.6557377049180327
0.6065573770491803,0.5409836065573771
0.65,0.75
0.6440677966101694,0.6949152542372882
0.6610169491525424,0.5423728813559322
0.6610169491525424,0.711864406779661
0.6440677966101694,0.6949152542372882
