Naive Bayes,Nearest Neighbors
0.8928571428571429,0.9464285714285714
0.9642857142857143,0.9464285714285714
0.8035714285714286,0.9642857142857143
0.9285714285714286,0.9642857142857143
0.9642857142857143,0.9821428571428571
0.9107142857142857,0.9464285714285714
0.8909090909090909,0.9454545454545454
0.9090909090909091,0.9818181818181818
0.9444444444444444,1.0
0.9259259259259259,0.9259259259259259
