Naive Bayes,Nearest Neighbors
0.8571428571428571,0.9107142857142857
0.8928571428571429,0.9821428571428571
0.9285714285714286,0.9821428571428571
0.8928571428571429,1.0
0.9464285714285714,1.0
0.9107142857142857,0.9642857142857143
0.9090909090909091,0.9818181818181818
0.9272727272727272,0.9636363636363636
0.9444444444444444,0.9629629629629629
0.9444444444444444,0.9814814814814815
