Naive Bayes,Nearest Neighbors
0.6557377049180327,0.6885245901639344
0.6557377049180327,0.7377049180327869
0.6557377049180327,0.6557377049180327
0.6557377049180327,0.6885245901639344
0.6557377049180327,0.6557377049180327
0.6333333333333333,0.5166666666666667
0.6610169491525424,0.5254237288135594
0.5932203389830508,0.6101694915254238
0.6610169491525424,0.6271186440677966
0.6610169491525424,0.711864406779661
