Naive Bayes,Nearest Neighbors
0.6557377049180327,0.6557377049180327
0.6557377049180327,0.7213114754098361
0.639344262295082,0.5245901639344263
0.639344262295082,0.819672131147541
0.6557377049180327,0.7868852459016393
0.65,0.6833333333333333
0.6271186440677966,0.6101694915254238
0.6610169491525424,0.6610169491525424
0.6440677966101694,0.7627118644067796
0.6610169491525424,0.576271186440678
