Naive Bayes,Nearest Neighbors
0.7142857142857143,0.9285714285714286
0.5714285714285714,0.9285714285714286
0.6428571428571429,0.8928571428571429
0.7142857142857143,0.9285714285714286
0.625,0.8928571428571429
0.7678571428571429,0.9107142857142857
0.6964285714285714,0.9464285714285714
0.625,0.8571428571428571
0.5740740740740741,0.8888888888888888
0.6851851851851852,0.8703703703703703
