Naive Bayes,Nearest Neighbors
0.5909090909090909,0.8636363636363636
0.7142857142857143,0.9047619047619048
0.6666666666666666,0.9047619047619048
0.6666666666666666,0.7619047619047619
0.8095238095238095,0.8095238095238095
0.5714285714285714,0.7619047619047619
0.7619047619047619,0.8571428571428571
0.7,0.8
0.75,0.9
0.75,0.8
