Naive Bayes,Nearest Neighbors
0.6818181818181818,0.9090909090909091
0.7142857142857143,0.7619047619047619
0.6190476190476191,0.8571428571428571
0.6190476190476191,0.8571428571428571
0.5238095238095238,0.9523809523809523
0.7142857142857143,0.8095238095238095
0.6666666666666666,0.7619047619047619
0.8,0.7
0.75,0.85
0.65,0.75
