Naive Bayes,Nearest Neighbors
0.7727272727272727,0.8181818181818182
0.7142857142857143,0.9047619047619048
0.5714285714285714,0.8095238095238095
0.7142857142857143,0.8571428571428571
0.6666666666666666,0.8571428571428571
0.6190476190476191,0.7142857142857143
0.7142857142857143,0.7619047619047619
0.7,0.8
0.45,0.9
0.7,0.8
