Naive Bayes,Nearest Neighbors
0.5909090909090909,0.7727272727272727
0.6666666666666666,0.8571428571428571
0.7619047619047619,0.8095238095238095
0.7619047619047619,0.9047619047619048
0.7619047619047619,0.6666666666666666
0.7619047619047619,0.7619047619047619
0.7142857142857143,0.9047619047619048
0.65,0.8
0.55,0.8
0.7,0.85
