Naive Bayes,Nearest Neighbors
0.7272727272727273,0.8181818181818182
0.7619047619047619,0.8095238095238095
0.47619047619047616,0.8095238095238095
0.5714285714285714,0.7619047619047619
0.6666666666666666,0.8095238095238095
0.6666666666666666,0.7142857142857143
0.7619047619047619,0.8095238095238095
0.6,0.85
0.85,0.95
0.65,0.85
