Naive Bayes,Nearest Neighbors
0.7272727272727273,0.7727272727272727
0.42857142857142855,0.8095238095238095
0.9047619047619048,0.9047619047619048
0.8571428571428571,0.8095238095238095
0.7619047619047619,0.9523809523809523
0.5238095238095238,0.8095238095238095
0.5714285714285714,0.9047619047619048
0.75,0.8
0.75,0.75
0.6,0.8
