Naive Bayes,Nearest Neighbors
0.45454545454545453,0.9090909090909091
0.6666666666666666,0.8571428571428571
0.6666666666666666,0.8095238095238095
0.7142857142857143,0.8095238095238095
0.7619047619047619,0.7619047619047619
0.7619047619047619,0.8095238095238095
0.6190476190476191,0.8095238095238095
0.75,0.75
0.8,0.75
0.6,0.75
