Naive Bayes,Nearest Neighbors
0.8181818181818182,0.8636363636363636
0.6190476190476191,0.9047619047619048
0.6190476190476191,0.9047619047619048
0.7142857142857143,0.9047619047619048
0.5714285714285714,0.8095238095238095
0.5714285714285714,0.7142857142857143
0.7619047619047619,0.9047619047619048
0.65,0.65
0.8,0.8
0.7,0.8
