Naive Bayes,Nearest Neighbors
0.5909090909090909,0.5909090909090909
0.5714285714285714,0.8095238095238095
0.7142857142857143,0.8095238095238095
0.8571428571428571,0.42857142857142855
0.7142857142857143,0.6190476190476191
0.6190476190476191,0.47619047619047616
0.6190476190476191,0.6666666666666666
0.85,0.6
0.1,0.35
0.4,0.65
