Naive Bayes,Nearest Neighbors
0.45454545454545453,0.7727272727272727
0.7142857142857143,0.7619047619047619
0.7619047619047619,0.7619047619047619
0.7619047619047619,0.8095238095238095
0.7142857142857143,0.7619047619047619
0.7619047619047619,0.9523809523809523
0.5714285714285714,0.8095238095238095
0.7,0.9
0.75,0.85
0.7,0.9
