Naive Bayes,Nearest Neighbors
0.7272727272727273,0.8181818181818182
0.5238095238095238,0.8571428571428571
0.7142857142857143,0.7142857142857143
0.7142857142857143,0.7619047619047619
0.7142857142857143,0.8095238095238095
0.5714285714285714,0.8095238095238095
0.7619047619047619,0.7619047619047619
0.55,0.9
0.75,0.75
0.7,0.9
