Naive Bayes,Nearest Neighbors
0.5,0.8181818181818182
0.6190476190476191,0.7142857142857143
0.7619047619047619,0.7619047619047619
0.7619047619047619,0.7619047619047619
0.8571428571428571,0.9047619047619048
0.7142857142857143,0.9523809523809523
0.7142857142857143,0.9047619047619048
0.5,0.8
0.7,0.8
0.7,0.85
