Naive Bayes,Nearest Neighbors
0.5909090909090909,0.8636363636363636
0.6190476190476191,0.7619047619047619
0.8571428571428571,0.9047619047619048
0.47619047619047616,0.7619047619047619
0.7619047619047619,0.8571428571428571
0.7142857142857143,0.7619047619047619
0.7142857142857143,0.8095238095238095
0.55,0.9
0.8,0.8
0.65,0.75
