Naive Bayes,Nearest Neighbors
0.5454545454545454,0.8636363636363636
0.7142857142857143,0.7619047619047619
0.7142857142857143,0.6666666666666666
0.7142857142857143,0.8571428571428571
0.6190476190476191,0.9047619047619048
0.5714285714285714,0.7619047619047619
0.7619047619047619,0.8571428571428571
0.65,0.85
0.6,0.8
0.7,0.8
