Naive Bayes,Nearest Neighbors
0.6818181818181818,0.8181818181818182
0.7619047619047619,0.8095238095238095
0.7619047619047619,0.7619047619047619
0.6190476190476191,0.7619047619047619
0.5714285714285714,0.9523809523809523
0.7619047619047619,0.7619047619047619
0.6190476190476191,0.7619047619047619
0.8,0.9
0.6,0.75
0.65,0.85
