Naive Bayes,Nearest Neighbors
0.6818181818181818,0.7727272727272727
0.6666666666666666,0.7619047619047619
0.6190476190476191,0.8095238095238095
0.6666666666666666,0.8571428571428571
0.7142857142857143,0.9047619047619048
0.7142857142857143,0.7619047619047619
0.8095238095238095,0.8571428571428571
0.7,0.9
0.5,0.85
0.65,0.7
