Naive Bayes,Nearest Neighbors
0.5,0.6363636363636364
0.8571428571428571,0.9523809523809523
0.5238095238095238,0.7619047619047619
0.5714285714285714,0.7619047619047619
0.7142857142857143,0.9047619047619048
0.7619047619047619,0.8571428571428571
0.7619047619047619,0.9047619047619048
0.75,0.85
0.65,0.6
0.85,0.8
