Naive Bayes,Nearest Neighbors
0.6363636363636364,0.6818181818181818
0.7619047619047619,0.9047619047619048
0.7142857142857143,0.8571428571428571
0.5238095238095238,0.6190476190476191
0.6666666666666666,0.6190476190476191
0.5714285714285714,0.8571428571428571
0.7142857142857143,0.8095238095238095
0.55,0.8
0.7,0.9
0.9,0.75
