Naive Bayes,Nearest Neighbors
0.7272727272727273,0.7727272727272727
0.6190476190476191,0.7619047619047619
0.6190476190476191,0.8571428571428571
0.7142857142857143,0.8571428571428571
0.7619047619047619,0.9523809523809523
0.5714285714285714,0.8571428571428571
0.7142857142857143,0.7619047619047619
0.8,0.8
0.55,0.75
0.7,0.9
