Naive Bayes,Nearest Neighbors
0.8947368421052632,0.6842105263157895
0.8888888888888888,0.5555555555555556
1.0,0.7222222222222222
0.9444444444444444,0.6666666666666666
0.9444444444444444,0.6666666666666666
1.0,0.6666666666666666
1.0,0.7222222222222222
0.9444444444444444,0.7777777777777778
1.0,0.8823529411764706
1.0,0.875
