Naive Bayes,Nearest Neighbors
1.0,0.6842105263157895
1.0,0.5555555555555556
1.0,0.7777777777777778
1.0,0.8333333333333334
0.9444444444444444,0.6111111111111112
1.0,0.7222222222222222
0.9444444444444444,0.6666666666666666
0.9444444444444444,0.6111111111111112
1.0,0.7647058823529411
0.9375,0.625
