Naive Bayes,Nearest Neighbors
0.9473684210526315,0.6842105263157895
1.0,0.6666666666666666
1.0,0.7777777777777778
0.9444444444444444,0.6666666666666666
1.0,0.6666666666666666
1.0,0.6666666666666666
0.9444444444444444,0.7777777777777778
1.0,0.7222222222222222
0.8823529411764706,0.47058823529411764
1.0,0.8125
