Naive Bayes,Nearest Neighbors
0.9473684210526315,0.7368421052631579
1.0,0.6666666666666666
1.0,0.7777777777777778
1.0,0.7222222222222222
0.9444444444444444,0.7777777777777778
1.0,0.8333333333333334
1.0,0.6666666666666666
1.0,0.5555555555555556
1.0,0.8823529411764706
0.9375,0.625
