Naive Bayes,Nearest Neighbors
1.0,0.7894736842105263
0.8888888888888888,0.6111111111111112
0.9444444444444444,0.7777777777777778
1.0,0.7222222222222222
1.0,0.6666666666666666
1.0,0.8888888888888888
1.0,0.7777777777777778
1.0,0.6111111111111112
0.9411764705882353,0.5882352941176471
0.9375,0.75
