Naive Bayes,Nearest Neighbors
1.0,0.5789473684210527
1.0,0.7222222222222222
1.0,0.8333333333333334
1.0,0.6666666666666666
0.9444444444444444,0.7777777777777778
0.8888888888888888,0.6666666666666666
1.0,0.7222222222222222
1.0,0.6111111111111112
0.8823529411764706,0.7647058823529411
1.0,0.6875
