Naive Bayes,Nearest Neighbors
0.9473684210526315,0.6842105263157895
0.9444444444444444,0.8888888888888888
1.0,0.7777777777777778
0.9444444444444444,0.5555555555555556
0.9444444444444444,0.6111111111111112
1.0,0.5555555555555556
0.9444444444444444,0.7222222222222222
0.9444444444444444,0.6111111111111112
1.0,0.8235294117647058
1.0,0.8125
