Naive Bayes,Nearest Neighbors
0.9473684210526315,0.5789473684210527
0.8888888888888888,0.6111111111111112
1.0,0.7777777777777778
0.9444444444444444,0.6666666666666666
0.9444444444444444,0.8888888888888888
1.0,0.7777777777777778
1.0,0.5
0.9444444444444444,0.7222222222222222
1.0,0.7058823529411765
1.0,0.75
