Naive Bayes,Nearest Neighbors
1.0,0.7
1.0,1.0
1.0,0.8
1.0,0.7
1.0,0.9
1.0,0.5
0.9,0.5
1.0,0.6
1.0,0.7777777777777778
1.0,0.7777777777777778
1.0,0.7777777777777778
0.875,0.625
0.875,0.625
1.0,0.625
1.0,0.75
1.0,0.75
1.0,1.0
1.0,0.5
0.875,0.875
1.0,0.7142857142857143
