Naive Bayes,Nearest Neighbors
0.9473684210526315,0.6842105263157895
1.0,0.6111111111111112
1.0,0.7222222222222222
1.0,0.7777777777777778
1.0,0.7222222222222222
0.9444444444444444,0.5555555555555556
1.0,0.8888888888888888
1.0,0.6666666666666666
0.9411764705882353,0.6470588235294118
1.0,0.8125
