Naive Bayes,Nearest Neighbors
1.0,0.7894736842105263
0.9444444444444444,0.8888888888888888
0.9444444444444444,0.6666666666666666
1.0,0.6666666666666666
1.0,0.8333333333333334
1.0,0.7222222222222222
0.9444444444444444,0.6666666666666666
1.0,0.6666666666666666
0.8823529411764706,0.7058823529411765
0.9375,0.5625
