Naive Bayes,Nearest Neighbors
1.0,0.7368421052631579
1.0,0.7777777777777778
1.0,0.7777777777777778
1.0,0.9444444444444444
1.0,0.6111111111111112
1.0,0.6111111111111112
0.9444444444444444,0.6666666666666666
0.9444444444444444,0.5555555555555556
0.8823529411764706,0.7058823529411765
1.0,0.6875
