Naive Bayes,Nearest Neighbors
1.0,0.9473684210526315
1.0,0.6666666666666666
1.0,0.7222222222222222
1.0,0.7777777777777778
1.0,0.8333333333333334
0.8888888888888888,0.8333333333333334
0.9444444444444444,0.5
0.9444444444444444,0.6111111111111112
0.9411764705882353,0.6470588235294118
0.9375,0.625
