Naive Bayes,Nearest Neighbors
1.0,0.47368421052631576
1.0,0.6111111111111112
0.8888888888888888,0.8333333333333334
1.0,0.7222222222222222
1.0,0.7777777777777778
1.0,0.6666666666666666
0.9444444444444444,0.7222222222222222
0.9444444444444444,0.7222222222222222
1.0,0.5882352941176471
1.0,0.875
