Naive Bayes,Nearest Neighbors
1.0,0.6
1.0,0.7
1.0,0.7
0.8,0.5
0.9,0.6
0.9,0.5
1.0,0.8
1.0,0.9
1.0,0.7777777777777778
1.0,0.6666666666666666
1.0,0.8888888888888888
1.0,0.75
0.875,0.75
1.0,0.75
1.0,0.625
1.0,0.875
1.0,0.75
1.0,0.75
1.0,0.875
1.0,0.5714285714285714
