Naive Bayes,Nearest Neighbors
1.0,0.5
1.0,0.7
1.0,0.6
1.0,0.9
0.7,0.7
1.0,0.9
1.0,0.8
1.0,0.7
1.0,0.6666666666666666
1.0,0.6666666666666666
1.0,0.6666666666666666
1.0,0.625
1.0,0.75
1.0,0.625
1.0,0.875
1.0,0.375
0.875,0.75
0.875,0.75
1.0,0.875
1.0,0.5714285714285714
