Naive Bayes,Nearest Neighbors
1.0,0.8421052631578947
1.0,0.7222222222222222
1.0,0.8333333333333334
0.9444444444444444,0.5
1.0,0.5555555555555556
1.0,0.7222222222222222
0.8888888888888888,0.6666666666666666
0.9444444444444444,0.6666666666666666
1.0,0.8235294117647058
0.9375,0.75
