Naive Bayes,Nearest Neighbors
0.8947368421052632,0.631578947368421
1.0,0.7222222222222222
1.0,0.7222222222222222
0.9444444444444444,0.8333333333333334
0.9444444444444444,0.7777777777777778
1.0,0.7222222222222222
1.0,0.8333333333333334
1.0,0.5555555555555556
1.0,0.7647058823529411
1.0,0.75
