Naive Bayes,Nearest Neighbors
1.0,0.9
1.0,0.8
1.0,0.7
1.0,0.8
1.0,0.8
1.0,0.6
1.0,0.5
1.0,0.6
0.8888888888888888,0.6666666666666666
0.8888888888888888,0.8888888888888888
1.0,0.6666666666666666
1.0,0.75
0.875,0.5
1.0,0.875
0.875,0.875
1.0,0.75
0.875,0.5
1.0,0.75
1.0,0.875
1.0,0.8571428571428571
