Naive Bayes,Nearest Neighbors
1.0,0.8
1.0,0.7
1.0,0.8
1.0,0.9
1.0,0.9
1.0,0.5
0.9,0.8
1.0,0.4
1.0,0.8888888888888888
1.0,0.8888888888888888
1.0,0.4444444444444444
0.875,0.375
1.0,0.875
1.0,1.0
1.0,0.75
0.875,0.5
1.0,0.875
1.0,0.625
0.875,0.5
0.8571428571428571,0.7142857142857143
