Naive Bayes,Nearest Neighbors
0.9142857142857143,0.9285714285714286
0.9571428571428572,0.9428571428571428
0.9857142857142858,1.0
0.9285714285714286,0.9428571428571428
0.9714285714285714,0.9571428571428572
0.9571428571428572,0.9714285714285714
0.9428571428571428,0.9285714285714286
0.9714285714285714,0.9857142857142858
0.9714285714285714,0.9857142857142858
0.9420289855072463,0.927536231884058
