Naive Bayes,Nearest Neighbors
0.9571428571428572,0.9571428571428572
0.9428571428571428,0.9428571428571428
0.9285714285714286,0.9285714285714286
0.9714285714285714,0.9571428571428572
0.9714285714285714,0.9428571428571428
0.9571428571428572,0.9857142857142858
0.9285714285714286,0.9428571428571428
0.9428571428571428,0.9571428571428572
0.9714285714285714,0.9714285714285714
0.9710144927536232,0.9710144927536232
