Naive Bayes,Nearest Neighbors
0.34,0.9133333333333333
0.31543624161073824,0.9328859060402684
0.31543624161073824,0.9328859060402684
0.38513513513513514,0.9527027027027027
0.2972972972972973,0.9527027027027027
0.30405405405405406,0.9324324324324325
0.3581081081081081,0.9459459459459459
0.30405405405405406,0.9662162162162162
0.14864864864864866,0.9459459459459459
0.35135135135135137,0.9391891891891891
