Naive Bayes,Nearest Neighbors
0.36,0.9333333333333333
0.4161073825503356,0.9194630872483222
0.30201342281879195,0.9395973154362416
0.16216216216216217,0.9459459459459459
0.33783783783783783,0.9324324324324325
0.31756756756756754,0.9527027027027027
0.32432432432432434,0.9594594594594594
0.3310810810810811,0.972972972972973
0.31756756756756754,0.9256756756756757
0.35135135135135137,0.9121621621621622
