Naive Bayes,Nearest Neighbors
0.3,0.9333333333333333
0.2953020134228188,0.9261744966442953
0.3825503355704698,0.9328859060402684
0.14864864864864866,0.9391891891891891
0.3310810810810811,0.9391891891891891
0.3310810810810811,0.9594594594594594
0.35135135135135137,0.9324324324324325
0.36486486486486486,0.9459459459459459
0.33783783783783783,0.9864864864864865
0.32432432432432434,0.9527027027027027
