Naive Bayes,Nearest Neighbors
0.4066666666666667,0.94
0.4228187919463087,0.9664429530201343
0.3221476510067114,0.9463087248322147
0.3581081081081081,0.9594594594594594
0.28378378378378377,0.9256756756756757
0.1554054054054054,0.9459459459459459
0.30405405405405406,0.9459459459459459
0.2972972972972973,0.9391891891891891
0.33783783783783783,0.9527027027027027
0.3108108108108108,0.8986486486486487
