Naive Bayes,Nearest Neighbors
0.34,0.96
0.2751677852348993,0.9395973154362416
0.3691275167785235,0.9664429530201343
0.41216216216216217,0.918918918918919
0.31756756756756754,0.9324324324324325
0.3581081081081081,0.9256756756756757
0.27702702702702703,0.9256756756756757
0.30405405405405406,0.9324324324324325
0.1891891891891892,0.9594594594594594
0.3108108108108108,0.9594594594594594
