Naive Bayes,Nearest Neighbors
0.38,0.9133333333333333
0.37583892617449666,0.9463087248322147
0.1342281879194631,0.9530201342281879
0.30405405405405406,0.9459459459459459
0.3310810810810811,0.9391891891891891
0.40540540540540543,0.9459459459459459
0.30405405405405406,0.9527027027027027
0.30405405405405406,0.9391891891891891
0.34459459459459457,0.9391891891891891
0.3108108108108108,0.9459459459459459
