Naive Bayes,Nearest Neighbors
0.32666666666666666,0.9466666666666667
0.3221476510067114,0.959731543624161
0.1476510067114094,0.9328859060402684
0.34459459459459457,0.9459459459459459
0.3108108108108108,0.9594594594594594
0.31756756756756754,0.9527027027027027
0.3310810810810811,0.9121621621621622
0.31756756756756754,0.9459459459459459
0.30405405405405406,0.9391891891891891
0.3918918918918919,0.9459459459459459
