Naive Bayes,Nearest Neighbors
0.34,0.9466666666666667
0.33557046979865773,0.9463087248322147
0.1610738255033557,0.9530201342281879
0.35135135135135137,0.9391891891891891
0.3108108108108108,0.9527027027027027
0.39864864864864863,0.9527027027027027
0.33783783783783783,0.9391891891891891
0.34459459459459457,0.9459459459459459
0.3108108108108108,0.9256756756756757
0.34459459459459457,0.9256756756756757
