Naive Bayes,Nearest Neighbors
0.37333333333333335,0.9066666666666666
0.33557046979865773,0.9395973154362416
0.30201342281879195,0.9463087248322147
0.14189189189189189,0.9391891891891891
0.27702702702702703,0.9594594594594594
0.32432432432432434,0.9594594594594594
0.38513513513513514,0.9594594594594594
0.36486486486486486,0.9459459459459459
0.3310810810810811,0.9324324324324325
0.34459459459459457,0.9594594594594594
