Naive Bayes,Nearest Neighbors
0.38,0.9333333333333333
0.3288590604026846,0.9463087248322147
0.26174496644295303,0.959731543624161
0.35135135135135137,0.9121621621621622
0.14189189189189189,0.9391891891891891
0.27702702702702703,0.9662162162162162
0.3783783783783784,0.9527027027027027
0.35135135135135137,0.9594594594594594
0.3310810810810811,0.9391891891891891
0.33783783783783783,0.9459459459459459
