Naive Bayes,Nearest Neighbors
0.31333333333333335,0.94
0.18791946308724833,0.9194630872483222
0.348993288590604,0.9530201342281879
0.38513513513513514,0.9121621621621622
0.33783783783783783,0.9324324324324325
0.33783783783783783,0.9459459459459459
0.2702702702702703,0.9121621621621622
0.28378378378378377,0.9459459459459459
0.3716216216216216,0.972972972972973
0.33783783783783783,0.9594594594594594
