Naive Bayes,Nearest Neighbors
0.2866666666666667,0.9466666666666667
0.33557046979865773,0.9395973154362416
0.1476510067114094,0.9463087248322147
0.31756756756756754,0.9324324324324325
0.36486486486486486,0.9527027027027027
0.3310810810810811,0.9459459459459459
0.33783783783783783,0.9256756756756757
0.35135135135135137,0.9391891891891891
0.36486486486486486,0.9256756756756757
0.2702702702702703,0.9662162162162162
