Naive Bayes,Nearest Neighbors
0.36,0.9333333333333333
0.3422818791946309,0.9530201342281879
0.28187919463087246,0.9463087248322147
0.38513513513513514,0.9256756756756757
0.2635135135135135,0.9594594594594594
0.2702702702702703,0.9594594594594594
0.42567567567567566,0.9527027027027027
0.34459459459459457,0.9324324324324325
0.3108108108108108,0.9324324324324325
0.12837837837837837,0.9391891891891891
