Naive Bayes,Nearest Neighbors
0.28,0.9466666666666667
0.348993288590604,0.959731543624161
0.3288590604026846,0.9328859060402684
0.3108108108108108,0.9527027027027027
0.3310810810810811,0.9594594594594594
0.3310810810810811,0.9256756756756757
0.14864864864864866,0.8986486486486487
0.36486486486486486,0.9527027027027027
0.33783783783783783,0.9391891891891891
0.3310810810810811,0.9459459459459459
