Naive Bayes,Nearest Neighbors
0.29333333333333333,0.9133333333333333
0.3825503355704698,0.9463087248322147
0.33557046979865773,0.959731543624161
0.34459459459459457,0.972972972972973
0.19594594594594594,0.9459459459459459
0.2702702702702703,0.9054054054054054
0.30405405405405406,0.9256756756756757
0.3716216216216216,0.9662162162162162
0.3783783783783784,0.9256756756756757
0.31756756756756754,0.9527027027027027
