Naive Bayes,Nearest Neighbors
0.26,0.9333333333333333
0.37583892617449666,0.9395973154362416
0.3422818791946309,0.9328859060402684
0.2972972972972973,0.9594594594594594
0.36486486486486486,0.9662162162162162
0.3310810810810811,0.9459459459459459
0.34459459459459457,0.9527027027027027
0.3581081081081081,0.9391891891891891
0.3783783783783784,0.9256756756756757
0.12162162162162163,0.9459459459459459
