Naive Bayes,Nearest Neighbors
0.3333333333333333,0.94
0.3624161073825503,0.9530201342281879
0.1476510067114094,0.9328859060402684
0.35135135135135137,0.9527027027027027
0.3108108108108108,0.9121621621621622
0.3310810810810811,0.9459459459459459
0.3310810810810811,0.9256756756756757
0.2905405405405405,0.9527027027027027
0.38513513513513514,0.918918918918919
0.28378378378378377,0.972972972972973
