Naive Bayes,Nearest Neighbors
0.3933333333333333,0.9333333333333333
0.3691275167785235,0.9395973154362416
0.2953020134228188,0.959731543624161
0.31756756756756754,0.972972972972973
0.23648648648648649,0.9391891891891891
0.32432432432432434,0.9256756756756757
0.3581081081081081,0.9256756756756757
0.34459459459459457,0.9662162162162162
0.16216216216216217,0.9256756756756757
0.3783783783783784,0.9459459459459459
