Naive Bayes,Nearest Neighbors
0.35333333333333333,0.94
0.14093959731543623,0.9530201342281879
0.3087248322147651,0.9463087248322147
0.43243243243243246,0.9459459459459459
0.36486486486486486,0.9391891891891891
0.3716216216216216,0.9527027027027027
0.2905405405405405,0.9256756756756757
0.3783783783783784,0.9256756756756757
0.2972972972972973,0.9324324324324325
0.28378378378378377,0.9662162162162162
