Naive Bayes,Nearest Neighbors
0.32666666666666666,0.9466666666666667
0.3422818791946309,0.959731543624161
0.3087248322147651,0.9463087248322147
0.3310810810810811,0.972972972972973
0.27702702702702703,0.918918918918919
0.3581081081081081,0.9391891891891891
0.31756756756756754,0.9121621621621622
0.33783783783783783,0.9594594594594594
0.4189189189189189,0.9256756756756757
0.17567567567567569,0.9324324324324325
