Naive Bayes,Nearest Neighbors
0.32666666666666666,0.9266666666666666
0.31543624161073824,0.9328859060402684
0.35570469798657717,0.9261744966442953
0.3108108108108108,0.9324324324324325
0.36486486486486486,0.9391891891891891
0.33783783783783783,0.9594594594594594
0.32432432432432434,0.9527027027027027
0.14189189189189189,0.9527027027027027
0.3716216216216216,0.9594594594594594
0.2702702702702703,0.9391891891891891
